[2026-06-03 15:46:12] __main__ [INFO] [main:63] ============================================================
[2026-06-03 15:46:12] __main__ [INFO] [main:64] Fire Robot starting up
[2026-06-03 15:46:12] __main__ [INFO] [main:65] ============================================================
[2026-06-03 15:46:12] core.orchestrator [DEBUG] [_load_config:60] Orchestrator: loading config | path=configs/config.json
[2026-06-03 15:46:12] core.orchestrator [INFO] [_load_config:63] Orchestrator: config loaded successfully
[2026-06-03 15:46:12] core.orchestrator [DEBUG] [_init_manager:78] Orchestrator: initializing multiprocessing manager
[2026-06-03 15:46:12] core.orchestrator [DEBUG] [_init_state:90] Orchestrator: initializing SystemState | mode=surveillance
[2026-06-03 15:46:12] core.orchestrator [INFO] [_init_notifier:105] Orchestrator: NotificationService constructed
[2026-06-03 15:46:12] core.orchestrator [INFO] [start:120] Orchestrator: starting system | spawning all processes
[2026-06-03 15:46:12] notify.notification_service [INFO] [_log_notification:173] [orchestrator] NOTIFY | event=system_started | severity=info | payload={'mode': 'surveillance'}
[2026-06-03 15:46:13] notify.notification_service [INFO] [_ensure_connected:85] NotificationService: DB connection established
[2026-06-03 15:46:13] core.orchestrator [INFO] [start:146] Orchestrator: SenseProcess started
[2026-06-03 15:46:13] sense.sensor_fuser [INFO] [start:73] SensorFuser: starting
[2026-06-03 15:46:13] core.orchestrator [INFO] [start:148] Orchestrator: SeeProcess started
[2026-06-03 15:46:13] sense.sensor_fuser [INFO] [start:78] SensorFuser: spawned 2 sensor threads
[2026-06-03 15:46:13] sense.sensors.sensor_base [DEBUG] [poll:164] Sensor heat_grid: poll_result | physical=[[25.5, 25.75, 24.0, 22.0, 22.0, 21.75, 22.75, 22.0], [25.5, 23.25, 22.25, 22.0, 22.25, 22.25, 21.75, 22.0], [23.0, 22.5, 22.0, 21.75, 22.25, 21.75, 21.5, 21.5], [23.5, 22.75, 22.5, 22.5, 22.25, 21.75, 22.0, 22.0], [23.75, 22.75, 22.25, 22.25, 22.0, 21.75, 22.25, 22.75], [22.75, 22.75, 22.0, 22.0, 22.0, 21.5, 22.0, 22.0], [23.0, 22.75, 22.5, 21.75, 22.0, 21.5, 21.75, 21.75], [22.5, 22.5, 21.75, 21.75, 21.5, 21.75, 21.25, 21.75]] C | normalized=0.322 | threshold_hit=False
[2026-06-03 15:46:13] sense.sensors.sensor_base [DEBUG] [poll:164] Sensor smoke: poll_result | physical=7.376283842613144e-08 ppm | normalized=0.000 | threshold_hit=False
[2026-06-03 15:46:13] core.orchestrator [INFO] [start:150] Orchestrator: ThinkProcess started
[2026-06-03 15:46:13] core.orchestrator [INFO] [start:152] Orchestrator: ActProcess started
[2026-06-03 15:46:13] __main__ [INFO] [main:97] Flask API listening on port 5000
[2026-06-03 15:46:13] picamera2.picamera2 [INFO] [_initialize_camera:555] Initialization successful.
[2026-06-03 15:46:13] picamera2.picamera2 [INFO] [_open_camera:577] Camera now open.
[2026-06-03 15:46:13] picamera2.picamera2 [DEBUG] [__init__:357] <libcamera._libcamera.CameraManager object at 0x7ffeb2f1b070>
[2026-06-03 15:46:13] picamera2.picamera2 [DEBUG] [configure_:1212] Requesting configuration: {'use_case': 'preview', 'transform': <libcamera.Transform 'identity'>, 'colour_space': <libcamera.ColorSpace 'sYCC'>, 'buffer_count': 4, 'queue': True, 'main': {'format': 'RGB888', 'size': (640, 480), 'preserve_ar': True, 'stride': 1920, 'framesize': 921600}, 'lores': None, 'raw': {'format': 'RGGB_PISP_COMP1', 'size': (2028, 1520), 'stride': 2048, 'framesize': 3112960}, 'controls': {'NoiseReductionMode': <NoiseReductionModeEnum.Minimal: 3>, 'FrameDurationLimits': (100, 83333), 'FrameRate': 30}, 'sensor': {'bit_depth': 10, 'output_size': (2028, 1520)}, 'display': 'main', 'encode': 'main'}
[2026-06-03 15:46:13] picamera2.picamera2 [INFO] [configure_:1216] Camera configuration has been adjusted!
[2026-06-03 15:46:13] picamera2.picamera2 [INFO] [configure_:1221] Configuration successful!
[2026-06-03 15:46:13] picamera2.picamera2 [DEBUG] [configure_:1222] Final configuration: {'use_case': 'preview', 'transform': <libcamera.Transform 'identity'>, 'colour_space': <libcamera.ColorSpace 'sYCC'>, 'buffer_count': 4, 'queue': True, 'main': {'format': 'RGB888', 'size': (640, 480), 'preserve_ar': True, 'stride': 1920, 'framesize': 921600}, 'lores': None, 'raw': {'format': 'RGGB_PISP_COMP1', 'size': (2028, 1520), 'stride': 2048, 'framesize': 3112960}, 'controls': {'NoiseReductionMode': <NoiseReductionModeEnum.Minimal: 3>, 'FrameDurationLimits': (100, 83333), 'FrameRate': 30}, 'sensor': {'bit_depth': 10, 'output_size': (2028, 1520)}, 'display': 'main', 'encode': 'main'}
[2026-06-03 15:46:13] picamera2.picamera2 [DEBUG] [configure_:1236] Streams: {'main': <libcamera._libcamera.Stream object at 0x7ffe95fc8870>, 'lores': None, 'raw': <libcamera._libcamera.Stream object at 0x7ffe95fc88b0>}
[2026-06-03 15:46:13] picamera2 [DEBUG] [allocate:70] Allocated 4 buffers for stream 0 with fds [44, 47, 50, 53]
[2026-06-03 15:46:13] picamera2 [DEBUG] [allocate:70] Allocated 4 buffers for stream 1 with fds [56, 59, 62, 65]
[2026-06-03 15:46:13] act.act_engine [INFO] [start:63] ActEngine: starting
[2026-06-03 15:46:13] act.actuator_parser [INFO] [build_actuators:57] ActuatorParser: built pump 'pump'
[2026-06-03 15:46:13] think.think_engine [INFO] [start:33] ThinkEngine: starting
[2026-06-03 15:46:13] think.database.think_database [DEBUG] [connect:46] Database: connect attempt 1/3
[2026-06-03 15:46:13] act.actuator_parser [INFO] [build_actuators:57] ActuatorParser: built arm 'arm'
[2026-06-03 15:46:13] act.act_engine [INFO] [start:67] ActEngine: built actuators ['pump', 'arm']
[2026-06-03 15:46:13] act.actuators.arm_controller [DEBUG] [_tracking_loop:147] ArmController arm: tracking loop entered
[2026-06-03 15:46:13] picamera2.picamera2 [INFO] [start_:1323] Camera started
[2026-06-03 15:46:13] act.actuators.arm_controller [INFO] [activate:95] ArmController arm: tracking thread started
[2026-06-03 15:46:13] werkzeug [INFO] [_log:97] [31m[1mWARNING: This is a development server. Do not use it in a production deployment. Use a production WSGI server instead.[0m
 * Running on all addresses (0.0.0.0)
 * Running on http://127.0.0.1:5000
 * Running on http://10.166.110.122:5000
[2026-06-03 15:46:13] werkzeug [INFO] [_log:97] [33mPress CTRL+C to quit[0m
[2026-06-03 15:46:14] think.database.think_database [INFO] [connect:56] Database: connected successfully
[2026-06-03 15:46:14] think.think_engine [INFO] [start:39] ThinkEngine: database connected
[2026-06-03 15:46:14] think.think_engine [DEBUG] [_load_model:801] ThinkEngine: loading model | active_model=xgboost
[2026-06-03 15:46:14] think.ml.xgboost_model [DEBUG] [load:95] XGBoostModel: loading model | path=model_weights/
[2026-06-03 15:46:14] think.ml.xgboost_model [ERROR] [load:100] XGBoostModel: load failed - XGBoostError: [15:46:14] /__w/xgboost/xgboost/src/common/io.cc:144: Opening model_weights//xgboost_model.json failed: No such file or directory
Stack trace:
  [bt] (0) /home/mj/Desktop/fyp_env/lib/python3.13/site-packages/xgboost/lib/libxgboost.so(+0x22fff4) [0x7ffe9641fff4]
  [bt] (1) /home/mj/Desktop/fyp_env/lib/python3.13/site-packages/xgboost/lib/libxgboost.so(+0x30c9c0) [0x7ffe964fc9c0]
  [bt] (2) /home/mj/Desktop/fyp_env/lib/python3.13/site-packages/xgboost/lib/libxgboost.so(+0x1909bc) [0x7ffe963809bc]
  [bt] (3) /home/mj/Desktop/fyp_env/lib/python3.13/site-packages/xgboost/lib/libxgboost.so(XGBoosterLoadModel+0xa0) [0x7ffe96380e30]
  [bt] (4) /lib/aarch64-linux-gnu/libffi.so.8(+0x6a94) [0x7ffee0546a94]
  [bt] (5) /lib/aarch64-linux-gnu/libffi.so.8(+0x6088) [0x7ffee0546088]
  [bt] (6) /usr/lib/python3.13/lib-dynload/_ctypes.cpython-313-aarch64-linux-gnu.so(+0x12df0) [0x7ffee0032df0]
  [bt] (7) /usr/lib/python3.13/lib-dynload/_ctypes.cpython-313-aarch64-linux-gnu.so(+0x113d8) [0x7ffee00313d8]
  [bt] (8) /home/mj/Desktop/fyp_env/bin/python(_PyObject_MakeTpCall+0x278) [0x4a5680]

Traceback (most recent call last):
  File "/home/mj/Desktop/fire_robot/src/think/ml/xgboost_model.py", line 97, in load
    self._model.load_model(f"{path}/xgboost_model.json")
    ~~~~~~~~~~~~~~~~~~~~~~^^^^^^^^^^^^^^^^^^^^^^^^^^^^^^
  File "/home/mj/Desktop/fyp_env/lib/python3.13/site-packages/xgboost/sklearn.py", line 1125, in load_model
    self.get_booster().load_model(fname)
    ~~~~~~~~~~~~~~~~~~~~~~~~~~~~~^^^^^^^
  File "/home/mj/Desktop/fyp_env/lib/python3.13/site-packages/xgboost/core.py", line 3050, in load_model
    _check_call(_LIB.XGBoosterLoadModel(self.handle, c_str(fname)))
    ~~~~~~~~~~~^^^^^^^^^^^^^^^^^^^^^^^^^^^^^^^^^^^^^^^^^^^^^^^^^^^^
  File "/home/mj/Desktop/fyp_env/lib/python3.13/site-packages/xgboost/core.py", line 324, in _check_call
    raise XGBoostError(py_str(_LIB.XGBGetLastError()))
xgboost.core.XGBoostError: [15:46:14] /__w/xgboost/xgboost/src/common/io.cc:144: Opening model_weights//xgboost_model.json failed: No such file or directory
Stack trace:
  [bt] (0) /home/mj/Desktop/fyp_env/lib/python3.13/site-packages/xgboost/lib/libxgboost.so(+0x22fff4) [0x7ffe9641fff4]
  [bt] (1) /home/mj/Desktop/fyp_env/lib/python3.13/site-packages/xgboost/lib/libxgboost.so(+0x30c9c0) [0x7ffe964fc9c0]
  [bt] (2) /home/mj/Desktop/fyp_env/lib/python3.13/site-packages/xgboost/lib/libxgboost.so(+0x1909bc) [0x7ffe963809bc]
  [bt] (3) /home/mj/Desktop/fyp_env/lib/python3.13/site-packages/xgboost/lib/libxgboost.so(XGBoosterLoadModel+0xa0) [0x7ffe96380e30]
  [bt] (4) /lib/aarch64-linux-gnu/libffi.so.8(+0x6a94) [0x7ffee0546a94]
  [bt] (5) /lib/aarch64-linux-gnu/libffi.so.8(+0x6088) [0x7ffee0546088]
  [bt] (6) /usr/lib/python3.13/lib-dynload/_ctypes.cpython-313-aarch64-linux-gnu.so(+0x12df0) [0x7ffee0032df0]
  [bt] (7) /usr/lib/python3.13/lib-dynload/_ctypes.cpython-313-aarch64-linux-gnu.so(+0x113d8) [0x7ffee00313d8]
  [bt] (8) /home/mj/Desktop/fyp_env/bin/python(_PyObject_MakeTpCall+0x278) [0x4a5680]


[2026-06-03 15:46:14] think.think_engine [WARNING] [_load_model:819] ThinkEngine: model weights not found or invalid — forcing training mode | reason=Failed to load model: [15:46:14] /__w/xgboost/xgboost/src/common/io.cc:144: Opening model_weights//xgboost_model.json failed: No such file or directory
Stack trace:
  [bt] (0) /home/mj/Desktop/fyp_env/lib/python3.13/site-packages/xgboost/lib/libxgboost.so(+0x22fff4) [0x7ffe9641fff4]
  [bt] (1) /home/mj/Desktop/fyp_env/lib/python3.13/site-packages/xgboost/lib/libxgboost.so(+0x30c9c0) [0x7ffe964fc9c0]
  [bt] (2) /home/mj/Desktop/fyp_env/lib/python3.13/site-packages/xgboost/lib/libxgboost.so(+0x1909bc) [0x7ffe963809bc]
  [bt] (3) /home/mj/Desktop/fyp_env/lib/python3.13/site-packages/xgboost/lib/libxgboost.so(XGBoosterLoadModel+0xa0) [0x7ffe96380e30]
  [bt] (4) /lib/aarch64-linux-gnu/libffi.so.8(+0x6a94) [0x7ffee0546a94]
  [bt] (5) /lib/aarch64-linux-gnu/libffi.so.8(+0x6088) [0x7ffee0546088]
  [bt] (6) /usr/lib/python3.13/lib-dynload/_ctypes.cpython-313-aarch64-linux-gnu.so(+0x12df0) [0x7ffee0032df0]
  [bt] (7) /usr/lib/python3.13/lib-dynload/_ctypes.cpython-313-aarch64-linux-gnu.so(+0x113d8) [0x7ffee00313d8]
  [bt] (8) /home/mj/Desktop/fyp_env/bin/python(_PyObject_MakeTpCall+0x278) [0x4a5680]


[2026-06-03 15:46:14] think.think_engine [WARNING] [_load_model:827] ThinkEngine: system was in 'surveillance' mode — switching to training mode because no model weights exist
[2026-06-03 15:46:14] notify.notification_service [WARNING] [_log_notification:171] [think] NOTIFY | event=model_load_failed | severity=warn | payload={'model': 'xgboost', 'error': 'Failed to load model: [15:46:14] /__w/xgboost/xgboost/src/common/io.cc:144: Opening model_weights//xgboost_model.json failed: No such file or directory\nStack trace:\n  [bt] (0) /home/mj/Desktop/fyp_env/lib/python3.13/site-packages/xgboost/lib/libxgboost.so(+0x22fff4) [0x7ffe9641fff4]\n  [bt] (1) /home/mj/Desktop/fyp_env/lib/python3.13/site-packages/xgboost/lib/libxgboost.so(+0x30c9c0) [0x7ffe964fc9c0]\n  [bt] (2) /home/mj/Desktop/fyp_env/lib/python3.13/site-packages/xgboost/lib/libxgboost.so(+0x1909bc) [0x7ffe963809bc]\n  [bt] (3) /home/mj/Desktop/fyp_env/lib/python3.13/site-packages/xgboost/lib/libxgboost.so(XGBoosterLoadModel+0xa0) [0x7ffe96380e30]\n  [bt] (4) /lib/aarch64-linux-gnu/libffi.so.8(+0x6a94) [0x7ffee0546a94]\n  [bt] (5) /lib/aarch64-linux-gnu/libffi.so.8(+0x6088) [0x7ffee0546088]\n  [bt] (6) /usr/lib/python3.13/lib-dynload/_ctypes.cpython-313-aarch64-linux-gnu.so(+0x12df0) [0x7ffee0032df0]\n  [bt] (7) /usr/lib/python3.13/lib-dynload/_ctypes.cpython-313-aarch64-linux-gnu.so(+0x113d8) [0x7ffee00313d8]\n  [bt] (8) /home/mj/Desktop/fyp_env/bin/python(_PyObject_MakeTpCall+0x278) [0x4a5680]\n\n', 'action': 'forced training mode — collect data and train'}
[2026-06-03 15:46:14] think.think_engine [INFO] [start:67] ThinkEngine: started | mode=training | model=none (training mode)
[2026-06-03 15:46:17] werkzeug [INFO] [_log:97] 127.0.0.1 - - [03/Jun/2026 15:46:17] "GET /api/state HTTP/1.1" 200 -
[2026-06-03 15:46:23] sense.sensors.sensor_base [DEBUG] [poll:164] Sensor heat_grid: poll_result | physical=[[25.5, 25.5, 24.25, 21.75, 21.75, 21.5, 22.25, 22.0], [25.25, 23.25, 21.75, 21.75, 21.75, 21.5, 22.25, 21.25], [23.0, 22.0, 22.0, 21.5, 22.25, 21.75, 21.0, 21.5], [23.25, 22.25, 21.75, 21.5, 21.5, 21.75, 21.75, 21.25], [22.75, 22.5, 21.5, 21.75, 21.5, 21.25, 22.0, 21.5], [22.0, 22.0, 21.75, 21.75, 21.25, 21.5, 21.25, 22.0], [22.0, 22.25, 21.5, 21.25, 21.25, 21.0, 21.25, 21.25], [21.75, 23.25, 21.75, 21.75, 21.75, 21.25, 21.5, 21.75]] C | normalized=0.319 | threshold_hit=False
[2026-06-03 15:46:23] sense.sensors.sensor_base [DEBUG] [poll:164] Sensor smoke: poll_result | physical=7.376283842613144e-08 ppm | normalized=0.000 | threshold_hit=False
[2026-06-03 15:46:28] werkzeug [INFO] [_log:97] 127.0.0.1 - - [03/Jun/2026 15:46:28] "GET /api/state HTTP/1.1" 200 -
[2026-06-03 15:46:33] sense.sensors.sensor_base [DEBUG] [poll:164] Sensor heat_grid: poll_result | physical=[[24.75, 24.75, 23.25, 21.0, 21.25, 20.75, 21.5, 21.0], [24.75, 22.5, 20.75, 20.5, 20.5, 20.0, 20.75, 20.25], [22.0, 21.0, 20.5, 20.5, 20.5, 20.0, 20.5, 20.5], [22.0, 21.25, 20.75, 20.25, 20.25, 20.5, 20.75, 20.5], [21.5, 21.25, 20.0, 20.75, 20.25, 20.25, 21.0, 21.0], [21.25, 21.5, 21.0, 20.5, 20.5, 20.0, 20.5, 21.0], [21.0, 20.75, 21.0, 20.25, 20.5, 20.5, 20.5, 20.0], [21.5, 21.75, 20.5, 20.0, 20.75, 20.5, 20.5, 20.75]] C | normalized=0.309 | threshold_hit=False
[2026-06-03 15:46:33] sense.sensors.sensor_base [DEBUG] [poll:164] Sensor smoke: poll_result | physical=7.376283842613144e-08 ppm | normalized=0.000 | threshold_hit=False
[2026-06-03 15:46:43] sense.sensors.sensor_base [DEBUG] [poll:164] Sensor heat_grid: poll_result | physical=[[24.25, 23.75, 22.0, 20.25, 20.75, 20.25, 20.75, 20.75], [23.5, 21.75, 20.5, 20.25, 20.0, 19.75, 20.5, 20.25], [21.25, 20.75, 20.25, 20.25, 20.75, 20.0, 20.25, 19.5], [21.75, 21.0, 20.25, 20.0, 20.25, 20.0, 20.0, 19.75], [21.5, 21.5, 20.25, 20.25, 20.25, 19.75, 20.5, 20.5], [21.5, 21.0, 20.5, 20.25, 20.25, 20.25, 19.75, 20.5], [21.25, 21.0, 20.5, 20.25, 20.25, 20.25, 19.75, 20.25], [21.0, 21.25, 20.25, 20.25, 20.25, 20.5, 20.25, 20.5]] C | normalized=0.303 | threshold_hit=False
[2026-06-03 15:46:43] sense.sensors.sensor_base [DEBUG] [poll:164] Sensor smoke: poll_result | physical=7.376283842613144e-08 ppm | normalized=0.000 | threshold_hit=False
[2026-06-03 15:46:53] sense.sensors.sensor_base [DEBUG] [poll:164] Sensor heat_grid: poll_result | physical=[[24.75, 25.25, 22.0, 20.75, 21.5, 21.0, 21.5, 21.25], [24.5, 22.75, 21.25, 21.5, 21.25, 21.25, 21.25, 20.75], [22.25, 21.5, 21.0, 21.25, 21.0, 20.75, 21.0, 20.75], [22.0, 21.75, 21.25, 21.0, 21.25, 21.0, 21.0, 20.5], [22.5, 22.25, 21.0, 21.0, 21.0, 20.5, 21.0, 21.5], [22.0, 22.0, 20.75, 20.75, 21.0, 20.75, 21.0, 21.0], [22.0, 21.25, 21.25, 21.25, 21.0, 20.75, 21.25, 21.0], [21.25, 22.0, 20.75, 21.25, 21.0, 20.75, 21.0, 21.5]] C | normalized=0.316 | threshold_hit=False
[2026-06-03 15:46:53] sense.sensors.sensor_base [DEBUG] [poll:164] Sensor smoke: poll_result | physical=7.376283842613144e-08 ppm | normalized=0.000 | threshold_hit=False
[2026-06-03 15:47:01] werkzeug [INFO] [_log:97] 127.0.0.1 - - [03/Jun/2026 15:47:01] "OPTIONS /api/camera/toggle HTTP/1.1" 200 -
[2026-06-03 15:47:01] werkzeug [INFO] [_log:97] 127.0.0.1 - - [03/Jun/2026 15:47:01] "POST /api/camera/toggle HTTP/1.1" 200 -
[2026-06-03 15:47:01] picamera2.picamera2 [DEBUG] [process_requests:1459] Execute job: <picamera2.job.Job object at 0x7ffe95fcc050>
[2026-06-03 15:47:01] picamera2.picamera2 [DEBUG] [process_requests:1459] Execute job: <picamera2.job.Job object at 0x7ffe95f66990>
[2026-06-03 15:47:01] picamera2.picamera2 [DEBUG] [process_requests:1459] Execute job: <picamera2.job.Job object at 0x7ffe95f66ad0>
[2026-06-03 15:47:01] picamera2.picamera2 [DEBUG] [process_requests:1459] Execute job: <picamera2.job.Job object at 0x7ffe95f51cd0>
[2026-06-03 15:47:01] picamera2.picamera2 [DEBUG] [process_requests:1459] Execute job: <picamera2.job.Job object at 0x7ffe95f51a70>
[2026-06-03 15:47:01] picamera2.picamera2 [DEBUG] [process_requests:1459] Execute job: <picamera2.job.Job object at 0x7ffe95f3ee70>
[2026-06-03 15:47:01] werkzeug [INFO] [_log:97] 127.0.0.1 - - [03/Jun/2026 15:47:01] "GET /api/camera/snapshot?t=1780490821270 HTTP/1.1" 200 -
[2026-06-03 15:47:01] picamera2.picamera2 [DEBUG] [process_requests:1459] Execute job: <picamera2.job.Job object at 0x7ffe95f0bf00>
[2026-06-03 15:47:01] picamera2.picamera2 [DEBUG] [process_requests:1459] Execute job: <picamera2.job.Job object at 0x7ffe95fdc050>
[2026-06-03 15:47:01] picamera2.picamera2 [DEBUG] [process_requests:1459] Execute job: <picamera2.job.Job object at 0x7ffe96117750>
[2026-06-03 15:47:01] picamera2.picamera2 [DEBUG] [process_requests:1459] Execute job: <picamera2.job.Job object at 0x7ffe96117950>
[2026-06-03 15:47:01] picamera2.picamera2 [DEBUG] [process_requests:1459] Execute job: <picamera2.job.Job object at 0x7ffe95fadc70>
[2026-06-03 15:47:01] picamera2.picamera2 [DEBUG] [process_requests:1459] Execute job: <picamera2.job.Job object at 0x7ffe95fade50>
[2026-06-03 15:47:01] picamera2.picamera2 [DEBUG] [process_requests:1459] Execute job: <picamera2.job.Job object at 0x7ffe95f79550>
[2026-06-03 15:47:01] werkzeug [INFO] [_log:97] 127.0.0.1 - - [03/Jun/2026 15:47:01] "GET /api/camera/snapshot?t=1780490821427 HTTP/1.1" 200 -
[2026-06-03 15:47:01] picamera2.picamera2 [DEBUG] [process_requests:1459] Execute job: <picamera2.job.Job object at 0x7ffe95f78f30>
[2026-06-03 15:47:01] picamera2.picamera2 [DEBUG] [process_requests:1459] Execute job: <picamera2.job.Job object at 0x7ffe95f4f520>
[2026-06-03 15:47:01] picamera2.picamera2 [DEBUG] [process_requests:1459] Execute job: <picamera2.job.Job object at 0x7ffe95f74590>
[2026-06-03 15:47:01] picamera2.picamera2 [DEBUG] [process_requests:1459] Execute job: <picamera2.job.Job object at 0x7ffe95f747d0>
[2026-06-03 15:47:01] werkzeug [INFO] [_log:97] 127.0.0.1 - - [03/Jun/2026 15:47:01] "GET /api/camera/snapshot?t=1780490821571 HTTP/1.1" 200 -
[2026-06-03 15:47:01] picamera2.picamera2 [DEBUG] [process_requests:1459] Execute job: <picamera2.job.Job object at 0x7ffe9604b8b0>
[2026-06-03 15:47:01] picamera2.picamera2 [DEBUG] [process_requests:1459] Execute job: <picamera2.job.Job object at 0x7ffe9604b8b0>
[2026-06-03 15:47:01] picamera2.picamera2 [DEBUG] [process_requests:1459] Execute job: <picamera2.job.Job object at 0x7ffe95fb3ed0>
[2026-06-03 15:47:01] picamera2.picamera2 [DEBUG] [process_requests:1459] Execute job: <picamera2.job.Job object at 0x7ffe95fb3d90>
[2026-06-03 15:47:01] werkzeug [INFO] [_log:97] 127.0.0.1 - - [03/Jun/2026 15:47:01] "GET /api/camera/snapshot?t=1780490821270 HTTP/1.1" 200 -
[2026-06-03 15:47:01] werkzeug [INFO] [_log:97] 127.0.0.1 - - [03/Jun/2026 15:47:01] "GET /api/camera/snapshot?t=1780490821427 HTTP/1.1" 200 -
[2026-06-03 15:47:01] picamera2.picamera2 [DEBUG] [process_requests:1459] Execute job: <picamera2.job.Job object at 0x7ffe960e7b60>
[2026-06-03 15:47:01] werkzeug [INFO] [_log:97] 127.0.0.1 - - [03/Jun/2026 15:47:01] "GET /api/camera/snapshot?t=1780490821722 HTTP/1.1" 200 -
[2026-06-03 15:47:01] picamera2.picamera2 [DEBUG] [process_requests:1459] Execute job: <picamera2.job.Job object at 0x7ffe95f71550>
[2026-06-03 15:47:01] picamera2.picamera2 [DEBUG] [process_requests:1459] Execute job: <picamera2.job.Job object at 0x7ffe95f71550>
[2026-06-03 15:47:01] picamera2.picamera2 [DEBUG] [process_requests:1459] Execute job: <picamera2.job.Job object at 0x7ffe95f71550>
[2026-06-03 15:47:02] werkzeug [INFO] [_log:97] 127.0.0.1 - - [03/Jun/2026 15:47:02] "GET /api/camera/snapshot?t=1780490821571 HTTP/1.1" 200 -
[2026-06-03 15:47:02] picamera2.picamera2 [DEBUG] [process_requests:1459] Execute job: <picamera2.job.Job object at 0x7ffe95f71550>
[2026-06-03 15:47:02] picamera2.picamera2 [DEBUG] [process_requests:1459] Execute job: <picamera2.job.Job object at 0x7ffe95f71550>
[2026-06-03 15:47:02] werkzeug [INFO] [_log:97] 127.0.0.1 - - [03/Jun/2026 15:47:02] "GET /api/camera/snapshot?t=1780490821872 HTTP/1.1" 200 -
[2026-06-03 15:47:02] picamera2.picamera2 [DEBUG] [process_requests:1459] Execute job: <picamera2.job.Job object at 0x7ffe95f71550>
[2026-06-03 15:47:02] picamera2.picamera2 [DEBUG] [process_requests:1459] Execute job: <picamera2.job.Job object at 0x7ffe95f71550>
[2026-06-03 15:47:02] picamera2.picamera2 [DEBUG] [process_requests:1459] Execute job: <picamera2.job.Job object at 0x7ffe95f71550>
[2026-06-03 15:47:02] werkzeug [INFO] [_log:97] 127.0.0.1 - - [03/Jun/2026 15:47:02] "GET /api/camera/snapshot?t=1780490822024 HTTP/1.1" 200 -
[2026-06-03 15:47:02] picamera2.picamera2 [DEBUG] [process_requests:1459] Execute job: <picamera2.job.Job object at 0x7ffe95f71550>
[2026-06-03 15:47:02] picamera2.picamera2 [DEBUG] [process_requests:1459] Execute job: <picamera2.job.Job object at 0x7ffe95f71550>
[2026-06-03 15:47:02] picamera2.picamera2 [DEBUG] [process_requests:1459] Execute job: <picamera2.job.Job object at 0x7ffe95f71550>
[2026-06-03 15:47:02] picamera2.picamera2 [DEBUG] [process_requests:1459] Execute job: <picamera2.job.Job object at 0x7ffe95f71550>
[2026-06-03 15:47:02] werkzeug [INFO] [_log:97] 127.0.0.1 - - [03/Jun/2026 15:47:02] "GET /api/camera/snapshot?t=1780490821722 HTTP/1.1" 200 -
[2026-06-03 15:47:02] picamera2.picamera2 [DEBUG] [process_requests:1459] Execute job: <picamera2.job.Job object at 0x7ffe95f71550>
[2026-06-03 15:47:02] picamera2.picamera2 [DEBUG] [process_requests:1459] Execute job: <picamera2.job.Job object at 0x7ffe95f71550>
[2026-06-03 15:47:02] werkzeug [INFO] [_log:97] 127.0.0.1 - - [03/Jun/2026 15:47:02] "GET /api/camera/snapshot?t=1780490822171 HTTP/1.1" 200 -
[2026-06-03 15:47:02] picamera2.picamera2 [DEBUG] [process_requests:1459] Execute job: <picamera2.job.Job object at 0x7ffe95f71550>
[2026-06-03 15:47:02] picamera2.picamera2 [DEBUG] [process_requests:1459] Execute job: <picamera2.job.Job object at 0x7ffe95f71550>
[2026-06-03 15:47:02] picamera2.picamera2 [DEBUG] [process_requests:1459] Execute job: <picamera2.job.Job object at 0x7ffe95f71550>
[2026-06-03 15:47:02] werkzeug [INFO] [_log:97] 127.0.0.1 - - [03/Jun/2026 15:47:02] "GET /api/camera/snapshot?t=1780490822024 HTTP/1.1" 200 -
[2026-06-03 15:47:02] picamera2.picamera2 [DEBUG] [process_requests:1459] Execute job: <picamera2.job.Job object at 0x7ffe95f71550>
[2026-06-03 15:47:02] werkzeug [INFO] [_log:97] 127.0.0.1 - - [03/Jun/2026 15:47:02] "GET /api/camera/snapshot?t=1780490822320 HTTP/1.1" 200 -
[2026-06-03 15:47:02] werkzeug [INFO] [_log:97] 127.0.0.1 - - [03/Jun/2026 15:47:02] "GET /api/camera/snapshot?t=1780490821872 HTTP/1.1" 200 -
[2026-06-03 15:47:02] picamera2.picamera2 [DEBUG] [process_requests:1459] Execute job: <picamera2.job.Job object at 0x7ffe95f71550>
[2026-06-03 15:47:02] picamera2.picamera2 [DEBUG] [process_requests:1459] Execute job: <picamera2.job.Job object at 0x7ffe95f71550>
[2026-06-03 15:47:02] picamera2.picamera2 [DEBUG] [process_requests:1459] Execute job: <picamera2.job.Job object at 0x7ffe95f71550>
[2026-06-03 15:47:02] picamera2.picamera2 [DEBUG] [process_requests:1459] Execute job: <picamera2.job.Job object at 0x7ffe95f71550>
[2026-06-03 15:47:02] werkzeug [INFO] [_log:97] 127.0.0.1 - - [03/Jun/2026 15:47:02] "GET /api/camera/snapshot?t=1780490822470 HTTP/1.1" 200 -
[2026-06-03 15:47:02] picamera2.picamera2 [DEBUG] [process_requests:1459] Execute job: <picamera2.job.Job object at 0x7ffe95f71550>
[2026-06-03 15:47:02] werkzeug [INFO] [_log:97] 127.0.0.1 - - [03/Jun/2026 15:47:02] "GET /api/camera/snapshot?t=1780490822171 HTTP/1.1" 200 -
[2026-06-03 15:47:02] picamera2.picamera2 [DEBUG] [process_requests:1459] Execute job: <picamera2.job.Job object at 0x7ffe95f71550>
[2026-06-03 15:47:02] picamera2.picamera2 [DEBUG] [process_requests:1459] Execute job: <picamera2.job.Job object at 0x7ffe95f71550>
[2026-06-03 15:47:02] picamera2.picamera2 [DEBUG] [process_requests:1459] Execute job: <picamera2.job.Job object at 0x7ffe95f71550>
[2026-06-03 15:47:02] picamera2.picamera2 [DEBUG] [process_requests:1459] Execute job: <picamera2.job.Job object at 0x7ffe95f71550>
[2026-06-03 15:47:02] werkzeug [INFO] [_log:97] 127.0.0.1 - - [03/Jun/2026 15:47:02] "GET /api/camera/snapshot?t=1780490822320 HTTP/1.1" 200 -
[2026-06-03 15:47:02] werkzeug [INFO] [_log:97] 127.0.0.1 - - [03/Jun/2026 15:47:02] "GET /api/camera/snapshot?t=1780490822620 HTTP/1.1" 200 -
[2026-06-03 15:47:02] picamera2.picamera2 [DEBUG] [process_requests:1459] Execute job: <picamera2.job.Job object at 0x7ffe95f71550>
[2026-06-03 15:47:02] picamera2.picamera2 [DEBUG] [process_requests:1459] Execute job: <picamera2.job.Job object at 0x7ffe95f71550>
[2026-06-03 15:47:02] picamera2.picamera2 [DEBUG] [process_requests:1459] Execute job: <picamera2.job.Job object at 0x7ffe95f71550>
[2026-06-03 15:47:02] picamera2.picamera2 [DEBUG] [process_requests:1459] Execute job: <picamera2.job.Job object at 0x7ffe95f71550>
[2026-06-03 15:47:02] werkzeug [INFO] [_log:97] 127.0.0.1 - - [03/Jun/2026 15:47:02] "GET /api/camera/snapshot?t=1780490822770 HTTP/1.1" 200 -
[2026-06-03 15:47:02] picamera2.picamera2 [DEBUG] [process_requests:1459] Execute job: <picamera2.job.Job object at 0x7ffe95f71550>
[2026-06-03 15:47:02] werkzeug [INFO] [_log:97] 127.0.0.1 - - [03/Jun/2026 15:47:02] "GET /api/camera/snapshot?t=1780490822470 HTTP/1.1" 200 -
[2026-06-03 15:47:02] picamera2.picamera2 [DEBUG] [process_requests:1459] Execute job: <picamera2.job.Job object at 0x7ffe95f71550>
[2026-06-03 15:47:03] picamera2.picamera2 [DEBUG] [process_requests:1459] Execute job: <picamera2.job.Job object at 0x7ffe95f71550>
[2026-06-03 15:47:03] picamera2.picamera2 [DEBUG] [process_requests:1459] Execute job: <picamera2.job.Job object at 0x7ffe95f71550>
[2026-06-03 15:47:03] picamera2.picamera2 [DEBUG] [process_requests:1459] Execute job: <picamera2.job.Job object at 0x7ffe95f71550>
[2026-06-03 15:47:03] werkzeug [INFO] [_log:97] 127.0.0.1 - - [03/Jun/2026 15:47:03] "GET /api/camera/snapshot?t=1780490822922 HTTP/1.1" 200 -
[2026-06-03 15:47:03] picamera2.picamera2 [DEBUG] [process_requests:1459] Execute job: <picamera2.job.Job object at 0x7ffe95f71550>
[2026-06-03 15:47:03] picamera2.picamera2 [DEBUG] [process_requests:1459] Execute job: <picamera2.job.Job object at 0x7ffe95f71550>
[2026-06-03 15:47:03] picamera2.picamera2 [DEBUG] [process_requests:1459] Execute job: <picamera2.job.Job object at 0x7ffe95f71550>
[2026-06-03 15:47:03] picamera2.picamera2 [DEBUG] [process_requests:1459] Execute job: <picamera2.job.Job object at 0x7ffe95f71550>
[2026-06-03 15:47:03] picamera2.picamera2 [DEBUG] [process_requests:1459] Execute job: <picamera2.job.Job object at 0x7ffe95f71550>
[2026-06-03 15:47:03] werkzeug [INFO] [_log:97] 127.0.0.1 - - [03/Jun/2026 15:47:03] "GET /api/camera/snapshot?t=1780490822620 HTTP/1.1" 200 -
[2026-06-03 15:47:03] picamera2.picamera2 [DEBUG] [process_requests:1459] Execute job: <picamera2.job.Job object at 0x7ffe95f71550>
[2026-06-03 15:47:03] picamera2.picamera2 [DEBUG] [process_requests:1459] Execute job: <picamera2.job.Job object at 0x7ffe95f71550>
[2026-06-03 15:47:03] picamera2.picamera2 [DEBUG] [process_requests:1459] Execute job: <picamera2.job.Job object at 0x7ffe95f71550>
[2026-06-03 15:47:03] werkzeug [INFO] [_log:97] 127.0.0.1 - - [03/Jun/2026 15:47:03] "GET /api/camera/snapshot?t=1780490822770 HTTP/1.1" 200 -
[2026-06-03 15:47:03] picamera2.picamera2 [DEBUG] [process_requests:1459] Execute job: <picamera2.job.Job object at 0x7ffe95f71550>
[2026-06-03 15:47:03] werkzeug [INFO] [_log:97] 127.0.0.1 - - [03/Jun/2026 15:47:03] "GET /api/camera/snapshot?t=1780490823221 HTTP/1.1" 200 -
[2026-06-03 15:47:03] picamera2.picamera2 [DEBUG] [process_requests:1459] Execute job: <picamera2.job.Job object at 0x7ffe95f71550>
[2026-06-03 15:47:03] picamera2.picamera2 [DEBUG] [process_requests:1459] Execute job: <picamera2.job.Job object at 0x7ffe95f71550>
[2026-06-03 15:47:03] werkzeug [INFO] [_log:97] 127.0.0.1 - - [03/Jun/2026 15:47:03] "GET /api/camera/snapshot?t=1780490822922 HTTP/1.1" 200 -
[2026-06-03 15:47:03] picamera2.picamera2 [DEBUG] [process_requests:1459] Execute job: <picamera2.job.Job object at 0x7ffe95f71550>
[2026-06-03 15:47:03] picamera2.picamera2 [DEBUG] [process_requests:1459] Execute job: <picamera2.job.Job object at 0x7ffe95f71550>
[2026-06-03 15:47:03] picamera2.picamera2 [DEBUG] [process_requests:1459] Execute job: <picamera2.job.Job object at 0x7ffe95f71550>
[2026-06-03 15:47:03] werkzeug [INFO] [_log:97] 127.0.0.1 - - [03/Jun/2026 15:47:03] "GET /api/camera/snapshot?t=1780490823371 HTTP/1.1" 200 -
[2026-06-03 15:47:03] sense.sensors.sensor_base [DEBUG] [poll:164] Sensor heat_grid: poll_result | physical=[[23.5, 23.75, 21.0, 19.75, 20.25, 20.0, 20.5, 20.0], [24.0, 21.25, 20.25, 20.25, 20.25, 20.0, 20.25, 19.5], [21.0, 20.0, 19.75, 19.75, 20.0, 19.5, 19.25, 19.25], [21.0, 20.5, 20.25, 20.0, 20.0, 19.5, 19.75, 19.75], [20.75, 21.0, 20.0, 20.0, 20.0, 19.75, 19.75, 20.0], [20.75, 20.5, 19.75, 19.25, 19.75, 19.5, 19.75, 20.0], [20.75, 20.75, 20.25, 19.25, 20.25, 19.5, 20.0, 19.75], [20.75, 21.25, 19.75, 20.0, 19.75, 20.0, 19.5, 20.0]] C | normalized=0.300 | threshold_hit=False
[2026-06-03 15:47:03] picamera2.picamera2 [DEBUG] [process_requests:1459] Execute job: <picamera2.job.Job object at 0x7ffe95f71550>
[2026-06-03 15:47:03] sense.sensors.sensor_base [DEBUG] [poll:164] Sensor smoke: poll_result | physical=7.376283842613144e-08 ppm | normalized=0.000 | threshold_hit=False
[2026-06-03 15:47:03] werkzeug [INFO] [_log:97] 127.0.0.1 - - [03/Jun/2026 15:47:03] "GET /api/camera/snapshot?t=1780490823070 HTTP/1.1" 200 -
[2026-06-03 15:47:03] picamera2.picamera2 [DEBUG] [process_requests:1459] Execute job: <picamera2.job.Job object at 0x7ffe95f71550>
[2026-06-03 15:47:03] picamera2.picamera2 [DEBUG] [process_requests:1459] Execute job: <picamera2.job.Job object at 0x7ffe95f71550>
[2026-06-03 15:47:03] picamera2.picamera2 [DEBUG] [process_requests:1459] Execute job: <picamera2.job.Job object at 0x7ffe95f71550>
[2026-06-03 15:47:03] werkzeug [INFO] [_log:97] 127.0.0.1 - - [03/Jun/2026 15:47:03] "GET /api/camera/snapshot?t=1780490823520 HTTP/1.1" 200 -
[2026-06-03 15:47:03] picamera2.picamera2 [DEBUG] [process_requests:1459] Execute job: <picamera2.job.Job object at 0x7ffe95f71550>
[2026-06-03 15:47:03] werkzeug [INFO] [_log:97] 127.0.0.1 - - [03/Jun/2026 15:47:03] "GET /api/camera/snapshot?t=1780490823221 HTTP/1.1" 200 -
[2026-06-03 15:47:03] picamera2.picamera2 [DEBUG] [process_requests:1459] Execute job: <picamera2.job.Job object at 0x7ffe95f71550>
[2026-06-03 15:47:03] picamera2.picamera2 [DEBUG] [process_requests:1459] Execute job: <picamera2.job.Job object at 0x7ffe95f71550>
[2026-06-03 15:47:03] picamera2.picamera2 [DEBUG] [process_requests:1459] Execute job: <picamera2.job.Job object at 0x7ffe95f71550>
[2026-06-03 15:47:03] picamera2.picamera2 [DEBUG] [process_requests:1459] Execute job: <picamera2.job.Job object at 0x7ffe95f71550>
[2026-06-03 15:47:03] picamera2.picamera2 [DEBUG] [process_requests:1459] Execute job: <picamera2.job.Job object at 0x7ffe95f71550>
[2026-06-03 15:47:03] picamera2.picamera2 [DEBUG] [process_requests:1459] Execute job: <picamera2.job.Job object at 0x7ffe95f71550>
[2026-06-03 15:47:03] picamera2.picamera2 [DEBUG] [process_requests:1459] Execute job: <picamera2.job.Job object at 0x7ffe95f71550>
[2026-06-03 15:47:03] picamera2.picamera2 [DEBUG] [process_requests:1459] Execute job: <picamera2.job.Job object at 0x7ffe95f71550>
[2026-06-03 15:47:04] picamera2.picamera2 [DEBUG] [process_requests:1459] Execute job: <picamera2.job.Job object at 0x7ffe95f71550>
[2026-06-03 15:47:04] picamera2.picamera2 [DEBUG] [process_requests:1459] Execute job: <picamera2.job.Job object at 0x7ffe95f71550>
[2026-06-03 15:47:04] werkzeug [INFO] [_log:97] 127.0.0.1 - - [03/Jun/2026 15:47:04] "GET /api/camera/snapshot?t=1780490823070 HTTP/1.1" 200 -
[2026-06-03 15:47:04] werkzeug [INFO] [_log:97] 127.0.0.1 - - [03/Jun/2026 15:47:04] "GET /api/camera/snapshot?t=1780490823824 HTTP/1.1" 200 -
[2026-06-03 15:47:04] werkzeug [INFO] [_log:97] 127.0.0.1 - - [03/Jun/2026 15:47:04] "GET /api/camera/snapshot?t=1780490823971 HTTP/1.1" 200 -
[2026-06-03 15:47:04] picamera2.picamera2 [DEBUG] [process_requests:1459] Execute job: <picamera2.job.Job object at 0x7ffe95f71550>
[2026-06-03 15:47:04] picamera2.picamera2 [DEBUG] [process_requests:1459] Execute job: <picamera2.job.Job object at 0x7ffe95f71550>
[2026-06-03 15:47:04] werkzeug [INFO] [_log:97] 127.0.0.1 - - [03/Jun/2026 15:47:04] "GET /api/camera/snapshot?t=1780490823520 HTTP/1.1" 200 -
[2026-06-03 15:47:04] picamera2.picamera2 [DEBUG] [process_requests:1459] Execute job: <picamera2.job.Job object at 0x7ffe95f71550>
[2026-06-03 15:47:04] werkzeug [INFO] [_log:97] 127.0.0.1 - - [03/Jun/2026 15:47:04] "GET /api/camera/snapshot?t=1780490823670 HTTP/1.1" 200 -
[2026-06-03 15:47:04] picamera2.picamera2 [DEBUG] [process_requests:1459] Execute job: <picamera2.job.Job object at 0x7ffe95f71550>
[2026-06-03 15:47:04] picamera2.picamera2 [DEBUG] [process_requests:1459] Execute job: <picamera2.job.Job object at 0x7ffe95f71550>
[2026-06-03 15:47:04] picamera2.picamera2 [DEBUG] [process_requests:1459] Execute job: <picamera2.job.Job object at 0x7ffe95f71550>
[2026-06-03 15:47:04] picamera2.picamera2 [DEBUG] [process_requests:1459] Execute job: <picamera2.job.Job object at 0x7ffe95f71550>
[2026-06-03 15:47:04] werkzeug [INFO] [_log:97] 127.0.0.1 - - [03/Jun/2026 15:47:04] "GET /api/camera/snapshot?t=1780490824122 HTTP/1.1" 200 -
[2026-06-03 15:47:04] picamera2.picamera2 [DEBUG] [process_requests:1459] Execute job: <picamera2.job.Job object at 0x7ffe95f71550>
[2026-06-03 15:47:04] picamera2.picamera2 [DEBUG] [process_requests:1459] Execute job: <picamera2.job.Job object at 0x7ffe95f71550>
[2026-06-03 15:47:04] picamera2.picamera2 [DEBUG] [process_requests:1459] Execute job: <picamera2.job.Job object at 0x7ffe95f71550>
[2026-06-03 15:47:04] picamera2.picamera2 [DEBUG] [process_requests:1459] Execute job: <picamera2.job.Job object at 0x7ffe95f71550>
[2026-06-03 15:47:04] picamera2.picamera2 [DEBUG] [process_requests:1459] Execute job: <picamera2.job.Job object at 0x7ffe95f71550>
[2026-06-03 15:47:04] werkzeug [INFO] [_log:97] 127.0.0.1 - - [03/Jun/2026 15:47:04] "GET /api/camera/snapshot?t=1780490824271 HTTP/1.1" 200 -
[2026-06-03 15:47:04] picamera2.picamera2 [DEBUG] [process_requests:1459] Execute job: <picamera2.job.Job object at 0x7ffe95f71550>
[2026-06-03 15:47:04] picamera2.picamera2 [DEBUG] [process_requests:1459] Execute job: <picamera2.job.Job object at 0x7ffe95f71550>
[2026-06-03 15:47:04] picamera2.picamera2 [DEBUG] [process_requests:1459] Execute job: <picamera2.job.Job object at 0x7ffe95fc6950>
[2026-06-03 15:47:04] picamera2.picamera2 [DEBUG] [process_requests:1459] Execute job: <picamera2.job.Job object at 0x7ffe95f71550>
[2026-06-03 15:47:04] werkzeug [INFO] [_log:97] 127.0.0.1 - - [03/Jun/2026 15:47:04] "GET /api/camera/snapshot?t=1780490824420 HTTP/1.1" 200 -
[2026-06-03 15:47:04] picamera2.picamera2 [DEBUG] [process_requests:1459] Execute job: <picamera2.job.Job object at 0x7ffe95f71550>
[2026-06-03 15:47:04] picamera2.picamera2 [DEBUG] [process_requests:1459] Execute job: <picamera2.job.Job object at 0x7ffe95f71550>
[2026-06-03 15:47:04] werkzeug [INFO] [_log:97] 127.0.0.1 - - [03/Jun/2026 15:47:04] "GET /api/camera/snapshot?t=1780490823670 HTTP/1.1" 200 -
[2026-06-03 15:47:04] picamera2.picamera2 [DEBUG] [process_requests:1459] Execute job: <picamera2.job.Job object at 0x7ffe95f71550>
[2026-06-03 15:47:04] werkzeug [INFO] [_log:97] 127.0.0.1 - - [03/Jun/2026 15:47:04] "GET /api/camera/snapshot?t=1780490823824 HTTP/1.1" 200 -
[2026-06-03 15:47:04] picamera2.picamera2 [DEBUG] [process_requests:1459] Execute job: <picamera2.job.Job object at 0x7ffe95f71550>
[2026-06-03 15:47:04] picamera2.picamera2 [DEBUG] [process_requests:1459] Execute job: <picamera2.job.Job object at 0x7ffe95f71550>
[2026-06-03 15:47:04] werkzeug [INFO] [_log:97] 127.0.0.1 - - [03/Jun/2026 15:47:04] "GET /api/camera/snapshot?t=1780490824581 HTTP/1.1" 200 -
[2026-06-03 15:47:04] picamera2.picamera2 [DEBUG] [process_requests:1459] Execute job: <picamera2.job.Job object at 0x7ffe95f71550>
[2026-06-03 15:47:04] werkzeug [INFO] [_log:97] 127.0.0.1 - - [03/Jun/2026 15:47:04] "GET /api/camera/snapshot?t=1780490824122 HTTP/1.1" 200 -
[2026-06-03 15:47:04] picamera2.picamera2 [DEBUG] [process_requests:1459] Execute job: <picamera2.job.Job object at 0x7ffe95f71550>
[2026-06-03 15:47:04] picamera2.picamera2 [DEBUG] [process_requests:1459] Execute job: <picamera2.job.Job object at 0x7ffe95f71550>
[2026-06-03 15:47:04] picamera2.picamera2 [DEBUG] [process_requests:1459] Execute job: <picamera2.job.Job object at 0x7ffe95f71550>
[2026-06-03 15:47:04] werkzeug [INFO] [_log:97] 127.0.0.1 - - [03/Jun/2026 15:47:04] "GET /api/camera/snapshot?t=1780490824720 HTTP/1.1" 200 -
[2026-06-03 15:47:04] picamera2.picamera2 [DEBUG] [process_requests:1459] Execute job: <picamera2.job.Job object at 0x7ffe95f71550>
[2026-06-03 15:47:04] picamera2.picamera2 [DEBUG] [process_requests:1459] Execute job: <picamera2.job.Job object at 0x7ffe95f71550>
[2026-06-03 15:47:04] picamera2.picamera2 [DEBUG] [process_requests:1459] Execute job: <picamera2.job.Job object at 0x7ffe95f71550>
[2026-06-03 15:47:04] werkzeug [INFO] [_log:97] 127.0.0.1 - - [03/Jun/2026 15:47:04] "GET /api/camera/snapshot?t=1780490824271 HTTP/1.1" 200 -
[2026-06-03 15:47:05] picamera2.picamera2 [DEBUG] [process_requests:1459] Execute job: <picamera2.job.Job object at 0x7ffe95f71550>
[2026-06-03 15:47:05] werkzeug [INFO] [_log:97] 127.0.0.1 - - [03/Jun/2026 15:47:05] "GET /api/camera/snapshot?t=1780490824870 HTTP/1.1" 200 -
[2026-06-03 15:47:05] picamera2.picamera2 [DEBUG] [process_requests:1459] Execute job: <picamera2.job.Job object at 0x7ffe95f71550>
[2026-06-03 15:47:05] picamera2.picamera2 [DEBUG] [process_requests:1459] Execute job: <picamera2.job.Job object at 0x7ffe95f71550>
[2026-06-03 15:47:05] picamera2.picamera2 [DEBUG] [process_requests:1459] Execute job: <picamera2.job.Job object at 0x7ffe95f71550>
[2026-06-03 15:47:05] picamera2.picamera2 [DEBUG] [process_requests:1459] Execute job: <picamera2.job.Job object at 0x7ffe95f71550>
[2026-06-03 15:47:05] picamera2.picamera2 [DEBUG] [process_requests:1459] Execute job: <picamera2.job.Job object at 0x7ffe95f71550>
[2026-06-03 15:47:05] picamera2.picamera2 [DEBUG] [process_requests:1459] Execute job: <picamera2.job.Job object at 0x7ffe95f71550>
[2026-06-03 15:47:05] werkzeug [INFO] [_log:97] 127.0.0.1 - - [03/Jun/2026 15:47:05] "GET /api/camera/snapshot?t=1780490825023 HTTP/1.1" 200 -
[2026-06-03 15:47:05] picamera2.picamera2 [DEBUG] [process_requests:1459] Execute job: <picamera2.job.Job object at 0x7ffe95f71550>
[2026-06-03 15:47:05] picamera2.picamera2 [DEBUG] [process_requests:1459] Execute job: <picamera2.job.Job object at 0x7ffe95f71550>
[2026-06-03 15:47:05] picamera2.picamera2 [DEBUG] [process_requests:1459] Execute job: <picamera2.job.Job object at 0x7ffe95f71550>
[2026-06-03 15:47:05] werkzeug [INFO] [_log:97] 127.0.0.1 - - [03/Jun/2026 15:47:05] "GET /api/camera/snapshot?t=1780490825170 HTTP/1.1" 200 -
[2026-06-03 15:47:05] picamera2.picamera2 [DEBUG] [process_requests:1459] Execute job: <picamera2.job.Job object at 0x7ffe95f71550>
[2026-06-03 15:47:05] picamera2.picamera2 [DEBUG] [process_requests:1459] Execute job: <picamera2.job.Job object at 0x7ffe95f71550>
[2026-06-03 15:47:05] picamera2.picamera2 [DEBUG] [process_requests:1459] Execute job: <picamera2.job.Job object at 0x7ffe95f71550>
[2026-06-03 15:47:05] picamera2.picamera2 [DEBUG] [process_requests:1459] Execute job: <picamera2.job.Job object at 0x7ffe95f71550>
[2026-06-03 15:47:05] picamera2.picamera2 [DEBUG] [process_requests:1459] Execute job: <picamera2.job.Job object at 0x7ffe95f71550>
[2026-06-03 15:47:05] werkzeug [INFO] [_log:97] 127.0.0.1 - - [03/Jun/2026 15:47:05] "GET /api/camera/snapshot?t=1780490825320 HTTP/1.1" 200 -
[2026-06-03 15:47:05] picamera2.picamera2 [DEBUG] [process_requests:1459] Execute job: <picamera2.job.Job object at 0x7ffe95f71550>
[2026-06-03 15:47:05] werkzeug [INFO] [_log:97] 127.0.0.1 - - [03/Jun/2026 15:47:05] "GET /api/camera/snapshot?t=1780490824420 HTTP/1.1" 200 -
[2026-06-03 15:47:05] picamera2.picamera2 [DEBUG] [process_requests:1459] Execute job: <picamera2.job.Job object at 0x7ffe95f71550>
[2026-06-03 15:47:05] picamera2.picamera2 [DEBUG] [process_requests:1459] Execute job: <picamera2.job.Job object at 0x7ffe95f71550>
[2026-06-03 15:47:05] picamera2.picamera2 [DEBUG] [process_requests:1459] Execute job: <picamera2.job.Job object at 0x7ffe95f71550>
[2026-06-03 15:47:05] picamera2.picamera2 [DEBUG] [process_requests:1459] Execute job: <picamera2.job.Job object at 0x7ffe95f71550>
[2026-06-03 15:47:05] picamera2.picamera2 [DEBUG] [process_requests:1459] Execute job: <picamera2.job.Job object at 0x7ffe95f71550>
[2026-06-03 15:47:05] picamera2.picamera2 [DEBUG] [process_requests:1459] Execute job: <picamera2.job.Job object at 0x7ffe95f71550>
[2026-06-03 15:47:05] picamera2.picamera2 [DEBUG] [process_requests:1459] Execute job: <picamera2.job.Job object at 0x7ffe95f71550>
[2026-06-03 15:47:05] werkzeug [INFO] [_log:97] 127.0.0.1 - - [03/Jun/2026 15:47:05] "GET /api/camera/snapshot?t=1780490825472 HTTP/1.1" 200 -
[2026-06-03 15:47:05] picamera2.picamera2 [DEBUG] [process_requests:1459] Execute job: <picamera2.job.Job object at 0x7ffe95f71550>
[2026-06-03 15:47:05] picamera2.picamera2 [DEBUG] [process_requests:1459] Execute job: <picamera2.job.Job object at 0x7ffe95f71550>
[2026-06-03 15:47:05] picamera2.picamera2 [DEBUG] [process_requests:1459] Execute job: <picamera2.job.Job object at 0x7ffe95f71550>
[2026-06-03 15:47:05] picamera2.picamera2 [DEBUG] [process_requests:1459] Execute job: <picamera2.job.Job object at 0x7ffe95f71550>
[2026-06-03 15:47:05] werkzeug [INFO] [_log:97] 127.0.0.1 - - [03/Jun/2026 15:47:05] "GET /api/camera/snapshot?t=1780490825624 HTTP/1.1" 200 -
[2026-06-03 15:47:05] werkzeug [INFO] [_log:97] 127.0.0.1 - - [03/Jun/2026 15:47:05] "GET /api/camera/snapshot?t=1780490824720 HTTP/1.1" 200 -
[2026-06-03 15:47:05] picamera2.picamera2 [DEBUG] [process_requests:1459] Execute job: <picamera2.job.Job object at 0x7ffe95f71550>
[2026-06-03 15:47:05] werkzeug [INFO] [_log:97] 127.0.0.1 - - [03/Jun/2026 15:47:05] "GET /api/camera/snapshot?t=1780490824870 HTTP/1.1" 200 -
[2026-06-03 15:47:05] picamera2.picamera2 [DEBUG] [process_requests:1459] Execute job: <picamera2.job.Job object at 0x7ffe95f71550>
[2026-06-03 15:47:05] picamera2.picamera2 [DEBUG] [process_requests:1459] Execute job: <picamera2.job.Job object at 0x7ffe95f71550>
[2026-06-03 15:47:05] werkzeug [INFO] [_log:97] 127.0.0.1 - - [03/Jun/2026 15:47:05] "GET /api/camera/snapshot?t=1780490825771 HTTP/1.1" 200 -
[2026-06-03 15:47:06] picamera2.picamera2 [DEBUG] [process_requests:1459] Execute job: <picamera2.job.Job object at 0x7ffe95f71550>
[2026-06-03 15:47:06] picamera2.picamera2 [DEBUG] [process_requests:1459] Execute job: <picamera2.job.Job object at 0x7ffe95f71550>
[2026-06-03 15:47:06] werkzeug [INFO] [_log:97] 127.0.0.1 - - [03/Jun/2026 15:47:06] "GET /api/camera/snapshot?t=1780490824581 HTTP/1.1" 200 -
[2026-06-03 15:47:06] picamera2.picamera2 [DEBUG] [process_requests:1459] Execute job: <picamera2.job.Job object at 0x7ffe95f71550>
[2026-06-03 15:47:06] werkzeug [INFO] [_log:97] 127.0.0.1 - - [03/Jun/2026 15:47:06] "GET /api/camera/snapshot?t=1780490825921 HTTP/1.1" 200 -
[2026-06-03 15:47:06] picamera2.picamera2 [DEBUG] [process_requests:1459] Execute job: <picamera2.job.Job object at 0x7ffe95f71550>
[2026-06-03 15:47:06] picamera2.picamera2 [DEBUG] [process_requests:1459] Execute job: <picamera2.job.Job object at 0x7ffe95f71550>
[2026-06-03 15:47:06] picamera2.picamera2 [DEBUG] [process_requests:1459] Execute job: <picamera2.job.Job object at 0x7ffe95f71550>
[2026-06-03 15:47:06] picamera2.picamera2 [DEBUG] [process_requests:1459] Execute job: <picamera2.job.Job object at 0x7ffe95f71550>
[2026-06-03 15:47:06] werkzeug [INFO] [_log:97] 127.0.0.1 - - [03/Jun/2026 15:47:06] "GET /api/camera/snapshot?t=1780490825023 HTTP/1.1" 200 -
[2026-06-03 15:47:06] werkzeug [INFO] [_log:97] 127.0.0.1 - - [03/Jun/2026 15:47:06] "GET /api/camera/snapshot?t=1780490826073 HTTP/1.1" 200 -
[2026-06-03 15:47:06] picamera2.picamera2 [DEBUG] [process_requests:1459] Execute job: <picamera2.job.Job object at 0x7ffe95f71550>
[2026-06-03 15:47:06] picamera2.picamera2 [DEBUG] [process_requests:1459] Execute job: <picamera2.job.Job object at 0x7ffe95f71550>
[2026-06-03 15:47:06] picamera2.picamera2 [DEBUG] [process_requests:1459] Execute job: <picamera2.job.Job object at 0x7ffe95f71550>
[2026-06-03 15:47:06] picamera2.picamera2 [DEBUG] [process_requests:1459] Execute job: <picamera2.job.Job object at 0x7ffe95f71550>
[2026-06-03 15:47:06] picamera2.picamera2 [DEBUG] [process_requests:1459] Execute job: <picamera2.job.Job object at 0x7ffe95f71550>
[2026-06-03 15:47:06] picamera2.picamera2 [DEBUG] [process_requests:1459] Execute job: <picamera2.job.Job object at 0x7ffe95f71550>
[2026-06-03 15:47:06] picamera2.picamera2 [DEBUG] [process_requests:1459] Execute job: <picamera2.job.Job object at 0x7ffe95f71550>
[2026-06-03 15:47:06] picamera2.picamera2 [DEBUG] [process_requests:1459] Execute job: <picamera2.job.Job object at 0x7ffe95f71550>
[2026-06-03 15:47:06] werkzeug [INFO] [_log:97] 127.0.0.1 - - [03/Jun/2026 15:47:06] "GET /api/camera/snapshot?t=1780490826221 HTTP/1.1" 200 -
[2026-06-03 15:47:06] picamera2.picamera2 [DEBUG] [process_requests:1459] Execute job: <picamera2.job.Job object at 0x7ffe95f71550>
[2026-06-03 15:47:06] werkzeug [INFO] [_log:97] 127.0.0.1 - - [03/Jun/2026 15:47:06] "GET /api/camera/snapshot?t=1780490826370 HTTP/1.1" 200 -
[2026-06-03 15:47:06] werkzeug [INFO] [_log:97] 127.0.0.1 - - [03/Jun/2026 15:47:06] "GET /api/camera/snapshot?t=1780490825472 HTTP/1.1" 200 -
[2026-06-03 15:47:06] picamera2.picamera2 [DEBUG] [process_requests:1459] Execute job: <picamera2.job.Job object at 0x7ffe95f71550>
[2026-06-03 15:47:06] picamera2.picamera2 [DEBUG] [process_requests:1459] Execute job: <picamera2.job.Job object at 0x7ffe95f71550>
[2026-06-03 15:47:06] picamera2.picamera2 [DEBUG] [process_requests:1459] Execute job: <picamera2.job.Job object at 0x7ffe95f71550>
[2026-06-03 15:47:06] picamera2.picamera2 [DEBUG] [process_requests:1459] Execute job: <picamera2.job.Job object at 0x7ffe95f71550>
[2026-06-03 15:47:06] picamera2.picamera2 [DEBUG] [process_requests:1459] Execute job: <picamera2.job.Job object at 0x7ffe95f71550>
[2026-06-03 15:47:06] werkzeug [INFO] [_log:97] 127.0.0.1 - - [03/Jun/2026 15:47:06] "GET /api/camera/snapshot?t=1780490826522 HTTP/1.1" 200 -
[2026-06-03 15:47:06] picamera2.picamera2 [DEBUG] [process_requests:1459] Execute job: <picamera2.job.Job object at 0x7ffe95f71550>
[2026-06-03 15:47:06] werkzeug [INFO] [_log:97] 127.0.0.1 - - [03/Jun/2026 15:47:06] "GET /api/camera/snapshot?t=1780490825624 HTTP/1.1" 200 -
[2026-06-03 15:47:06] picamera2.picamera2 [DEBUG] [process_requests:1459] Execute job: <picamera2.job.Job object at 0x7ffe95f71550>
[2026-06-03 15:47:06] werkzeug [INFO] [_log:97] 127.0.0.1 - - [03/Jun/2026 15:47:06] "GET /api/camera/snapshot?t=1780490825320 HTTP/1.1" 200 -
[2026-06-03 15:47:06] picamera2.picamera2 [DEBUG] [process_requests:1459] Execute job: <picamera2.job.Job object at 0x7ffe95f71550>
[2026-06-03 15:47:06] picamera2.picamera2 [DEBUG] [process_requests:1459] Execute job: <picamera2.job.Job object at 0x7ffe95f71550>
[2026-06-03 15:47:06] werkzeug [INFO] [_log:97] 127.0.0.1 - - [03/Jun/2026 15:47:06] "GET /api/camera/snapshot?t=1780490826673 HTTP/1.1" 200 -
[2026-06-03 15:47:06] picamera2.picamera2 [DEBUG] [process_requests:1459] Execute job: <picamera2.job.Job object at 0x7ffe95f71550>
[2026-06-03 15:47:06] picamera2.picamera2 [DEBUG] [process_requests:1459] Execute job: <picamera2.job.Job object at 0x7ffe95f71550>
[2026-06-03 15:47:06] picamera2.picamera2 [DEBUG] [process_requests:1459] Execute job: <picamera2.job.Job object at 0x7ffe95f71550>
[2026-06-03 15:47:06] picamera2.picamera2 [DEBUG] [process_requests:1459] Execute job: <picamera2.job.Job object at 0x7ffe95f71550>
[2026-06-03 15:47:06] picamera2.picamera2 [DEBUG] [process_requests:1459] Execute job: <picamera2.job.Job object at 0x7ffe95f71550>
[2026-06-03 15:47:06] werkzeug [INFO] [_log:97] 127.0.0.1 - - [03/Jun/2026 15:47:06] "GET /api/camera/snapshot?t=1780490826824 HTTP/1.1" 200 -
[2026-06-03 15:47:07] picamera2.picamera2 [DEBUG] [process_requests:1459] Execute job: <picamera2.job.Job object at 0x7ffe95f71550>
[2026-06-03 15:47:07] picamera2.picamera2 [DEBUG] [process_requests:1459] Execute job: <picamera2.job.Job object at 0x7ffe95f71550>
[2026-06-03 15:47:07] picamera2.picamera2 [DEBUG] [process_requests:1459] Execute job: <picamera2.job.Job object at 0x7ffe95f71550>
[2026-06-03 15:47:07] picamera2.picamera2 [DEBUG] [process_requests:1459] Execute job: <picamera2.job.Job object at 0x7ffe95f71550>
[2026-06-03 15:47:07] picamera2.picamera2 [DEBUG] [process_requests:1459] Execute job: <picamera2.job.Job object at 0x7ffe95f71550>
[2026-06-03 15:47:07] werkzeug [INFO] [_log:97] 127.0.0.1 - - [03/Jun/2026 15:47:07] "GET /api/camera/snapshot?t=1780490826971 HTTP/1.1" 200 -
[2026-06-03 15:47:07] picamera2.picamera2 [DEBUG] [process_requests:1459] Execute job: <picamera2.job.Job object at 0x7ffe95f71550>
[2026-06-03 15:47:07] werkzeug [INFO] [_log:97] 127.0.0.1 - - [03/Jun/2026 15:47:07] "GET /api/camera/snapshot?t=1780490826073 HTTP/1.1" 200 -
[2026-06-03 15:47:07] picamera2.picamera2 [DEBUG] [process_requests:1459] Execute job: <picamera2.job.Job object at 0x7ffe95f71550>
[2026-06-03 15:47:07] picamera2.picamera2 [DEBUG] [process_requests:1459] Execute job: <picamera2.job.Job object at 0x7ffe95f71550>
[2026-06-03 15:47:07] werkzeug [INFO] [_log:97] 127.0.0.1 - - [03/Jun/2026 15:47:07] "GET /api/camera/snapshot?t=1780490825771 HTTP/1.1" 200 -
[2026-06-03 15:47:07] picamera2.picamera2 [DEBUG] [process_requests:1459] Execute job: <picamera2.job.Job object at 0x7ffe95f71550>
[2026-06-03 15:47:07] werkzeug [INFO] [_log:97] 127.0.0.1 - - [03/Jun/2026 15:47:07] "GET /api/camera/snapshot?t=1780490827126 HTTP/1.1" 200 -
[2026-06-03 15:47:07] picamera2.picamera2 [DEBUG] [process_requests:1459] Execute job: <picamera2.job.Job object at 0x7ffe95f71550>
[2026-06-03 15:47:07] picamera2.picamera2 [DEBUG] [process_requests:1459] Execute job: <picamera2.job.Job object at 0x7ffe95f71550>
[2026-06-03 15:47:07] picamera2.picamera2 [DEBUG] [process_requests:1459] Execute job: <picamera2.job.Job object at 0x7ffe95f71550>
[2026-06-03 15:47:07] picamera2.picamera2 [DEBUG] [process_requests:1459] Execute job: <picamera2.job.Job object at 0x7ffe95f71550>
[2026-06-03 15:47:07] werkzeug [INFO] [_log:97] 127.0.0.1 - - [03/Jun/2026 15:47:07] "GET /api/camera/snapshot?t=1780490826370 HTTP/1.1" 200 -
[2026-06-03 15:47:07] werkzeug [INFO] [_log:97] 127.0.0.1 - - [03/Jun/2026 15:47:07] "GET /api/camera/snapshot?t=1780490827271 HTTP/1.1" 200 -
[2026-06-03 15:47:07] picamera2.picamera2 [DEBUG] [process_requests:1459] Execute job: <picamera2.job.Job object at 0x7ffe95f71550>
[2026-06-03 15:47:07] picamera2.picamera2 [DEBUG] [process_requests:1459] Execute job: <picamera2.job.Job object at 0x7ffe95f71550>
[2026-06-03 15:47:07] picamera2.picamera2 [DEBUG] [process_requests:1459] Execute job: <picamera2.job.Job object at 0x7ffe95f71550>
[2026-06-03 15:47:07] picamera2.picamera2 [DEBUG] [process_requests:1459] Execute job: <picamera2.job.Job object at 0x7ffe95f71550>
[2026-06-03 15:47:07] picamera2.picamera2 [DEBUG] [process_requests:1459] Execute job: <picamera2.job.Job object at 0x7ffe95f71550>
[2026-06-03 15:47:07] picamera2.picamera2 [DEBUG] [process_requests:1459] Execute job: <picamera2.job.Job object at 0x7ffe95f71550>
[2026-06-03 15:47:07] picamera2.picamera2 [DEBUG] [process_requests:1459] Execute job: <picamera2.job.Job object at 0x7ffe95f71550>
[2026-06-03 15:47:07] werkzeug [INFO] [_log:97] 127.0.0.1 - - [03/Jun/2026 15:47:07] "GET /api/camera/snapshot?t=1780490827422 HTTP/1.1" 200 -
[2026-06-03 15:47:07] werkzeug [INFO] [_log:97] 127.0.0.1 - - [03/Jun/2026 15:47:07] "GET /api/camera/snapshot?t=1780490827570 HTTP/1.1" 200 -
[2026-06-03 15:47:07] picamera2.picamera2 [DEBUG] [process_requests:1459] Execute job: <picamera2.job.Job object at 0x7ffe95f71550>
[2026-06-03 15:47:07] picamera2.picamera2 [DEBUG] [process_requests:1459] Execute job: <picamera2.job.Job object at 0x7ffe95f71550>
[2026-06-03 15:47:07] picamera2.picamera2 [DEBUG] [process_requests:1459] Execute job: <picamera2.job.Job object at 0x7ffe95f71550>
[2026-06-03 15:47:07] picamera2.picamera2 [DEBUG] [process_requests:1459] Execute job: <picamera2.job.Job object at 0x7ffe95f71550>
[2026-06-03 15:47:07] picamera2.picamera2 [DEBUG] [process_requests:1459] Execute job: <picamera2.job.Job object at 0x7ffe95f71550>
[2026-06-03 15:47:07] picamera2.picamera2 [DEBUG] [process_requests:1459] Execute job: <picamera2.job.Job object at 0x7ffe95f71550>
[2026-06-03 15:47:07] picamera2.picamera2 [DEBUG] [process_requests:1459] Execute job: <picamera2.job.Job object at 0x7ffe95f71550>
[2026-06-03 15:47:07] werkzeug [INFO] [_log:97] 127.0.0.1 - - [03/Jun/2026 15:47:07] "GET /api/camera/snapshot?t=1780490827721 HTTP/1.1" 200 -
[2026-06-03 15:47:07] werkzeug [INFO] [_log:97] 127.0.0.1 - - [03/Jun/2026 15:47:07] "GET /api/camera/snapshot?t=1780490826673 HTTP/1.1" 200 -
[2026-06-03 15:47:07] picamera2.picamera2 [DEBUG] [process_requests:1459] Execute job: <picamera2.job.Job object at 0x7ffe95f71550>
[2026-06-03 15:47:07] picamera2.picamera2 [DEBUG] [process_requests:1459] Execute job: <picamera2.job.Job object at 0x7ffe95f71550>
[2026-06-03 15:47:07] picamera2.picamera2 [DEBUG] [process_requests:1459] Execute job: <picamera2.job.Job object at 0x7ffe95f71550>
[2026-06-03 15:47:08] picamera2.picamera2 [DEBUG] [process_requests:1459] Execute job: <picamera2.job.Job object at 0x7ffe95f71550>
[2026-06-03 15:47:08] picamera2.picamera2 [DEBUG] [process_requests:1459] Execute job: <picamera2.job.Job object at 0x7ffe95f71550>
[2026-06-03 15:47:08] werkzeug [INFO] [_log:97] 127.0.0.1 - - [03/Jun/2026 15:47:08] "GET /api/camera/snapshot?t=1780490826522 HTTP/1.1" 200 -
[2026-06-03 15:47:08] picamera2.picamera2 [DEBUG] [process_requests:1459] Execute job: <picamera2.job.Job object at 0x7ffe95f71550>
[2026-06-03 15:47:08] werkzeug [INFO] [_log:97] 127.0.0.1 - - [03/Jun/2026 15:47:08] "GET /api/camera/snapshot?t=1780490827874 HTTP/1.1" 200 -
[2026-06-03 15:47:08] picamera2.picamera2 [DEBUG] [process_requests:1459] Execute job: <picamera2.job.Job object at 0x7ffe95f71550>
[2026-06-03 15:47:08] werkzeug [INFO] [_log:97] 127.0.0.1 - - [03/Jun/2026 15:47:08] "GET /api/camera/snapshot?t=1780490828020 HTTP/1.1" 200 -
[2026-06-03 15:47:08] picamera2.picamera2 [DEBUG] [process_requests:1459] Execute job: <picamera2.job.Job object at 0x7ffe95f71550>
[2026-06-03 15:47:08] picamera2.picamera2 [DEBUG] [process_requests:1459] Execute job: <picamera2.job.Job object at 0x7ffe95f71550>
[2026-06-03 15:47:08] picamera2.picamera2 [DEBUG] [process_requests:1459] Execute job: <picamera2.job.Job object at 0x7ffe95f71550>
[2026-06-03 15:47:08] picamera2.picamera2 [DEBUG] [process_requests:1459] Execute job: <picamera2.job.Job object at 0x7ffe95f71550>
[2026-06-03 15:47:08] picamera2.picamera2 [DEBUG] [process_requests:1459] Execute job: <picamera2.job.Job object at 0x7ffe95f71550>
[2026-06-03 15:47:08] werkzeug [INFO] [_log:97] 127.0.0.1 - - [03/Jun/2026 15:47:08] "GET /api/camera/snapshot?t=1780490828170 HTTP/1.1" 200 -
[2026-06-03 15:47:08] picamera2.picamera2 [DEBUG] [process_requests:1459] Execute job: <picamera2.job.Job object at 0x7ffe95f71550>
[2026-06-03 15:47:08] werkzeug [INFO] [_log:97] 127.0.0.1 - - [03/Jun/2026 15:47:08] "GET /api/camera/snapshot?t=1780490826971 HTTP/1.1" 200 -
[2026-06-03 15:47:08] picamera2.picamera2 [DEBUG] [process_requests:1459] Execute job: <picamera2.job.Job object at 0x7ffe95f71550>
[2026-06-03 15:47:08] picamera2.picamera2 [DEBUG] [process_requests:1459] Execute job: <picamera2.job.Job object at 0x7ffe95f71550>
[2026-06-03 15:47:08] picamera2.picamera2 [DEBUG] [process_requests:1459] Execute job: <picamera2.job.Job object at 0x7ffe95f71550>
[2026-06-03 15:47:08] picamera2.picamera2 [DEBUG] [process_requests:1459] Execute job: <picamera2.job.Job object at 0x7ffe95f71550>
[2026-06-03 15:47:08] picamera2.picamera2 [DEBUG] [process_requests:1459] Execute job: <picamera2.job.Job object at 0x7ffe95f71550>
[2026-06-03 15:47:08] picamera2.picamera2 [DEBUG] [process_requests:1459] Execute job: <picamera2.job.Job object at 0x7ffe95f71550>
[2026-06-03 15:47:08] werkzeug [INFO] [_log:97] 127.0.0.1 - - [03/Jun/2026 15:47:08] "GET /api/camera/snapshot?t=1780490828320 HTTP/1.1" 200 -
[2026-06-03 15:47:08] picamera2.picamera2 [DEBUG] [process_requests:1459] Execute job: <picamera2.job.Job object at 0x7ffe95f71550>
[2026-06-03 15:47:08] picamera2.picamera2 [DEBUG] [process_requests:1459] Execute job: <picamera2.job.Job object at 0x7ffe95f71550>
[2026-06-03 15:47:08] picamera2.picamera2 [DEBUG] [process_requests:1459] Execute job: <picamera2.job.Job object at 0x7ffe95f71550>
[2026-06-03 15:47:08] werkzeug [INFO] [_log:97] 127.0.0.1 - - [03/Jun/2026 15:47:08] "GET /api/camera/snapshot?t=1780490828470 HTTP/1.1" 200 -
[2026-06-03 15:47:08] picamera2.picamera2 [DEBUG] [process_requests:1459] Execute job: <picamera2.job.Job object at 0x7ffe95f71550>
[2026-06-03 15:47:08] picamera2.picamera2 [DEBUG] [process_requests:1459] Execute job: <picamera2.job.Job object at 0x7ffe95f71550>
[2026-06-03 15:47:08] picamera2.picamera2 [DEBUG] [process_requests:1459] Execute job: <picamera2.job.Job object at 0x7ffe95f71550>
[2026-06-03 15:47:08] picamera2.picamera2 [DEBUG] [process_requests:1459] Execute job: <picamera2.job.Job object at 0x7ffe95f71550>
[2026-06-03 15:47:08] picamera2.picamera2 [DEBUG] [process_requests:1459] Execute job: <picamera2.job.Job object at 0x7ffe95f71550>
[2026-06-03 15:47:08] werkzeug [INFO] [_log:97] 127.0.0.1 - - [03/Jun/2026 15:47:08] "GET /api/camera/snapshot?t=1780490828620 HTTP/1.1" 200 -
[2026-06-03 15:47:08] picamera2.picamera2 [DEBUG] [process_requests:1459] Execute job: <picamera2.job.Job object at 0x7ffe95f71550>
[2026-06-03 15:47:08] picamera2.picamera2 [DEBUG] [process_requests:1459] Execute job: <picamera2.job.Job object at 0x7ffe95f71550>
[2026-06-03 15:47:08] picamera2.picamera2 [DEBUG] [process_requests:1459] Execute job: <picamera2.job.Job object at 0x7ffe95f71550>
[2026-06-03 15:47:08] picamera2.picamera2 [DEBUG] [process_requests:1459] Execute job: <picamera2.job.Job object at 0x7ffe95f71550>
[2026-06-03 15:47:08] werkzeug [INFO] [_log:97] 127.0.0.1 - - [03/Jun/2026 15:47:08] "GET /api/camera/snapshot?t=1780490828770 HTTP/1.1" 200 -
[2026-06-03 15:47:08] picamera2.picamera2 [DEBUG] [process_requests:1459] Execute job: <picamera2.job.Job object at 0x7ffe95f71550>
[2026-06-03 15:47:08] picamera2.picamera2 [DEBUG] [process_requests:1459] Execute job: <picamera2.job.Job object at 0x7ffe95f71550>
[2026-06-03 15:47:09] picamera2.picamera2 [DEBUG] [process_requests:1459] Execute job: <picamera2.job.Job object at 0x7ffe95f71550>
[2026-06-03 15:47:09] picamera2.picamera2 [DEBUG] [process_requests:1459] Execute job: <picamera2.job.Job object at 0x7ffe95f71550>
[2026-06-03 15:47:09] picamera2.picamera2 [DEBUG] [process_requests:1459] Execute job: <picamera2.job.Job object at 0x7ffe95f71550>
[2026-06-03 15:47:09] werkzeug [INFO] [_log:97] 127.0.0.1 - - [03/Jun/2026 15:47:09] "GET /api/camera/snapshot?t=1780490828921 HTTP/1.1" 200 -
[2026-06-03 15:47:09] picamera2.picamera2 [DEBUG] [process_requests:1459] Execute job: <picamera2.job.Job object at 0x7ffe95f71550>
[2026-06-03 15:47:09] picamera2.picamera2 [DEBUG] [process_requests:1459] Execute job: <picamera2.job.Job object at 0x7ffe95f71550>
[2026-06-03 15:47:09] picamera2.picamera2 [DEBUG] [process_requests:1459] Execute job: <picamera2.job.Job object at 0x7ffe95f71550>
[2026-06-03 15:47:09] picamera2.picamera2 [DEBUG] [process_requests:1459] Execute job: <picamera2.job.Job object at 0x7ffe95f71550>
[2026-06-03 15:47:09] werkzeug [INFO] [_log:97] 127.0.0.1 - - [03/Jun/2026 15:47:09] "GET /api/camera/snapshot?t=1780490829070 HTTP/1.1" 200 -
[2026-06-03 15:47:09] picamera2.picamera2 [DEBUG] [process_requests:1459] Execute job: <picamera2.job.Job object at 0x7ffe95f71550>
[2026-06-03 15:47:09] picamera2.picamera2 [DEBUG] [process_requests:1459] Execute job: <picamera2.job.Job object at 0x7ffe95f71550>
[2026-06-03 15:47:09] picamera2.picamera2 [DEBUG] [process_requests:1459] Execute job: <picamera2.job.Job object at 0x7ffe95f71550>
[2026-06-03 15:47:09] picamera2.picamera2 [DEBUG] [process_requests:1459] Execute job: <picamera2.job.Job object at 0x7ffe95f71550>
[2026-06-03 15:47:09] picamera2.picamera2 [DEBUG] [process_requests:1459] Execute job: <picamera2.job.Job object at 0x7ffe95f71550>
[2026-06-03 15:47:09] werkzeug [INFO] [_log:97] 127.0.0.1 - - [03/Jun/2026 15:47:09] "GET /api/camera/snapshot?t=1780490829221 HTTP/1.1" 200 -
[2026-06-03 15:47:09] picamera2.picamera2 [DEBUG] [process_requests:1459] Execute job: <picamera2.job.Job object at 0x7ffe95f71550>
[2026-06-03 15:47:09] picamera2.picamera2 [DEBUG] [process_requests:1459] Execute job: <picamera2.job.Job object at 0x7ffe95f71550>
[2026-06-03 15:47:09] picamera2.picamera2 [DEBUG] [process_requests:1459] Execute job: <picamera2.job.Job object at 0x7ffe95f71550>
[2026-06-03 15:47:09] picamera2.picamera2 [DEBUG] [process_requests:1459] Execute job: <picamera2.job.Job object at 0x7ffe95f71550>
[2026-06-03 15:47:09] picamera2.picamera2 [DEBUG] [process_requests:1459] Execute job: <picamera2.job.Job object at 0x7ffe95f71550>
[2026-06-03 15:47:09] picamera2.picamera2 [DEBUG] [process_requests:1459] Execute job: <picamera2.job.Job object at 0x7ffe95fc67d0>
[2026-06-03 15:47:09] picamera2.picamera2 [DEBUG] [process_requests:1459] Execute job: <picamera2.job.Job object at 0x7ffe95f71550>
[2026-06-03 15:47:09] picamera2.picamera2 [DEBUG] [process_requests:1459] Execute job: <picamera2.job.Job object at 0x7ffe95f71550>
[2026-06-03 15:47:09] picamera2.picamera2 [DEBUG] [process_requests:1459] Execute job: <picamera2.job.Job object at 0x7ffe95f71550>
[2026-06-03 15:47:09] werkzeug [INFO] [_log:97] 127.0.0.1 - - [03/Jun/2026 15:47:09] "GET /api/camera/snapshot?t=1780490829371 HTTP/1.1" 200 -
[2026-06-03 15:47:09] picamera2.picamera2 [DEBUG] [process_requests:1459] Execute job: <picamera2.job.Job object at 0x7ffe95f71550>
[2026-06-03 15:47:09] picamera2.picamera2 [DEBUG] [process_requests:1459] Execute job: <picamera2.job.Job object at 0x7ffe95f71550>
[2026-06-03 15:47:09] werkzeug [INFO] [_log:97] 127.0.0.1 - - [03/Jun/2026 15:47:09] "GET /api/camera/snapshot?t=1780490829520 HTTP/1.1" 200 -
[2026-06-03 15:47:09] picamera2.picamera2 [DEBUG] [process_requests:1459] Execute job: <picamera2.job.Job object at 0x7ffe95f71550>
[2026-06-03 15:47:09] picamera2.picamera2 [DEBUG] [process_requests:1459] Execute job: <picamera2.job.Job object at 0x7ffe95f71550>
[2026-06-03 15:47:09] werkzeug [INFO] [_log:97] 127.0.0.1 - - [03/Jun/2026 15:47:09] "GET /api/camera/snapshot?t=1780490829671 HTTP/1.1" 200 -
[2026-06-03 15:47:09] picamera2.picamera2 [DEBUG] [process_requests:1459] Execute job: <picamera2.job.Job object at 0x7ffe95f71550>
[2026-06-03 15:47:09] picamera2.picamera2 [DEBUG] [process_requests:1459] Execute job: <picamera2.job.Job object at 0x7ffe95f71550>
[2026-06-03 15:47:09] picamera2.picamera2 [DEBUG] [process_requests:1459] Execute job: <picamera2.job.Job object at 0x7ffe95f71550>
[2026-06-03 15:47:09] picamera2.picamera2 [DEBUG] [process_requests:1459] Execute job: <picamera2.job.Job object at 0x7ffe95f71550>
[2026-06-03 15:47:09] picamera2.picamera2 [DEBUG] [process_requests:1459] Execute job: <picamera2.job.Job object at 0x7ffe95f71550>
[2026-06-03 15:47:09] werkzeug [INFO] [_log:97] 127.0.0.1 - - [03/Jun/2026 15:47:09] "GET /api/camera/snapshot?t=1780490829820 HTTP/1.1" 200 -
[2026-06-03 15:47:10] picamera2.picamera2 [DEBUG] [process_requests:1459] Execute job: <picamera2.job.Job object at 0x7ffe95f71550>
[2026-06-03 15:47:10] picamera2.picamera2 [DEBUG] [process_requests:1459] Execute job: <picamera2.job.Job object at 0x7ffe95f71550>
[2026-06-03 15:47:10] picamera2.picamera2 [DEBUG] [process_requests:1459] Execute job: <picamera2.job.Job object at 0x7ffe95f71550>
[2026-06-03 15:47:10] picamera2.picamera2 [DEBUG] [process_requests:1459] Execute job: <picamera2.job.Job object at 0x7ffe95f71550>
[2026-06-03 15:47:10] werkzeug [INFO] [_log:97] 127.0.0.1 - - [03/Jun/2026 15:47:10] "GET /api/camera/snapshot?t=1780490829973 HTTP/1.1" 200 -
[2026-06-03 15:47:10] picamera2.picamera2 [DEBUG] [process_requests:1459] Execute job: <picamera2.job.Job object at 0x7ffe95f71550>
[2026-06-03 15:47:10] picamera2.picamera2 [DEBUG] [process_requests:1459] Execute job: <picamera2.job.Job object at 0x7ffe95f71550>
[2026-06-03 15:47:10] picamera2.picamera2 [DEBUG] [process_requests:1459] Execute job: <picamera2.job.Job object at 0x7ffe95f71550>
[2026-06-03 15:47:10] picamera2.picamera2 [DEBUG] [process_requests:1459] Execute job: <picamera2.job.Job object at 0x7ffe95f71550>
[2026-06-03 15:47:10] picamera2.picamera2 [DEBUG] [process_requests:1459] Execute job: <picamera2.job.Job object at 0x7ffe95f71550>
[2026-06-03 15:47:10] werkzeug [INFO] [_log:97] 127.0.0.1 - - [03/Jun/2026 15:47:10] "GET /api/camera/snapshot?t=1780490830120 HTTP/1.1" 200 -
[2026-06-03 15:47:10] picamera2.picamera2 [DEBUG] [process_requests:1459] Execute job: <picamera2.job.Job object at 0x7ffe95f71550>
[2026-06-03 15:47:10] picamera2.picamera2 [DEBUG] [process_requests:1459] Execute job: <picamera2.job.Job object at 0x7ffe95f71550>
[2026-06-03 15:47:10] picamera2.picamera2 [DEBUG] [process_requests:1459] Execute job: <picamera2.job.Job object at 0x7ffe95f71550>
[2026-06-03 15:47:10] picamera2.picamera2 [DEBUG] [process_requests:1459] Execute job: <picamera2.job.Job object at 0x7ffe95f71550>
[2026-06-03 15:47:10] picamera2.picamera2 [DEBUG] [process_requests:1459] Execute job: <picamera2.job.Job object at 0x7ffe95f71550>
[2026-06-03 15:47:10] werkzeug [INFO] [_log:97] 127.0.0.1 - - [03/Jun/2026 15:47:10] "GET /api/camera/snapshot?t=1780490830270 HTTP/1.1" 200 -
[2026-06-03 15:47:10] picamera2.picamera2 [DEBUG] [process_requests:1459] Execute job: <picamera2.job.Job object at 0x7ffe95f71550>
[2026-06-03 15:47:10] picamera2.picamera2 [DEBUG] [process_requests:1459] Execute job: <picamera2.job.Job object at 0x7ffe95f71550>
[2026-06-03 15:47:10] picamera2.picamera2 [DEBUG] [process_requests:1459] Execute job: <picamera2.job.Job object at 0x7ffe95f71550>
[2026-06-03 15:47:10] picamera2.picamera2 [DEBUG] [process_requests:1459] Execute job: <picamera2.job.Job object at 0x7ffe95f71550>
[2026-06-03 15:47:10] picamera2.picamera2 [DEBUG] [process_requests:1459] Execute job: <picamera2.job.Job object at 0x7ffe95f71550>
[2026-06-03 15:47:10] picamera2.picamera2 [DEBUG] [process_requests:1459] Execute job: <picamera2.job.Job object at 0x7ffe95f71550>
[2026-06-03 15:47:10] werkzeug [INFO] [_log:97] 127.0.0.1 - - [03/Jun/2026 15:47:10] "GET /api/camera/snapshot?t=1780490830420 HTTP/1.1" 200 -
[2026-06-03 15:47:10] picamera2.picamera2 [DEBUG] [process_requests:1459] Execute job: <picamera2.job.Job object at 0x7ffe95f71550>
[2026-06-03 15:47:10] werkzeug [INFO] [_log:97] 127.0.0.1 - - [03/Jun/2026 15:47:10] "GET /api/camera/snapshot?t=1780490830570 HTTP/1.1" 200 -
[2026-06-03 15:47:10] picamera2.picamera2 [DEBUG] [process_requests:1459] Execute job: <picamera2.job.Job object at 0x7ffe95f71550>
[2026-06-03 15:47:10] picamera2.picamera2 [DEBUG] [process_requests:1459] Execute job: <picamera2.job.Job object at 0x7ffe95f71550>
[2026-06-03 15:47:10] picamera2.picamera2 [DEBUG] [process_requests:1459] Execute job: <picamera2.job.Job object at 0x7ffe95f71550>
[2026-06-03 15:47:10] picamera2.picamera2 [DEBUG] [process_requests:1459] Execute job: <picamera2.job.Job object at 0x7ffe95f71550>
[2026-06-03 15:47:10] picamera2.picamera2 [DEBUG] [process_requests:1459] Execute job: <picamera2.job.Job object at 0x7ffe95f71550>
[2026-06-03 15:47:10] picamera2.picamera2 [DEBUG] [process_requests:1459] Execute job: <picamera2.job.Job object at 0x7ffe95f71550>
[2026-06-03 15:47:10] werkzeug [INFO] [_log:97] 127.0.0.1 - - [03/Jun/2026 15:47:10] "GET /api/camera/snapshot?t=1780490830720 HTTP/1.1" 200 -
[2026-06-03 15:47:10] picamera2.picamera2 [DEBUG] [process_requests:1459] Execute job: <picamera2.job.Job object at 0x7ffe95f71550>
[2026-06-03 15:47:10] picamera2.picamera2 [DEBUG] [process_requests:1459] Execute job: <picamera2.job.Job object at 0x7ffe95f71550>
[2026-06-03 15:47:10] picamera2.picamera2 [DEBUG] [process_requests:1459] Execute job: <picamera2.job.Job object at 0x7ffe95f71550>
[2026-06-03 15:47:11] picamera2.picamera2 [DEBUG] [process_requests:1459] Execute job: <picamera2.job.Job object at 0x7ffe95f71550>
[2026-06-03 15:47:11] picamera2.picamera2 [DEBUG] [process_requests:1459] Execute job: <picamera2.job.Job object at 0x7ffe95f71550>
[2026-06-03 15:47:11] werkzeug [INFO] [_log:97] 127.0.0.1 - - [03/Jun/2026 15:47:11] "GET /api/camera/snapshot?t=1780490830871 HTTP/1.1" 200 -
[2026-06-03 15:47:11] picamera2.picamera2 [DEBUG] [process_requests:1459] Execute job: <picamera2.job.Job object at 0x7ffe95f71550>
[2026-06-03 15:47:11] picamera2.picamera2 [DEBUG] [process_requests:1459] Execute job: <picamera2.job.Job object at 0x7ffe95f71550>
[2026-06-03 15:47:11] picamera2.picamera2 [DEBUG] [process_requests:1459] Execute job: <picamera2.job.Job object at 0x7ffe95f71550>
[2026-06-03 15:47:11] picamera2.picamera2 [DEBUG] [process_requests:1459] Execute job: <picamera2.job.Job object at 0x7ffe95f71550>
[2026-06-03 15:47:11] picamera2.picamera2 [DEBUG] [process_requests:1459] Execute job: <picamera2.job.Job object at 0x7ffe95f71550>
[2026-06-03 15:47:11] picamera2.picamera2 [DEBUG] [process_requests:1459] Execute job: <picamera2.job.Job object at 0x7ffe95f71550>
[2026-06-03 15:47:11] picamera2.picamera2 [DEBUG] [process_requests:1459] Execute job: <picamera2.job.Job object at 0x7ffe95f71550>
[2026-06-03 15:47:11] picamera2.picamera2 [DEBUG] [process_requests:1459] Execute job: <picamera2.job.Job object at 0x7ffe95f71550>
[2026-06-03 15:47:11] picamera2.picamera2 [DEBUG] [process_requests:1459] Execute job: <picamera2.job.Job object at 0x7ffe95f71550>
[2026-06-03 15:47:11] werkzeug [INFO] [_log:97] 127.0.0.1 - - [03/Jun/2026 15:47:11] "GET /api/camera/snapshot?t=1780490831171 HTTP/1.1" 200 -
[2026-06-03 15:47:11] picamera2.picamera2 [DEBUG] [process_requests:1459] Execute job: <picamera2.job.Job object at 0x7ffe95f71550>
[2026-06-03 15:47:11] picamera2.picamera2 [DEBUG] [process_requests:1459] Execute job: <picamera2.job.Job object at 0x7ffe95f71550>
[2026-06-03 15:47:11] picamera2.picamera2 [DEBUG] [process_requests:1459] Execute job: <picamera2.job.Job object at 0x7ffe95f71550>
[2026-06-03 15:47:11] picamera2.picamera2 [DEBUG] [process_requests:1459] Execute job: <picamera2.job.Job object at 0x7ffe95f71550>
[2026-06-03 15:47:11] werkzeug [INFO] [_log:97] 127.0.0.1 - - [03/Jun/2026 15:47:11] "GET /api/camera/snapshot?t=1780490831320 HTTP/1.1" 200 -
[2026-06-03 15:47:11] picamera2.picamera2 [DEBUG] [process_requests:1459] Execute job: <picamera2.job.Job object at 0x7ffe95f71550>
[2026-06-03 15:47:11] picamera2.picamera2 [DEBUG] [process_requests:1459] Execute job: <picamera2.job.Job object at 0x7ffe95f71550>
[2026-06-03 15:47:11] picamera2.picamera2 [DEBUG] [process_requests:1459] Execute job: <picamera2.job.Job object at 0x7ffe95f71550>
[2026-06-03 15:47:11] picamera2.picamera2 [DEBUG] [process_requests:1459] Execute job: <picamera2.job.Job object at 0x7ffe95f71550>
[2026-06-03 15:47:11] picamera2.picamera2 [DEBUG] [process_requests:1459] Execute job: <picamera2.job.Job object at 0x7ffe95f71550>
[2026-06-03 15:47:11] werkzeug [INFO] [_log:97] 127.0.0.1 - - [03/Jun/2026 15:47:11] "GET /api/camera/snapshot?t=1780490831470 HTTP/1.1" 200 -
[2026-06-03 15:47:11] picamera2.picamera2 [DEBUG] [process_requests:1459] Execute job: <picamera2.job.Job object at 0x7ffe95f71550>
[2026-06-03 15:47:11] picamera2.picamera2 [DEBUG] [process_requests:1459] Execute job: <picamera2.job.Job object at 0x7ffe95f71550>
[2026-06-03 15:47:11] picamera2.picamera2 [DEBUG] [process_requests:1459] Execute job: <picamera2.job.Job object at 0x7ffe95f71550>
[2026-06-03 15:47:11] picamera2.picamera2 [DEBUG] [process_requests:1459] Execute job: <picamera2.job.Job object at 0x7ffe95f71550>
[2026-06-03 15:47:11] werkzeug [INFO] [_log:97] 127.0.0.1 - - [03/Jun/2026 15:47:11] "GET /api/camera/snapshot?t=1780490831621 HTTP/1.1" 200 -
[2026-06-03 15:47:11] picamera2.picamera2 [DEBUG] [process_requests:1459] Execute job: <picamera2.job.Job object at 0x7ffe95f71550>
[2026-06-03 15:47:11] picamera2.picamera2 [DEBUG] [process_requests:1459] Execute job: <picamera2.job.Job object at 0x7ffe95f71550>
[2026-06-03 15:47:11] picamera2.picamera2 [DEBUG] [process_requests:1459] Execute job: <picamera2.job.Job object at 0x7ffe95f71550>
[2026-06-03 15:47:11] picamera2.picamera2 [DEBUG] [process_requests:1459] Execute job: <picamera2.job.Job object at 0x7ffe95f71550>
[2026-06-03 15:47:11] picamera2.picamera2 [DEBUG] [process_requests:1459] Execute job: <picamera2.job.Job object at 0x7ffe95f71550>
[2026-06-03 15:47:11] werkzeug [INFO] [_log:97] 127.0.0.1 - - [03/Jun/2026 15:47:11] "GET /api/camera/snapshot?t=1780490831771 HTTP/1.1" 200 -
[2026-06-03 15:47:11] picamera2.picamera2 [DEBUG] [process_requests:1459] Execute job: <picamera2.job.Job object at 0x7ffe95f71550>
[2026-06-03 15:47:12] picamera2.picamera2 [DEBUG] [process_requests:1459] Execute job: <picamera2.job.Job object at 0x7ffe95f71550>
[2026-06-03 15:47:12] picamera2.picamera2 [DEBUG] [process_requests:1459] Execute job: <picamera2.job.Job object at 0x7ffe95f71550>
[2026-06-03 15:47:12] picamera2.picamera2 [DEBUG] [process_requests:1459] Execute job: <picamera2.job.Job object at 0x7ffe95f71550>
[2026-06-03 15:47:12] picamera2.picamera2 [DEBUG] [process_requests:1459] Execute job: <picamera2.job.Job object at 0x7ffe95f71550>
[2026-06-03 15:47:12] werkzeug [INFO] [_log:97] 127.0.0.1 - - [03/Jun/2026 15:47:12] "GET /api/camera/snapshot?t=1780490831920 HTTP/1.1" 200 -
[2026-06-03 15:47:12] picamera2.picamera2 [DEBUG] [process_requests:1459] Execute job: <picamera2.job.Job object at 0x7ffe95f71550>
[2026-06-03 15:47:12] picamera2.picamera2 [DEBUG] [process_requests:1459] Execute job: <picamera2.job.Job object at 0x7ffe95f71550>
[2026-06-03 15:47:12] werkzeug [INFO] [_log:97] 127.0.0.1 - - [03/Jun/2026 15:47:12] "GET /api/camera/snapshot?t=1780490832070 HTTP/1.1" 200 -
[2026-06-03 15:47:12] picamera2.picamera2 [DEBUG] [process_requests:1459] Execute job: <picamera2.job.Job object at 0x7ffe95f71550>
[2026-06-03 15:47:12] picamera2.picamera2 [DEBUG] [process_requests:1459] Execute job: <picamera2.job.Job object at 0x7ffe95f71550>
[2026-06-03 15:47:12] picamera2.picamera2 [DEBUG] [process_requests:1459] Execute job: <picamera2.job.Job object at 0x7ffe95f71550>
[2026-06-03 15:47:12] werkzeug [INFO] [_log:97] 127.0.0.1 - - [03/Jun/2026 15:47:12] "GET /api/camera/snapshot?t=1780490831020 HTTP/1.1" 200 -
[2026-06-03 15:47:12] picamera2.picamera2 [DEBUG] [process_requests:1459] Execute job: <picamera2.job.Job object at 0x7ffe95f71550>
[2026-06-03 15:47:12] picamera2.picamera2 [DEBUG] [process_requests:1459] Execute job: <picamera2.job.Job object at 0x7ffe95f71550>
[2026-06-03 15:47:12] picamera2.picamera2 [DEBUG] [process_requests:1459] Execute job: <picamera2.job.Job object at 0x7ffe95f71550>
[2026-06-03 15:47:12] werkzeug [INFO] [_log:97] 127.0.0.1 - - [03/Jun/2026 15:47:12] "GET /api/camera/snapshot?t=1780490832220 HTTP/1.1" 200 -
[2026-06-03 15:47:12] picamera2.picamera2 [DEBUG] [process_requests:1459] Execute job: <picamera2.job.Job object at 0x7ffe95f71550>
[2026-06-03 15:47:12] picamera2.picamera2 [DEBUG] [process_requests:1459] Execute job: <picamera2.job.Job object at 0x7ffe95f71550>
[2026-06-03 15:47:12] werkzeug [INFO] [_log:97] 127.0.0.1 - - [03/Jun/2026 15:47:12] "GET /api/camera/snapshot?t=1780490832371 HTTP/1.1" 200 -
[2026-06-03 15:47:12] picamera2.picamera2 [DEBUG] [process_requests:1459] Execute job: <picamera2.job.Job object at 0x7ffe95f71550>
[2026-06-03 15:47:12] picamera2.picamera2 [DEBUG] [process_requests:1459] Execute job: <picamera2.job.Job object at 0x7ffe95f71550>
[2026-06-03 15:47:12] picamera2.picamera2 [DEBUG] [process_requests:1459] Execute job: <picamera2.job.Job object at 0x7ffe95f71550>
[2026-06-03 15:47:12] picamera2.picamera2 [DEBUG] [process_requests:1459] Execute job: <picamera2.job.Job object at 0x7ffe95f71550>
[2026-06-03 15:47:12] picamera2.picamera2 [DEBUG] [process_requests:1459] Execute job: <picamera2.job.Job object at 0x7ffe95f71550>
[2026-06-03 15:47:12] picamera2.picamera2 [DEBUG] [process_requests:1459] Execute job: <picamera2.job.Job object at 0x7ffe95f71550>
[2026-06-03 15:47:12] picamera2.picamera2 [DEBUG] [process_requests:1459] Execute job: <picamera2.job.Job object at 0x7ffe95f71550>
[2026-06-03 15:47:12] picamera2.picamera2 [DEBUG] [process_requests:1459] Execute job: <picamera2.job.Job object at 0x7ffe95f71550>
[2026-06-03 15:47:12] picamera2.picamera2 [DEBUG] [process_requests:1459] Execute job: <picamera2.job.Job object at 0x7ffe95f71550>
[2026-06-03 15:47:12] werkzeug [INFO] [_log:97] 127.0.0.1 - - [03/Jun/2026 15:47:12] "GET /api/camera/snapshot?t=1780490832521 HTTP/1.1" 200 -
[2026-06-03 15:47:12] picamera2.picamera2 [DEBUG] [process_requests:1459] Execute job: <picamera2.job.Job object at 0x7ffe95f71550>
[2026-06-03 15:47:12] picamera2.picamera2 [DEBUG] [process_requests:1459] Execute job: <picamera2.job.Job object at 0x7ffe95f71550>
[2026-06-03 15:47:12] werkzeug [INFO] [_log:97] 127.0.0.1 - - [03/Jun/2026 15:47:12] "GET /api/camera/snapshot?t=1780490832672 HTTP/1.1" 200 -
[2026-06-03 15:47:12] picamera2.picamera2 [DEBUG] [process_requests:1459] Execute job: <picamera2.job.Job object at 0x7ffe95f71550>
[2026-06-03 15:47:12] picamera2.picamera2 [DEBUG] [process_requests:1459] Execute job: <picamera2.job.Job object at 0x7ffe95f71550>
[2026-06-03 15:47:12] picamera2.picamera2 [DEBUG] [process_requests:1459] Execute job: <picamera2.job.Job object at 0x7ffe95f71550>
[2026-06-03 15:47:12] picamera2.picamera2 [DEBUG] [process_requests:1459] Execute job: <picamera2.job.Job object at 0x7ffe95f71550>
[2026-06-03 15:47:12] picamera2.picamera2 [DEBUG] [process_requests:1459] Execute job: <picamera2.job.Job object at 0x7ffe95f71550>
[2026-06-03 15:47:12] werkzeug [INFO] [_log:97] 127.0.0.1 - - [03/Jun/2026 15:47:12] "GET /api/camera/snapshot?t=1780490832820 HTTP/1.1" 200 -
[2026-06-03 15:47:13] picamera2.picamera2 [DEBUG] [process_requests:1459] Execute job: <picamera2.job.Job object at 0x7ffe95f71550>
[2026-06-03 15:47:13] picamera2.picamera2 [DEBUG] [process_requests:1459] Execute job: <picamera2.job.Job object at 0x7ffe95f71550>
[2026-06-03 15:47:13] picamera2.picamera2 [DEBUG] [process_requests:1459] Execute job: <picamera2.job.Job object at 0x7ffe95f71550>
[2026-06-03 15:47:13] picamera2.picamera2 [DEBUG] [process_requests:1459] Execute job: <picamera2.job.Job object at 0x7ffe95f71550>
[2026-06-03 15:47:13] picamera2.picamera2 [DEBUG] [process_requests:1459] Execute job: <picamera2.job.Job object at 0x7ffe95f71550>
[2026-06-03 15:47:13] werkzeug [INFO] [_log:97] 127.0.0.1 - - [03/Jun/2026 15:47:13] "GET /api/camera/snapshot?t=1780490832970 HTTP/1.1" 200 -
[2026-06-03 15:47:13] picamera2.picamera2 [DEBUG] [process_requests:1459] Execute job: <picamera2.job.Job object at 0x7ffe95f71550>
[2026-06-03 15:47:13] picamera2.picamera2 [DEBUG] [process_requests:1459] Execute job: <picamera2.job.Job object at 0x7ffe95f71550>
[2026-06-03 15:47:13] picamera2.picamera2 [DEBUG] [process_requests:1459] Execute job: <picamera2.job.Job object at 0x7ffe95f71550>
[2026-06-03 15:47:13] picamera2.picamera2 [DEBUG] [process_requests:1459] Execute job: <picamera2.job.Job object at 0x7ffe95f71550>
[2026-06-03 15:47:13] werkzeug [INFO] [_log:97] 127.0.0.1 - - [03/Jun/2026 15:47:13] "GET /api/camera/snapshot?t=1780490833120 HTTP/1.1" 200 -
[2026-06-03 15:47:13] picamera2.picamera2 [DEBUG] [process_requests:1459] Execute job: <picamera2.job.Job object at 0x7ffe95f71550>
[2026-06-03 15:47:13] picamera2.picamera2 [DEBUG] [process_requests:1459] Execute job: <picamera2.job.Job object at 0x7ffe95f71550>
[2026-06-03 15:47:13] picamera2.picamera2 [DEBUG] [process_requests:1459] Execute job: <picamera2.job.Job object at 0x7ffe95f71550>
[2026-06-03 15:47:13] werkzeug [INFO] [_log:97] 127.0.0.1 - - [03/Jun/2026 15:47:13] "GET /api/camera/snapshot?t=1780490833272 HTTP/1.1" 200 -
[2026-06-03 15:47:13] picamera2.picamera2 [DEBUG] [process_requests:1459] Execute job: <picamera2.job.Job object at 0x7ffe95f71550>
[2026-06-03 15:47:13] picamera2.picamera2 [DEBUG] [process_requests:1459] Execute job: <picamera2.job.Job object at 0x7ffe95f71550>
[2026-06-03 15:47:13] picamera2.picamera2 [DEBUG] [process_requests:1459] Execute job: <picamera2.job.Job object at 0x7ffe95f71550>
[2026-06-03 15:47:13] picamera2.picamera2 [DEBUG] [process_requests:1459] Execute job: <picamera2.job.Job object at 0x7ffe95f71550>
[2026-06-03 15:47:13] picamera2.picamera2 [DEBUG] [process_requests:1459] Execute job: <picamera2.job.Job object at 0x7ffe95f71550>
[2026-06-03 15:47:13] picamera2.picamera2 [DEBUG] [process_requests:1459] Execute job: <picamera2.job.Job object at 0x7ffe95f71550>
[2026-06-03 15:47:13] picamera2.picamera2 [DEBUG] [process_requests:1459] Execute job: <picamera2.job.Job object at 0x7ffe95f71550>
[2026-06-03 15:47:13] sense.sensors.sensor_base [DEBUG] [poll:164] Sensor heat_grid: poll_result | physical=[[23.25, 23.0, 20.25, 19.25, 20.75, 20.0, 20.75, 20.5], [23.0, 21.5, 20.25, 20.5, 19.5, 19.75, 20.25, 19.75], [21.25, 21.0, 20.25, 20.5, 20.0, 19.25, 19.75, 19.5], [21.5, 20.5, 20.75, 19.75, 20.0, 20.0, 20.25, 19.5], [21.25, 21.0, 20.0, 20.0, 20.5, 19.75, 20.25, 20.5], [20.75, 20.75, 20.25, 20.0, 20.0, 19.5, 20.25, 20.0], [21.25, 20.75, 20.75, 20.25, 20.0, 20.0, 19.75, 20.0], [20.5, 20.75, 20.0, 20.25, 19.75, 20.0, 20.0, 20.25]] C | normalized=0.291 | threshold_hit=False
[2026-06-03 15:47:13] werkzeug [INFO] [_log:97] 127.0.0.1 - - [03/Jun/2026 15:47:13] "GET /api/camera/snapshot?t=1780490833420 HTTP/1.1" 200 -
[2026-06-03 15:47:13] sense.sensors.sensor_base [DEBUG] [poll:164] Sensor smoke: poll_result | physical=7.376283842613144e-08 ppm | normalized=0.000 | threshold_hit=False
[2026-06-03 15:47:13] picamera2.picamera2 [DEBUG] [process_requests:1459] Execute job: <picamera2.job.Job object at 0x7ffe95f71550>
[2026-06-03 15:47:13] picamera2.picamera2 [DEBUG] [process_requests:1459] Execute job: <picamera2.job.Job object at 0x7ffe95f71550>
[2026-06-03 15:47:13] picamera2.picamera2 [DEBUG] [process_requests:1459] Execute job: <picamera2.job.Job object at 0x7ffe95f71550>
[2026-06-03 15:47:13] picamera2.picamera2 [DEBUG] [process_requests:1459] Execute job: <picamera2.job.Job object at 0x7ffe95f71550>
[2026-06-03 15:47:13] werkzeug [INFO] [_log:97] 127.0.0.1 - - [03/Jun/2026 15:47:13] "GET /api/camera/snapshot?t=1780490833570 HTTP/1.1" 200 -
[2026-06-03 15:47:13] picamera2.picamera2 [DEBUG] [process_requests:1459] Execute job: <picamera2.job.Job object at 0x7ffe95f71550>
[2026-06-03 15:47:13] picamera2.picamera2 [DEBUG] [process_requests:1459] Execute job: <picamera2.job.Job object at 0x7ffe95f71550>
[2026-06-03 15:47:13] picamera2.picamera2 [DEBUG] [process_requests:1459] Execute job: <picamera2.job.Job object at 0x7ffe95f71550>
[2026-06-03 15:47:13] picamera2.picamera2 [DEBUG] [process_requests:1459] Execute job: <picamera2.job.Job object at 0x7ffe95f71550>
[2026-06-03 15:47:13] werkzeug [INFO] [_log:97] 127.0.0.1 - - [03/Jun/2026 15:47:13] "GET /api/camera/snapshot?t=1780490833721 HTTP/1.1" 200 -
[2026-06-03 15:47:13] picamera2.picamera2 [DEBUG] [process_requests:1459] Execute job: <picamera2.job.Job object at 0x7ffe95f71550>
[2026-06-03 15:47:13] picamera2.picamera2 [DEBUG] [process_requests:1459] Execute job: <picamera2.job.Job object at 0x7ffe95f71550>
[2026-06-03 15:47:13] picamera2.picamera2 [DEBUG] [process_requests:1459] Execute job: <picamera2.job.Job object at 0x7ffe95f71550>
[2026-06-03 15:47:14] picamera2.picamera2 [DEBUG] [process_requests:1459] Execute job: <picamera2.job.Job object at 0x7ffe95f71550>
[2026-06-03 15:47:14] picamera2.picamera2 [DEBUG] [process_requests:1459] Execute job: <picamera2.job.Job object at 0x7ffe95f71550>
[2026-06-03 15:47:14] werkzeug [INFO] [_log:97] 127.0.0.1 - - [03/Jun/2026 15:47:14] "GET /api/camera/snapshot?t=1780490833870 HTTP/1.1" 200 -
[2026-06-03 15:47:14] picamera2.picamera2 [DEBUG] [process_requests:1459] Execute job: <picamera2.job.Job object at 0x7ffe95f71550>
[2026-06-03 15:47:14] picamera2.picamera2 [DEBUG] [process_requests:1459] Execute job: <picamera2.job.Job object at 0x7ffe95f71550>
[2026-06-03 15:47:14] picamera2.picamera2 [DEBUG] [process_requests:1459] Execute job: <picamera2.job.Job object at 0x7ffe95f71550>
[2026-06-03 15:47:14] picamera2.picamera2 [DEBUG] [process_requests:1459] Execute job: <picamera2.job.Job object at 0x7ffe95f71550>
[2026-06-03 15:47:14] werkzeug [INFO] [_log:97] 127.0.0.1 - - [03/Jun/2026 15:47:14] "GET /api/camera/snapshot?t=1780490834020 HTTP/1.1" 200 -
[2026-06-03 15:47:14] picamera2.picamera2 [DEBUG] [process_requests:1459] Execute job: <picamera2.job.Job object at 0x7ffe95f71550>
[2026-06-03 15:47:14] picamera2.picamera2 [DEBUG] [process_requests:1459] Execute job: <picamera2.job.Job object at 0x7ffe95f71550>
[2026-06-03 15:47:14] picamera2.picamera2 [DEBUG] [process_requests:1459] Execute job: <picamera2.job.Job object at 0x7ffe95f71550>
[2026-06-03 15:47:14] picamera2.picamera2 [DEBUG] [process_requests:1459] Execute job: <picamera2.job.Job object at 0x7ffe95f71550>
[2026-06-03 15:47:14] picamera2.picamera2 [DEBUG] [process_requests:1459] Execute job: <picamera2.job.Job object at 0x7ffe95f71550>
[2026-06-03 15:47:14] werkzeug [INFO] [_log:97] 127.0.0.1 - - [03/Jun/2026 15:47:14] "GET /api/camera/snapshot?t=1780490834170 HTTP/1.1" 200 -
[2026-06-03 15:47:14] picamera2.picamera2 [DEBUG] [process_requests:1459] Execute job: <picamera2.job.Job object at 0x7ffe95f71550>
[2026-06-03 15:47:14] picamera2.picamera2 [DEBUG] [process_requests:1459] Execute job: <picamera2.job.Job object at 0x7ffe95f71550>
[2026-06-03 15:47:14] picamera2.picamera2 [DEBUG] [process_requests:1459] Execute job: <picamera2.job.Job object at 0x7ffe95f71550>
[2026-06-03 15:47:14] picamera2.picamera2 [DEBUG] [process_requests:1459] Execute job: <picamera2.job.Job object at 0x7ffe95f71550>
[2026-06-03 15:47:14] picamera2.picamera2 [DEBUG] [process_requests:1459] Execute job: <picamera2.job.Job object at 0x7ffe95f71550>
[2026-06-03 15:47:14] picamera2.picamera2 [DEBUG] [process_requests:1459] Execute job: <picamera2.job.Job object at 0x7ffe95f71550>
[2026-06-03 15:47:14] picamera2.picamera2 [DEBUG] [process_requests:1459] Execute job: <picamera2.job.Job object at 0x7ffe95f71550>
[2026-06-03 15:47:14] picamera2.picamera2 [DEBUG] [process_requests:1459] Execute job: <picamera2.job.Job object at 0x7ffe95f71550>
[2026-06-03 15:47:14] picamera2.picamera2 [DEBUG] [process_requests:1459] Execute job: <picamera2.job.Job object at 0x7ffe95f71550>
[2026-06-03 15:47:14] picamera2.picamera2 [DEBUG] [process_requests:1459] Execute job: <picamera2.job.Job object at 0x7ffe95f71550>
[2026-06-03 15:47:14] picamera2.picamera2 [DEBUG] [process_requests:1459] Execute job: <picamera2.job.Job object at 0x7ffe95f71550>
[2026-06-03 15:47:14] picamera2.picamera2 [DEBUG] [process_requests:1459] Execute job: <picamera2.job.Job object at 0x7ffe95f71550>
[2026-06-03 15:47:14] picamera2.picamera2 [DEBUG] [process_requests:1459] Execute job: <picamera2.job.Job object at 0x7ffe95f71550>
[2026-06-03 15:47:14] werkzeug [INFO] [_log:97] 127.0.0.1 - - [03/Jun/2026 15:47:14] "GET /api/camera/snapshot?t=1780490834321 HTTP/1.1" 200 -
[2026-06-03 15:47:14] werkzeug [INFO] [_log:97] 127.0.0.1 - - [03/Jun/2026 15:47:14] "GET /api/camera/snapshot?t=1780490834470 HTTP/1.1" 200 -
[2026-06-03 15:47:14] werkzeug [INFO] [_log:97] 127.0.0.1 - - [03/Jun/2026 15:47:14] "GET /api/camera/snapshot?t=1780490834620 HTTP/1.1" 200 -
[2026-06-03 15:47:14] picamera2.picamera2 [DEBUG] [process_requests:1459] Execute job: <picamera2.job.Job object at 0x7ffe95f71550>
[2026-06-03 15:47:14] picamera2.picamera2 [DEBUG] [process_requests:1459] Execute job: <picamera2.job.Job object at 0x7ffe95f71550>
[2026-06-03 15:47:14] picamera2.picamera2 [DEBUG] [process_requests:1459] Execute job: <picamera2.job.Job object at 0x7ffe95f71550>
[2026-06-03 15:47:14] picamera2.picamera2 [DEBUG] [process_requests:1459] Execute job: <picamera2.job.Job object at 0x7ffe95f71550>
[2026-06-03 15:47:14] picamera2.picamera2 [DEBUG] [process_requests:1459] Execute job: <picamera2.job.Job object at 0x7ffe95f71550>
[2026-06-03 15:47:14] picamera2.picamera2 [DEBUG] [process_requests:1459] Execute job: <picamera2.job.Job object at 0x7ffe95f71550>
[2026-06-03 15:47:14] werkzeug [INFO] [_log:97] 127.0.0.1 - - [03/Jun/2026 15:47:14] "GET /api/camera/snapshot?t=1780490834770 HTTP/1.1" 200 -
[2026-06-03 15:47:15] picamera2.picamera2 [DEBUG] [process_requests:1459] Execute job: <picamera2.job.Job object at 0x7ffe95f71550>
[2026-06-03 15:47:15] picamera2.picamera2 [DEBUG] [process_requests:1459] Execute job: <picamera2.job.Job object at 0x7ffe95f71550>
[2026-06-03 15:47:15] picamera2.picamera2 [DEBUG] [process_requests:1459] Execute job: <picamera2.job.Job object at 0x7ffe95f71550>
[2026-06-03 15:47:15] werkzeug [INFO] [_log:97] 127.0.0.1 - - [03/Jun/2026 15:47:15] "GET /api/camera/snapshot?t=1780490834920 HTTP/1.1" 200 -
[2026-06-03 15:47:15] picamera2.picamera2 [DEBUG] [process_requests:1459] Execute job: <picamera2.job.Job object at 0x7ffe95f71550>
[2026-06-03 15:47:15] picamera2.picamera2 [DEBUG] [process_requests:1459] Execute job: <picamera2.job.Job object at 0x7ffe95f71550>
[2026-06-03 15:47:15] picamera2.picamera2 [DEBUG] [process_requests:1459] Execute job: <picamera2.job.Job object at 0x7ffe95f71550>
[2026-06-03 15:47:15] picamera2.picamera2 [DEBUG] [process_requests:1459] Execute job: <picamera2.job.Job object at 0x7ffe95f71550>
[2026-06-03 15:47:15] picamera2.picamera2 [DEBUG] [process_requests:1459] Execute job: <picamera2.job.Job object at 0x7ffe95f71550>
[2026-06-03 15:47:15] werkzeug [INFO] [_log:97] 127.0.0.1 - - [03/Jun/2026 15:47:15] "GET /api/camera/snapshot?t=1780490835070 HTTP/1.1" 200 -
[2026-06-03 15:47:15] picamera2.picamera2 [DEBUG] [process_requests:1459] Execute job: <picamera2.job.Job object at 0x7ffe95f71550>
[2026-06-03 15:47:15] picamera2.picamera2 [DEBUG] [process_requests:1459] Execute job: <picamera2.job.Job object at 0x7ffe95f71550>
[2026-06-03 15:47:15] picamera2.picamera2 [DEBUG] [process_requests:1459] Execute job: <picamera2.job.Job object at 0x7ffe95f71550>
[2026-06-03 15:47:15] picamera2.picamera2 [DEBUG] [process_requests:1459] Execute job: <picamera2.job.Job object at 0x7ffe95f71550>
[2026-06-03 15:47:15] werkzeug [INFO] [_log:97] 127.0.0.1 - - [03/Jun/2026 15:47:15] "GET /api/camera/snapshot?t=1780490835220 HTTP/1.1" 200 -
[2026-06-03 15:47:15] picamera2.picamera2 [DEBUG] [process_requests:1459] Execute job: <picamera2.job.Job object at 0x7ffe95f71550>
[2026-06-03 15:47:15] picamera2.picamera2 [DEBUG] [process_requests:1459] Execute job: <picamera2.job.Job object at 0x7ffe95f71550>
[2026-06-03 15:47:15] picamera2.picamera2 [DEBUG] [process_requests:1459] Execute job: <picamera2.job.Job object at 0x7ffe95f71550>
[2026-06-03 15:47:15] picamera2.picamera2 [DEBUG] [process_requests:1459] Execute job: <picamera2.job.Job object at 0x7ffe95f71550>
[2026-06-03 15:47:15] picamera2.picamera2 [DEBUG] [process_requests:1459] Execute job: <picamera2.job.Job object at 0x7ffe95f71550>
[2026-06-03 15:47:15] werkzeug [INFO] [_log:97] 127.0.0.1 - - [03/Jun/2026 15:47:15] "GET /api/camera/snapshot?t=1780490835370 HTTP/1.1" 200 -
[2026-06-03 15:47:15] picamera2.picamera2 [DEBUG] [process_requests:1459] Execute job: <picamera2.job.Job object at 0x7ffe95f71550>
[2026-06-03 15:47:15] picamera2.picamera2 [DEBUG] [process_requests:1459] Execute job: <picamera2.job.Job object at 0x7ffe95f71550>
[2026-06-03 15:47:15] picamera2.picamera2 [DEBUG] [process_requests:1459] Execute job: <picamera2.job.Job object at 0x7ffe95f71550>
[2026-06-03 15:47:15] picamera2.picamera2 [DEBUG] [process_requests:1459] Execute job: <picamera2.job.Job object at 0x7ffe95f71550>
[2026-06-03 15:47:15] werkzeug [INFO] [_log:97] 127.0.0.1 - - [03/Jun/2026 15:47:15] "GET /api/camera/snapshot?t=1780490835520 HTTP/1.1" 200 -
[2026-06-03 15:47:15] picamera2.picamera2 [DEBUG] [process_requests:1459] Execute job: <picamera2.job.Job object at 0x7ffe95f71550>
[2026-06-03 15:47:15] picamera2.picamera2 [DEBUG] [process_requests:1459] Execute job: <picamera2.job.Job object at 0x7ffe95f71550>
[2026-06-03 15:47:15] picamera2.picamera2 [DEBUG] [process_requests:1459] Execute job: <picamera2.job.Job object at 0x7ffe95f71550>
[2026-06-03 15:47:15] picamera2.picamera2 [DEBUG] [process_requests:1459] Execute job: <picamera2.job.Job object at 0x7ffe95f71550>
[2026-06-03 15:47:15] picamera2.picamera2 [DEBUG] [process_requests:1459] Execute job: <picamera2.job.Job object at 0x7ffe95f71550>
[2026-06-03 15:47:15] werkzeug [INFO] [_log:97] 127.0.0.1 - - [03/Jun/2026 15:47:15] "GET /api/camera/snapshot?t=1780490835671 HTTP/1.1" 200 -
[2026-06-03 15:47:15] picamera2.picamera2 [DEBUG] [process_requests:1459] Execute job: <picamera2.job.Job object at 0x7ffe95f71550>
[2026-06-03 15:47:15] picamera2.picamera2 [DEBUG] [process_requests:1459] Execute job: <picamera2.job.Job object at 0x7ffe95f71550>
[2026-06-03 15:47:15] picamera2.picamera2 [DEBUG] [process_requests:1459] Execute job: <picamera2.job.Job object at 0x7ffe95f71550>
[2026-06-03 15:47:15] picamera2.picamera2 [DEBUG] [process_requests:1459] Execute job: <picamera2.job.Job object at 0x7ffe95f71550>
[2026-06-03 15:47:15] werkzeug [INFO] [_log:97] 127.0.0.1 - - [03/Jun/2026 15:47:15] "GET /api/camera/snapshot?t=1780490835821 HTTP/1.1" 200 -
[2026-06-03 15:47:16] picamera2.picamera2 [DEBUG] [process_requests:1459] Execute job: <picamera2.job.Job object at 0x7ffe95f71550>
[2026-06-03 15:47:16] picamera2.picamera2 [DEBUG] [process_requests:1459] Execute job: <picamera2.job.Job object at 0x7ffe95f71550>
[2026-06-03 15:47:16] picamera2.picamera2 [DEBUG] [process_requests:1459] Execute job: <picamera2.job.Job object at 0x7ffe95f71550>
[2026-06-03 15:47:16] picamera2.picamera2 [DEBUG] [process_requests:1459] Execute job: <picamera2.job.Job object at 0x7ffe95f71550>
[2026-06-03 15:47:16] picamera2.picamera2 [DEBUG] [process_requests:1459] Execute job: <picamera2.job.Job object at 0x7ffe95f71550>
[2026-06-03 15:47:16] werkzeug [INFO] [_log:97] 127.0.0.1 - - [03/Jun/2026 15:47:16] "GET /api/camera/snapshot?t=1780490835972 HTTP/1.1" 200 -
[2026-06-03 15:47:16] picamera2.picamera2 [DEBUG] [process_requests:1459] Execute job: <picamera2.job.Job object at 0x7ffe95f71550>
[2026-06-03 15:47:16] picamera2.picamera2 [DEBUG] [process_requests:1459] Execute job: <picamera2.job.Job object at 0x7ffe95f71550>
[2026-06-03 15:47:16] picamera2.picamera2 [DEBUG] [process_requests:1459] Execute job: <picamera2.job.Job object at 0x7ffe95f71550>
[2026-06-03 15:47:16] picamera2.picamera2 [DEBUG] [process_requests:1459] Execute job: <picamera2.job.Job object at 0x7ffe95f71550>
[2026-06-03 15:47:16] werkzeug [INFO] [_log:97] 127.0.0.1 - - [03/Jun/2026 15:47:16] "GET /api/camera/snapshot?t=1780490836121 HTTP/1.1" 200 -
[2026-06-03 15:47:16] picamera2.picamera2 [DEBUG] [process_requests:1459] Execute job: <picamera2.job.Job object at 0x7ffe95f71550>
[2026-06-03 15:47:16] picamera2.picamera2 [DEBUG] [process_requests:1459] Execute job: <picamera2.job.Job object at 0x7ffe95f71550>
[2026-06-03 15:47:16] picamera2.picamera2 [DEBUG] [process_requests:1459] Execute job: <picamera2.job.Job object at 0x7ffe95f71550>
[2026-06-03 15:47:16] picamera2.picamera2 [DEBUG] [process_requests:1459] Execute job: <picamera2.job.Job object at 0x7ffe95f71550>
[2026-06-03 15:47:16] picamera2.picamera2 [DEBUG] [process_requests:1459] Execute job: <picamera2.job.Job object at 0x7ffe95f71550>
[2026-06-03 15:47:16] werkzeug [INFO] [_log:97] 127.0.0.1 - - [03/Jun/2026 15:47:16] "GET /api/camera/snapshot?t=1780490836271 HTTP/1.1" 200 -
[2026-06-03 15:47:16] picamera2.picamera2 [DEBUG] [process_requests:1459] Execute job: <picamera2.job.Job object at 0x7ffe95f71550>
[2026-06-03 15:47:16] picamera2.picamera2 [DEBUG] [process_requests:1459] Execute job: <picamera2.job.Job object at 0x7ffe95f71550>
[2026-06-03 15:47:16] picamera2.picamera2 [DEBUG] [process_requests:1459] Execute job: <picamera2.job.Job object at 0x7ffe95f71550>
[2026-06-03 15:47:16] picamera2.picamera2 [DEBUG] [process_requests:1459] Execute job: <picamera2.job.Job object at 0x7ffe95f71550>
[2026-06-03 15:47:16] picamera2.picamera2 [DEBUG] [process_requests:1459] Execute job: <picamera2.job.Job object at 0x7ffe95f71550>
[2026-06-03 15:47:16] werkzeug [INFO] [_log:97] 127.0.0.1 - - [03/Jun/2026 15:47:16] "GET /api/camera/snapshot?t=1780490836420 HTTP/1.1" 200 -
[2026-06-03 15:47:16] picamera2.picamera2 [DEBUG] [process_requests:1459] Execute job: <picamera2.job.Job object at 0x7ffe95f71550>
[2026-06-03 15:47:16] picamera2.picamera2 [DEBUG] [process_requests:1459] Execute job: <picamera2.job.Job object at 0x7ffe95f71550>
[2026-06-03 15:47:16] picamera2.picamera2 [DEBUG] [process_requests:1459] Execute job: <picamera2.job.Job object at 0x7ffe95f71550>
[2026-06-03 15:47:16] picamera2.picamera2 [DEBUG] [process_requests:1459] Execute job: <picamera2.job.Job object at 0x7ffe95f71550>
[2026-06-03 15:47:16] werkzeug [INFO] [_log:97] 127.0.0.1 - - [03/Jun/2026 15:47:16] "GET /api/camera/snapshot?t=1780490836570 HTTP/1.1" 200 -
[2026-06-03 15:47:16] picamera2.picamera2 [DEBUG] [process_requests:1459] Execute job: <picamera2.job.Job object at 0x7ffe95f71550>
[2026-06-03 15:47:16] picamera2.picamera2 [DEBUG] [process_requests:1459] Execute job: <picamera2.job.Job object at 0x7ffe95f71550>
[2026-06-03 15:47:16] picamera2.picamera2 [DEBUG] [process_requests:1459] Execute job: <picamera2.job.Job object at 0x7ffe95f71550>
[2026-06-03 15:47:16] picamera2.picamera2 [DEBUG] [process_requests:1459] Execute job: <picamera2.job.Job object at 0x7ffe95f71550>
[2026-06-03 15:47:16] picamera2.picamera2 [DEBUG] [process_requests:1459] Execute job: <picamera2.job.Job object at 0x7ffe95f71550>
[2026-06-03 15:47:16] picamera2.picamera2 [DEBUG] [process_requests:1459] Execute job: <picamera2.job.Job object at 0x7ffe95f71550>
[2026-06-03 15:47:16] picamera2.picamera2 [DEBUG] [process_requests:1459] Execute job: <picamera2.job.Job object at 0x7ffe95f71550>
[2026-06-03 15:47:16] werkzeug [INFO] [_log:97] 127.0.0.1 - - [03/Jun/2026 15:47:16] "GET /api/camera/snapshot?t=1780490836722 HTTP/1.1" 200 -
[2026-06-03 15:47:17] picamera2.picamera2 [DEBUG] [process_requests:1459] Execute job: <picamera2.job.Job object at 0x7ffe95f71550>
[2026-06-03 15:47:17] picamera2.picamera2 [DEBUG] [process_requests:1459] Execute job: <picamera2.job.Job object at 0x7ffe95f71550>
[2026-06-03 15:47:17] picamera2.picamera2 [DEBUG] [process_requests:1459] Execute job: <picamera2.job.Job object at 0x7ffe95f71550>
[2026-06-03 15:47:17] picamera2.picamera2 [DEBUG] [process_requests:1459] Execute job: <picamera2.job.Job object at 0x7ffe95f71550>
[2026-06-03 15:47:17] picamera2.picamera2 [DEBUG] [process_requests:1459] Execute job: <picamera2.job.Job object at 0x7ffe95f71550>
[2026-06-03 15:47:17] werkzeug [INFO] [_log:97] 127.0.0.1 - - [03/Jun/2026 15:47:17] "GET /api/camera/snapshot?t=1780490836872 HTTP/1.1" 200 -
[2026-06-03 15:47:17] picamera2.picamera2 [DEBUG] [process_requests:1459] Execute job: <picamera2.job.Job object at 0x7ffe95f71550>
[2026-06-03 15:47:17] werkzeug [INFO] [_log:97] 127.0.0.1 - - [03/Jun/2026 15:47:17] "GET /api/camera/snapshot?t=1780490837020 HTTP/1.1" 200 -
[2026-06-03 15:47:17] picamera2.picamera2 [DEBUG] [process_requests:1459] Execute job: <picamera2.job.Job object at 0x7ffe95f71550>
[2026-06-03 15:47:17] picamera2.picamera2 [DEBUG] [process_requests:1459] Execute job: <picamera2.job.Job object at 0x7ffe95f71550>
[2026-06-03 15:47:17] picamera2.picamera2 [DEBUG] [process_requests:1459] Execute job: <picamera2.job.Job object at 0x7ffe95f71550>
[2026-06-03 15:47:17] picamera2.picamera2 [DEBUG] [process_requests:1459] Execute job: <picamera2.job.Job object at 0x7ffe95f71550>
[2026-06-03 15:47:17] picamera2.picamera2 [DEBUG] [process_requests:1459] Execute job: <picamera2.job.Job object at 0x7ffe95f71550>
[2026-06-03 15:47:17] werkzeug [INFO] [_log:97] 127.0.0.1 - - [03/Jun/2026 15:47:17] "GET /api/camera/snapshot?t=1780490837174 HTTP/1.1" 200 -
[2026-06-03 15:47:17] picamera2.picamera2 [DEBUG] [process_requests:1459] Execute job: <picamera2.job.Job object at 0x7ffe95f71550>
[2026-06-03 15:47:17] picamera2.picamera2 [DEBUG] [process_requests:1459] Execute job: <picamera2.job.Job object at 0x7ffe95f71550>
[2026-06-03 15:47:17] picamera2.picamera2 [DEBUG] [process_requests:1459] Execute job: <picamera2.job.Job object at 0x7ffe95f71550>
[2026-06-03 15:47:17] picamera2.picamera2 [DEBUG] [process_requests:1459] Execute job: <picamera2.job.Job object at 0x7ffe95f71550>
[2026-06-03 15:47:17] picamera2.picamera2 [DEBUG] [process_requests:1459] Execute job: <picamera2.job.Job object at 0x7ffe95f71550>
[2026-06-03 15:47:17] werkzeug [INFO] [_log:97] 127.0.0.1 - - [03/Jun/2026 15:47:17] "GET /api/camera/snapshot?t=1780490837320 HTTP/1.1" 200 -
[2026-06-03 15:47:17] picamera2.picamera2 [DEBUG] [process_requests:1459] Execute job: <picamera2.job.Job object at 0x7ffe95f71550>
[2026-06-03 15:47:17] picamera2.picamera2 [DEBUG] [process_requests:1459] Execute job: <picamera2.job.Job object at 0x7ffe95f71550>
[2026-06-03 15:47:17] picamera2.picamera2 [DEBUG] [process_requests:1459] Execute job: <picamera2.job.Job object at 0x7ffe95f71550>
[2026-06-03 15:47:17] picamera2.picamera2 [DEBUG] [process_requests:1459] Execute job: <picamera2.job.Job object at 0x7ffe95f71550>
[2026-06-03 15:47:17] picamera2.picamera2 [DEBUG] [process_requests:1459] Execute job: <picamera2.job.Job object at 0x7ffe95f71550>
[2026-06-03 15:47:17] werkzeug [INFO] [_log:97] 127.0.0.1 - - [03/Jun/2026 15:47:17] "GET /api/camera/snapshot?t=1780490837470 HTTP/1.1" 200 -
[2026-06-03 15:47:17] picamera2.picamera2 [DEBUG] [process_requests:1459] Execute job: <picamera2.job.Job object at 0x7ffe95f71550>
[2026-06-03 15:47:17] picamera2.picamera2 [DEBUG] [process_requests:1459] Execute job: <picamera2.job.Job object at 0x7ffe95f71550>
[2026-06-03 15:47:17] picamera2.picamera2 [DEBUG] [process_requests:1459] Execute job: <picamera2.job.Job object at 0x7ffe95f71550>
[2026-06-03 15:47:17] picamera2.picamera2 [DEBUG] [process_requests:1459] Execute job: <picamera2.job.Job object at 0x7ffe95f71550>
[2026-06-03 15:47:17] picamera2.picamera2 [DEBUG] [process_requests:1459] Execute job: <picamera2.job.Job object at 0x7ffe95f71550>
[2026-06-03 15:47:17] werkzeug [INFO] [_log:97] 127.0.0.1 - - [03/Jun/2026 15:47:17] "GET /api/camera/snapshot?t=1780490837620 HTTP/1.1" 200 -
[2026-06-03 15:47:17] picamera2.picamera2 [DEBUG] [process_requests:1459] Execute job: <picamera2.job.Job object at 0x7ffe95f71550>
[2026-06-03 15:47:17] picamera2.picamera2 [DEBUG] [process_requests:1459] Execute job: <picamera2.job.Job object at 0x7ffe95f71550>
[2026-06-03 15:47:17] picamera2.picamera2 [DEBUG] [process_requests:1459] Execute job: <picamera2.job.Job object at 0x7ffe95f71550>
[2026-06-03 15:47:17] werkzeug [INFO] [_log:97] 127.0.0.1 - - [03/Jun/2026 15:47:17] "GET /api/camera/snapshot?t=1780490837771 HTTP/1.1" 200 -
[2026-06-03 15:47:17] picamera2.picamera2 [DEBUG] [process_requests:1459] Execute job: <picamera2.job.Job object at 0x7ffe95f71550>
[2026-06-03 15:47:18] picamera2.picamera2 [DEBUG] [process_requests:1459] Execute job: <picamera2.job.Job object at 0x7ffe95f71550>
[2026-06-03 15:47:18] picamera2.picamera2 [DEBUG] [process_requests:1459] Execute job: <picamera2.job.Job object at 0x7ffe95f71550>
[2026-06-03 15:47:18] picamera2.picamera2 [DEBUG] [process_requests:1459] Execute job: <picamera2.job.Job object at 0x7ffe95f71550>
[2026-06-03 15:47:18] werkzeug [INFO] [_log:97] 127.0.0.1 - - [03/Jun/2026 15:47:18] "GET /api/camera/snapshot?t=1780490837921 HTTP/1.1" 200 -
[2026-06-03 15:47:18] picamera2.picamera2 [DEBUG] [process_requests:1459] Execute job: <picamera2.job.Job object at 0x7ffe95f71550>
[2026-06-03 15:47:18] picamera2.picamera2 [DEBUG] [process_requests:1459] Execute job: <picamera2.job.Job object at 0x7ffe95f71550>
[2026-06-03 15:47:18] picamera2.picamera2 [DEBUG] [process_requests:1459] Execute job: <picamera2.job.Job object at 0x7ffe95f71550>
[2026-06-03 15:47:18] picamera2.picamera2 [DEBUG] [process_requests:1459] Execute job: <picamera2.job.Job object at 0x7ffe95f71550>
[2026-06-03 15:47:18] werkzeug [INFO] [_log:97] 127.0.0.1 - - [03/Jun/2026 15:47:18] "GET /api/camera/snapshot?t=1780490838070 HTTP/1.1" 200 -
[2026-06-03 15:47:18] picamera2.picamera2 [DEBUG] [process_requests:1459] Execute job: <picamera2.job.Job object at 0x7ffe95f71550>
[2026-06-03 15:47:18] picamera2.picamera2 [DEBUG] [process_requests:1459] Execute job: <picamera2.job.Job object at 0x7ffe95f71550>
[2026-06-03 15:47:18] picamera2.picamera2 [DEBUG] [process_requests:1459] Execute job: <picamera2.job.Job object at 0x7ffe95f71550>
[2026-06-03 15:47:18] picamera2.picamera2 [DEBUG] [process_requests:1459] Execute job: <picamera2.job.Job object at 0x7ffe95f71550>
[2026-06-03 15:47:18] picamera2.picamera2 [DEBUG] [process_requests:1459] Execute job: <picamera2.job.Job object at 0x7ffe95f71550>
[2026-06-03 15:47:18] picamera2.picamera2 [DEBUG] [process_requests:1459] Execute job: <picamera2.job.Job object at 0x7ffe95f71550>
[2026-06-03 15:47:18] picamera2.picamera2 [DEBUG] [process_requests:1459] Execute job: <picamera2.job.Job object at 0x7ffe95f71550>
[2026-06-03 15:47:18] picamera2.picamera2 [DEBUG] [process_requests:1459] Execute job: <picamera2.job.Job object at 0x7ffe95f71550>
[2026-06-03 15:47:18] picamera2.picamera2 [DEBUG] [process_requests:1459] Execute job: <picamera2.job.Job object at 0x7ffe95f71550>
[2026-06-03 15:47:18] picamera2.picamera2 [DEBUG] [process_requests:1459] Execute job: <picamera2.job.Job object at 0x7ffe95f71550>
[2026-06-03 15:47:18] picamera2.picamera2 [DEBUG] [process_requests:1459] Execute job: <picamera2.job.Job object at 0x7ffe95f71550>
[2026-06-03 15:47:18] werkzeug [INFO] [_log:97] 127.0.0.1 - - [03/Jun/2026 15:47:18] "GET /api/camera/snapshot?t=1780490838220 HTTP/1.1" 200 -
[2026-06-03 15:47:18] picamera2.picamera2 [DEBUG] [process_requests:1459] Execute job: <picamera2.job.Job object at 0x7ffe95f71550>
[2026-06-03 15:47:18] picamera2.picamera2 [DEBUG] [process_requests:1459] Execute job: <picamera2.job.Job object at 0x7ffe95f71550>
[2026-06-03 15:47:18] picamera2.picamera2 [DEBUG] [process_requests:1459] Execute job: <picamera2.job.Job object at 0x7ffe95f71550>
[2026-06-03 15:47:18] picamera2.picamera2 [DEBUG] [process_requests:1459] Execute job: <picamera2.job.Job object at 0x7ffe95f71550>
[2026-06-03 15:47:18] picamera2.picamera2 [DEBUG] [process_requests:1459] Execute job: <picamera2.job.Job object at 0x7ffe95f71550>
[2026-06-03 15:47:18] picamera2.picamera2 [DEBUG] [process_requests:1459] Execute job: <picamera2.job.Job object at 0x7ffe95f71550>
[2026-06-03 15:47:18] picamera2.picamera2 [DEBUG] [process_requests:1459] Execute job: <picamera2.job.Job object at 0x7ffe95f71550>
[2026-06-03 15:47:18] picamera2.picamera2 [DEBUG] [process_requests:1459] Execute job: <picamera2.job.Job object at 0x7ffe95f71550>
[2026-06-03 15:47:18] picamera2.picamera2 [DEBUG] [process_requests:1459] Execute job: <picamera2.job.Job object at 0x7ffe95f71550>
[2026-06-03 15:47:18] picamera2.picamera2 [DEBUG] [process_requests:1459] Execute job: <picamera2.job.Job object at 0x7ffe95f71550>
[2026-06-03 15:47:18] picamera2.picamera2 [DEBUG] [process_requests:1459] Execute job: <picamera2.job.Job object at 0x7ffe95f71550>
[2026-06-03 15:47:18] picamera2.picamera2 [DEBUG] [process_requests:1459] Execute job: <picamera2.job.Job object at 0x7ffe95f71550>
[2026-06-03 15:47:18] picamera2.picamera2 [DEBUG] [process_requests:1459] Execute job: <picamera2.job.Job object at 0x7ffe95f71550>
[2026-06-03 15:47:19] picamera2.picamera2 [DEBUG] [process_requests:1459] Execute job: <picamera2.job.Job object at 0x7ffe95f71550>
[2026-06-03 15:47:19] picamera2.picamera2 [DEBUG] [process_requests:1459] Execute job: <picamera2.job.Job object at 0x7ffe95f71550>
[2026-06-03 15:47:19] picamera2.picamera2 [DEBUG] [process_requests:1459] Execute job: <picamera2.job.Job object at 0x7ffe95f71550>
[2026-06-03 15:47:19] picamera2.picamera2 [DEBUG] [process_requests:1459] Execute job: <picamera2.job.Job object at 0x7ffe95f71550>
[2026-06-03 15:47:19] picamera2.picamera2 [DEBUG] [process_requests:1459] Execute job: <picamera2.job.Job object at 0x7ffe95f71550>
[2026-06-03 15:47:19] picamera2.picamera2 [DEBUG] [process_requests:1459] Execute job: <picamera2.job.Job object at 0x7ffe95f71550>
[2026-06-03 15:47:19] picamera2.picamera2 [DEBUG] [process_requests:1459] Execute job: <picamera2.job.Job object at 0x7ffe95f71550>
[2026-06-03 15:47:19] picamera2.picamera2 [DEBUG] [process_requests:1459] Execute job: <picamera2.job.Job object at 0x7ffe95f71550>
[2026-06-03 15:47:19] picamera2.picamera2 [DEBUG] [process_requests:1459] Execute job: <picamera2.job.Job object at 0x7ffe95f71550>
[2026-06-03 15:47:19] picamera2.picamera2 [DEBUG] [process_requests:1459] Execute job: <picamera2.job.Job object at 0x7ffe95f71550>
[2026-06-03 15:47:19] picamera2.picamera2 [DEBUG] [process_requests:1459] Execute job: <picamera2.job.Job object at 0x7ffe95f71550>
[2026-06-03 15:47:19] picamera2.picamera2 [DEBUG] [process_requests:1459] Execute job: <picamera2.job.Job object at 0x7ffe95f71550>
[2026-06-03 15:47:19] picamera2.picamera2 [DEBUG] [process_requests:1459] Execute job: <picamera2.job.Job object at 0x7ffe95f71550>
[2026-06-03 15:47:19] picamera2.picamera2 [DEBUG] [process_requests:1459] Execute job: <picamera2.job.Job object at 0x7ffe95f71550>
[2026-06-03 15:47:19] picamera2.picamera2 [DEBUG] [process_requests:1459] Execute job: <picamera2.job.Job object at 0x7ffe95f71550>
[2026-06-03 15:47:19] picamera2.picamera2 [DEBUG] [process_requests:1459] Execute job: <picamera2.job.Job object at 0x7ffe95f71550>
[2026-06-03 15:47:19] picamera2.picamera2 [DEBUG] [process_requests:1459] Execute job: <picamera2.job.Job object at 0x7ffe95f71550>
[2026-06-03 15:47:19] picamera2.picamera2 [DEBUG] [process_requests:1459] Execute job: <picamera2.job.Job object at 0x7ffe95f71550>
[2026-06-03 15:47:19] picamera2.picamera2 [DEBUG] [process_requests:1459] Execute job: <picamera2.job.Job object at 0x7ffe95f71550>
[2026-06-03 15:47:19] picamera2.picamera2 [DEBUG] [process_requests:1459] Execute job: <picamera2.job.Job object at 0x7ffe95f71550>
[2026-06-03 15:47:19] picamera2.picamera2 [DEBUG] [process_requests:1459] Execute job: <picamera2.job.Job object at 0x7ffe95f71550>
[2026-06-03 15:47:19] picamera2.picamera2 [DEBUG] [process_requests:1459] Execute job: <picamera2.job.Job object at 0x7ffe95f71550>
[2026-06-03 15:47:19] picamera2.picamera2 [DEBUG] [process_requests:1459] Execute job: <picamera2.job.Job object at 0x7ffe95f71550>
[2026-06-03 15:47:19] picamera2.picamera2 [DEBUG] [process_requests:1459] Execute job: <picamera2.job.Job object at 0x7ffe95f71550>
[2026-06-03 15:47:19] picamera2.picamera2 [DEBUG] [process_requests:1459] Execute job: <picamera2.job.Job object at 0x7ffe95f71550>
[2026-06-03 15:47:19] picamera2.picamera2 [DEBUG] [process_requests:1459] Execute job: <picamera2.job.Job object at 0x7ffe95f71550>
[2026-06-03 15:47:19] picamera2.picamera2 [DEBUG] [process_requests:1459] Execute job: <picamera2.job.Job object at 0x7ffe95f71550>
[2026-06-03 15:47:19] picamera2.picamera2 [DEBUG] [process_requests:1459] Execute job: <picamera2.job.Job object at 0x7ffe95f71550>
[2026-06-03 15:47:19] picamera2.picamera2 [DEBUG] [process_requests:1459] Execute job: <picamera2.job.Job object at 0x7ffe95f71550>
[2026-06-03 15:47:20] picamera2.picamera2 [DEBUG] [process_requests:1459] Execute job: <picamera2.job.Job object at 0x7ffe95f71550>
[2026-06-03 15:47:20] picamera2.picamera2 [DEBUG] [process_requests:1459] Execute job: <picamera2.job.Job object at 0x7ffe95f71550>
[2026-06-03 15:47:20] picamera2.picamera2 [DEBUG] [process_requests:1459] Execute job: <picamera2.job.Job object at 0x7ffe95f71550>
[2026-06-03 15:47:20] picamera2.picamera2 [DEBUG] [process_requests:1459] Execute job: <picamera2.job.Job object at 0x7ffe95f71550>
[2026-06-03 15:47:20] picamera2.picamera2 [DEBUG] [process_requests:1459] Execute job: <picamera2.job.Job object at 0x7ffe95f71550>
[2026-06-03 15:47:20] picamera2.picamera2 [DEBUG] [process_requests:1459] Execute job: <picamera2.job.Job object at 0x7ffe95f71550>
[2026-06-03 15:47:20] picamera2.picamera2 [DEBUG] [process_requests:1459] Execute job: <picamera2.job.Job object at 0x7ffe95f71550>
[2026-06-03 15:47:20] picamera2.picamera2 [DEBUG] [process_requests:1459] Execute job: <picamera2.job.Job object at 0x7ffe95f71550>
[2026-06-03 15:47:20] picamera2.picamera2 [DEBUG] [process_requests:1459] Execute job: <picamera2.job.Job object at 0x7ffe95f71550>
[2026-06-03 15:47:20] picamera2.picamera2 [DEBUG] [process_requests:1459] Execute job: <picamera2.job.Job object at 0x7ffe95f71550>
[2026-06-03 15:47:20] picamera2.picamera2 [DEBUG] [process_requests:1459] Execute job: <picamera2.job.Job object at 0x7ffe95f71550>
[2026-06-03 15:47:20] picamera2.picamera2 [DEBUG] [process_requests:1459] Execute job: <picamera2.job.Job object at 0x7ffe95f71550>
[2026-06-03 15:47:20] picamera2.picamera2 [DEBUG] [process_requests:1459] Execute job: <picamera2.job.Job object at 0x7ffe95f71550>
[2026-06-03 15:47:20] picamera2.picamera2 [DEBUG] [process_requests:1459] Execute job: <picamera2.job.Job object at 0x7ffe95f71550>
[2026-06-03 15:47:20] werkzeug [INFO] [_log:97] 127.0.0.1 - - [03/Jun/2026 15:47:20] "GET /api/camera/snapshot?t=1780490838371 HTTP/1.1" 200 -
[2026-06-03 15:47:20] picamera2.picamera2 [DEBUG] [process_requests:1459] Execute job: <picamera2.job.Job object at 0x7ffe95f71550>
[2026-06-03 15:47:20] picamera2.picamera2 [DEBUG] [process_requests:1459] Execute job: <picamera2.job.Job object at 0x7ffe95f71550>
[2026-06-03 15:47:20] picamera2.picamera2 [DEBUG] [process_requests:1459] Execute job: <picamera2.job.Job object at 0x7ffe95f71550>
[2026-06-03 15:47:20] picamera2.picamera2 [DEBUG] [process_requests:1459] Execute job: <picamera2.job.Job object at 0x7ffe95f71550>
[2026-06-03 15:47:20] picamera2.picamera2 [DEBUG] [process_requests:1459] Execute job: <picamera2.job.Job object at 0x7ffe95f71550>
[2026-06-03 15:47:20] picamera2.picamera2 [DEBUG] [process_requests:1459] Execute job: <picamera2.job.Job object at 0x7ffe95f71550>
[2026-06-03 15:47:20] picamera2.picamera2 [DEBUG] [process_requests:1459] Execute job: <picamera2.job.Job object at 0x7ffe95f71550>
[2026-06-03 15:47:20] picamera2.picamera2 [DEBUG] [process_requests:1459] Execute job: <picamera2.job.Job object at 0x7ffe95f71550>
[2026-06-03 15:47:20] picamera2.picamera2 [DEBUG] [process_requests:1459] Execute job: <picamera2.job.Job object at 0x7ffe95f71550>
[2026-06-03 15:47:20] picamera2.picamera2 [DEBUG] [process_requests:1459] Execute job: <picamera2.job.Job object at 0x7ffe95f71550>
[2026-06-03 15:47:20] picamera2.picamera2 [DEBUG] [process_requests:1459] Execute job: <picamera2.job.Job object at 0x7ffe95f71550>
[2026-06-03 15:47:20] picamera2.picamera2 [DEBUG] [process_requests:1459] Execute job: <picamera2.job.Job object at 0x7ffe95f71550>
[2026-06-03 15:47:20] picamera2.picamera2 [DEBUG] [process_requests:1459] Execute job: <picamera2.job.Job object at 0x7ffe95f71550>
[2026-06-03 15:47:20] picamera2.picamera2 [DEBUG] [process_requests:1459] Execute job: <picamera2.job.Job object at 0x7ffe95f71550>
[2026-06-03 15:47:20] picamera2.picamera2 [DEBUG] [process_requests:1459] Execute job: <picamera2.job.Job object at 0x7ffe95f71550>
[2026-06-03 15:47:20] picamera2.picamera2 [DEBUG] [process_requests:1459] Execute job: <picamera2.job.Job object at 0x7ffe95f71550>
[2026-06-03 15:47:21] picamera2.picamera2 [DEBUG] [process_requests:1459] Execute job: <picamera2.job.Job object at 0x7ffe95f71550>
[2026-06-03 15:47:21] picamera2.picamera2 [DEBUG] [process_requests:1459] Execute job: <picamera2.job.Job object at 0x7ffe95f71550>
[2026-06-03 15:47:21] picamera2.picamera2 [DEBUG] [process_requests:1459] Execute job: <picamera2.job.Job object at 0x7ffe95f71550>
[2026-06-03 15:47:21] picamera2.picamera2 [DEBUG] [process_requests:1459] Execute job: <picamera2.job.Job object at 0x7ffe95f71550>
[2026-06-03 15:47:21] picamera2.picamera2 [DEBUG] [process_requests:1459] Execute job: <picamera2.job.Job object at 0x7ffe95f71550>
[2026-06-03 15:47:21] picamera2.picamera2 [DEBUG] [process_requests:1459] Execute job: <picamera2.job.Job object at 0x7ffe95f71550>
[2026-06-03 15:47:21] picamera2.picamera2 [DEBUG] [process_requests:1459] Execute job: <picamera2.job.Job object at 0x7ffe95f71550>
[2026-06-03 15:47:21] werkzeug [INFO] [_log:97] 127.0.0.1 - - [03/Jun/2026 15:47:21] "GET /api/camera/snapshot?t=1780490838520 HTTP/1.1" 200 -
[2026-06-03 15:47:21] picamera2.picamera2 [DEBUG] [process_requests:1459] Execute job: <picamera2.job.Job object at 0x7ffe95f71550>
[2026-06-03 15:47:21] picamera2.picamera2 [DEBUG] [process_requests:1459] Execute job: <picamera2.job.Job object at 0x7ffe95f71550>
[2026-06-03 15:47:21] picamera2.picamera2 [DEBUG] [process_requests:1459] Execute job: <picamera2.job.Job object at 0x7ffe95f71550>
[2026-06-03 15:47:21] picamera2.picamera2 [DEBUG] [process_requests:1459] Execute job: <picamera2.job.Job object at 0x7ffe95f71550>
[2026-06-03 15:47:21] picamera2.picamera2 [DEBUG] [process_requests:1459] Execute job: <picamera2.job.Job object at 0x7ffe95f71550>
[2026-06-03 15:47:21] picamera2.picamera2 [DEBUG] [process_requests:1459] Execute job: <picamera2.job.Job object at 0x7ffe95f71550>
[2026-06-03 15:47:21] picamera2.picamera2 [DEBUG] [process_requests:1459] Execute job: <picamera2.job.Job object at 0x7ffe95f71550>
[2026-06-03 15:47:21] picamera2.picamera2 [DEBUG] [process_requests:1459] Execute job: <picamera2.job.Job object at 0x7ffe95f71550>
[2026-06-03 15:47:21] picamera2.picamera2 [DEBUG] [process_requests:1459] Execute job: <picamera2.job.Job object at 0x7ffe95f71550>
[2026-06-03 15:47:21] picamera2.picamera2 [DEBUG] [process_requests:1459] Execute job: <picamera2.job.Job object at 0x7ffe95f71550>
[2026-06-03 15:47:21] picamera2.picamera2 [DEBUG] [process_requests:1459] Execute job: <picamera2.job.Job object at 0x7ffe95f71550>
[2026-06-03 15:47:21] picamera2.picamera2 [DEBUG] [process_requests:1459] Execute job: <picamera2.job.Job object at 0x7ffe95f71550>
[2026-06-03 15:47:21] picamera2.picamera2 [DEBUG] [process_requests:1459] Execute job: <picamera2.job.Job object at 0x7ffe95f71550>
[2026-06-03 15:47:21] picamera2.picamera2 [DEBUG] [process_requests:1459] Execute job: <picamera2.job.Job object at 0x7ffe95f71550>
[2026-06-03 15:47:21] picamera2.picamera2 [DEBUG] [process_requests:1459] Execute job: <picamera2.job.Job object at 0x7ffe95f71550>
[2026-06-03 15:47:21] picamera2.picamera2 [DEBUG] [process_requests:1459] Execute job: <picamera2.job.Job object at 0x7ffe95f71550>
[2026-06-03 15:47:21] picamera2.picamera2 [DEBUG] [process_requests:1459] Execute job: <picamera2.job.Job object at 0x7ffe95f71550>
[2026-06-03 15:47:21] picamera2.picamera2 [DEBUG] [process_requests:1459] Execute job: <picamera2.job.Job object at 0x7ffe95f71550>
[2026-06-03 15:47:21] picamera2.picamera2 [DEBUG] [process_requests:1459] Execute job: <picamera2.job.Job object at 0x7ffe95f71550>
[2026-06-03 15:47:21] picamera2.picamera2 [DEBUG] [process_requests:1459] Execute job: <picamera2.job.Job object at 0x7ffe95f71550>
[2026-06-03 15:47:21] picamera2.picamera2 [DEBUG] [process_requests:1459] Execute job: <picamera2.job.Job object at 0x7ffe95f71550>
[2026-06-03 15:47:21] picamera2.picamera2 [DEBUG] [process_requests:1459] Execute job: <picamera2.job.Job object at 0x7ffe95f71550>
[2026-06-03 15:47:21] picamera2.picamera2 [DEBUG] [process_requests:1459] Execute job: <picamera2.job.Job object at 0x7ffe95f71550>
[2026-06-03 15:47:21] picamera2.picamera2 [DEBUG] [process_requests:1459] Execute job: <picamera2.job.Job object at 0x7ffe95f71550>
[2026-06-03 15:47:22] picamera2.picamera2 [DEBUG] [process_requests:1459] Execute job: <picamera2.job.Job object at 0x7ffe95f71550>
[2026-06-03 15:47:22] picamera2.picamera2 [DEBUG] [process_requests:1459] Execute job: <picamera2.job.Job object at 0x7ffe95f71550>
[2026-06-03 15:47:22] picamera2.picamera2 [DEBUG] [process_requests:1459] Execute job: <picamera2.job.Job object at 0x7ffe95f71550>
[2026-06-03 15:47:22] picamera2.picamera2 [DEBUG] [process_requests:1459] Execute job: <picamera2.job.Job object at 0x7ffe95f71550>
[2026-06-03 15:47:22] picamera2.picamera2 [DEBUG] [process_requests:1459] Execute job: <picamera2.job.Job object at 0x7ffe95f71550>
[2026-06-03 15:47:22] picamera2.picamera2 [DEBUG] [process_requests:1459] Execute job: <picamera2.job.Job object at 0x7ffe95f71550>
[2026-06-03 15:47:22] picamera2.picamera2 [DEBUG] [process_requests:1459] Execute job: <picamera2.job.Job object at 0x7ffe95f71550>
[2026-06-03 15:47:22] picamera2.picamera2 [DEBUG] [process_requests:1459] Execute job: <picamera2.job.Job object at 0x7ffe95f71550>
[2026-06-03 15:47:22] picamera2.picamera2 [DEBUG] [process_requests:1459] Execute job: <picamera2.job.Job object at 0x7ffe95f71550>
[2026-06-03 15:47:22] picamera2.picamera2 [DEBUG] [process_requests:1459] Execute job: <picamera2.job.Job object at 0x7ffe95f71550>
[2026-06-03 15:47:22] picamera2.picamera2 [DEBUG] [process_requests:1459] Execute job: <picamera2.job.Job object at 0x7ffe95f71550>
[2026-06-03 15:47:22] picamera2.picamera2 [DEBUG] [process_requests:1459] Execute job: <picamera2.job.Job object at 0x7ffe95f71550>
[2026-06-03 15:47:22] picamera2.picamera2 [DEBUG] [process_requests:1459] Execute job: <picamera2.job.Job object at 0x7ffe95f71550>
[2026-06-03 15:47:22] picamera2.picamera2 [DEBUG] [process_requests:1459] Execute job: <picamera2.job.Job object at 0x7ffe95f71550>
[2026-06-03 15:47:22] picamera2.picamera2 [DEBUG] [process_requests:1459] Execute job: <picamera2.job.Job object at 0x7ffe95f71550>
[2026-06-03 15:47:22] picamera2.picamera2 [DEBUG] [process_requests:1459] Execute job: <picamera2.job.Job object at 0x7ffe95f71550>
[2026-06-03 15:47:22] picamera2.picamera2 [DEBUG] [process_requests:1459] Execute job: <picamera2.job.Job object at 0x7ffe95f71550>
[2026-06-03 15:47:22] picamera2.picamera2 [DEBUG] [process_requests:1459] Execute job: <picamera2.job.Job object at 0x7ffe95f71550>
[2026-06-03 15:47:22] picamera2.picamera2 [DEBUG] [process_requests:1459] Execute job: <picamera2.job.Job object at 0x7ffe95f71550>
[2026-06-03 15:47:22] picamera2.picamera2 [DEBUG] [process_requests:1459] Execute job: <picamera2.job.Job object at 0x7ffe95f71550>
[2026-06-03 15:47:22] picamera2.picamera2 [DEBUG] [process_requests:1459] Execute job: <picamera2.job.Job object at 0x7ffe95f71550>
[2026-06-03 15:47:22] picamera2.picamera2 [DEBUG] [process_requests:1459] Execute job: <picamera2.job.Job object at 0x7ffe95f71550>
[2026-06-03 15:47:22] picamera2.picamera2 [DEBUG] [process_requests:1459] Execute job: <picamera2.job.Job object at 0x7ffe95f71550>
[2026-06-03 15:47:22] picamera2.picamera2 [DEBUG] [process_requests:1459] Execute job: <picamera2.job.Job object at 0x7ffe95f71550>
[2026-06-03 15:47:22] picamera2.picamera2 [DEBUG] [process_requests:1459] Execute job: <picamera2.job.Job object at 0x7ffe95f71550>
[2026-06-03 15:47:22] picamera2.picamera2 [DEBUG] [process_requests:1459] Execute job: <picamera2.job.Job object at 0x7ffe95f71550>
[2026-06-03 15:47:22] picamera2.picamera2 [DEBUG] [process_requests:1459] Execute job: <picamera2.job.Job object at 0x7ffe95f71550>
[2026-06-03 15:47:22] picamera2.picamera2 [DEBUG] [process_requests:1459] Execute job: <picamera2.job.Job object at 0x7ffe95f71550>
[2026-06-03 15:47:22] picamera2.picamera2 [DEBUG] [process_requests:1459] Execute job: <picamera2.job.Job object at 0x7ffe95f71550>
[2026-06-03 15:47:22] picamera2.picamera2 [DEBUG] [process_requests:1459] Execute job: <picamera2.job.Job object at 0x7ffe95f71550>
[2026-06-03 15:47:23] picamera2.picamera2 [DEBUG] [process_requests:1459] Execute job: <picamera2.job.Job object at 0x7ffe95f71550>
[2026-06-03 15:47:23] picamera2.picamera2 [DEBUG] [process_requests:1459] Execute job: <picamera2.job.Job object at 0x7ffe95f71550>
[2026-06-03 15:47:23] picamera2.picamera2 [DEBUG] [process_requests:1459] Execute job: <picamera2.job.Job object at 0x7ffe95f71550>
[2026-06-03 15:47:23] picamera2.picamera2 [DEBUG] [process_requests:1459] Execute job: <picamera2.job.Job object at 0x7ffe95f71550>
[2026-06-03 15:47:23] picamera2.picamera2 [DEBUG] [process_requests:1459] Execute job: <picamera2.job.Job object at 0x7ffe95f71550>
[2026-06-03 15:47:23] picamera2.picamera2 [DEBUG] [process_requests:1459] Execute job: <picamera2.job.Job object at 0x7ffe95f71550>
[2026-06-03 15:47:23] picamera2.picamera2 [DEBUG] [process_requests:1459] Execute job: <picamera2.job.Job object at 0x7ffe95f71550>
[2026-06-03 15:47:23] picamera2.picamera2 [DEBUG] [process_requests:1459] Execute job: <picamera2.job.Job object at 0x7ffe95f71550>
[2026-06-03 15:47:23] picamera2.picamera2 [DEBUG] [process_requests:1459] Execute job: <picamera2.job.Job object at 0x7ffe95f71550>
[2026-06-03 15:47:23] picamera2.picamera2 [DEBUG] [process_requests:1459] Execute job: <picamera2.job.Job object at 0x7ffe95f71550>
[2026-06-03 15:47:23] picamera2.picamera2 [DEBUG] [process_requests:1459] Execute job: <picamera2.job.Job object at 0x7ffe95f71550>
[2026-06-03 15:47:23] werkzeug [INFO] [_log:97] 127.0.0.1 - - [03/Jun/2026 15:47:23] "GET /api/camera/snapshot?t=1780490838670 HTTP/1.1" 200 -
[2026-06-03 15:47:23] picamera2.picamera2 [DEBUG] [process_requests:1459] Execute job: <picamera2.job.Job object at 0x7ffe95f71550>
[2026-06-03 15:47:23] picamera2.picamera2 [DEBUG] [process_requests:1459] Execute job: <picamera2.job.Job object at 0x7ffe95f71550>
[2026-06-03 15:47:23] picamera2.picamera2 [DEBUG] [process_requests:1459] Execute job: <picamera2.job.Job object at 0x7ffe95f71550>
[2026-06-03 15:47:23] picamera2.picamera2 [DEBUG] [process_requests:1459] Execute job: <picamera2.job.Job object at 0x7ffe95f71550>
[2026-06-03 15:47:23] picamera2.picamera2 [DEBUG] [process_requests:1459] Execute job: <picamera2.job.Job object at 0x7ffe95f71550>
[2026-06-03 15:47:23] picamera2.picamera2 [DEBUG] [process_requests:1459] Execute job: <picamera2.job.Job object at 0x7ffe95f71550>
[2026-06-03 15:47:23] picamera2.picamera2 [DEBUG] [process_requests:1459] Execute job: <picamera2.job.Job object at 0x7ffe95f71550>
[2026-06-03 15:47:23] picamera2.picamera2 [DEBUG] [process_requests:1459] Execute job: <picamera2.job.Job object at 0x7ffe95f71550>
[2026-06-03 15:47:23] sense.sensors.sensor_base [DEBUG] [poll:164] Sensor heat_grid: poll_result | physical=[[24.0, 22.75, 21.25, 20.75, 21.5, 21.0, 21.5, 21.25], [24.0, 21.75, 21.5, 21.0, 20.75, 21.0, 21.0, 20.5], [22.25, 21.75, 21.5, 21.25, 21.0, 20.75, 21.0, 20.5], [22.25, 22.0, 21.5, 21.25, 21.0, 21.0, 21.0, 20.75], [22.5, 21.75, 21.0, 21.25, 21.0, 20.75, 21.25, 21.5], [21.5, 22.0, 20.75, 21.0, 21.0, 21.0, 20.75, 21.0], [21.5, 21.5, 21.0, 20.5, 20.75, 20.75, 20.75, 21.25], [21.0, 22.25, 20.75, 21.25, 21.0, 20.25, 20.5, 21.25]] C | normalized=0.300 | threshold_hit=False
[2026-06-03 15:47:23] sense.sensors.sensor_base [DEBUG] [poll:164] Sensor smoke: poll_result | physical=7.376283842613144e-08 ppm | normalized=0.000 | threshold_hit=False
[2026-06-03 15:47:23] picamera2.picamera2 [DEBUG] [process_requests:1459] Execute job: <picamera2.job.Job object at 0x7ffe95f71550>
[2026-06-03 15:47:23] picamera2.picamera2 [DEBUG] [process_requests:1459] Execute job: <picamera2.job.Job object at 0x7ffe95f71550>
[2026-06-03 15:47:23] picamera2.picamera2 [DEBUG] [process_requests:1459] Execute job: <picamera2.job.Job object at 0x7ffe95f71550>
[2026-06-03 15:47:23] picamera2.picamera2 [DEBUG] [process_requests:1459] Execute job: <picamera2.job.Job object at 0x7ffe95f71550>
[2026-06-03 15:47:23] picamera2.picamera2 [DEBUG] [process_requests:1459] Execute job: <picamera2.job.Job object at 0x7ffe95f71550>
[2026-06-03 15:47:23] picamera2.picamera2 [DEBUG] [process_requests:1459] Execute job: <picamera2.job.Job object at 0x7ffe95f71550>
[2026-06-03 15:47:23] werkzeug [INFO] [_log:97] 127.0.0.1 - - [03/Jun/2026 15:47:23] "GET /api/camera/snapshot?t=1780490838822 HTTP/1.1" 200 -
[2026-06-03 15:47:23] picamera2.picamera2 [DEBUG] [process_requests:1459] Execute job: <picamera2.job.Job object at 0x7ffe95f71550>
[2026-06-03 15:47:23] picamera2.picamera2 [DEBUG] [process_requests:1459] Execute job: <picamera2.job.Job object at 0x7ffe95f71550>
[2026-06-03 15:47:23] picamera2.picamera2 [DEBUG] [process_requests:1459] Execute job: <picamera2.job.Job object at 0x7ffe95f71550>
[2026-06-03 15:47:23] picamera2.picamera2 [DEBUG] [process_requests:1459] Execute job: <picamera2.job.Job object at 0x7ffe95f71550>
[2026-06-03 15:47:23] picamera2.picamera2 [DEBUG] [process_requests:1459] Execute job: <picamera2.job.Job object at 0x7ffe95f71550>
[2026-06-03 15:47:24] picamera2.picamera2 [DEBUG] [process_requests:1459] Execute job: <picamera2.job.Job object at 0x7ffe95f71550>
[2026-06-03 15:47:24] picamera2.picamera2 [DEBUG] [process_requests:1459] Execute job: <picamera2.job.Job object at 0x7ffe95f71550>
[2026-06-03 15:47:24] picamera2.picamera2 [DEBUG] [process_requests:1459] Execute job: <picamera2.job.Job object at 0x7ffe95f71550>
[2026-06-03 15:47:24] picamera2.picamera2 [DEBUG] [process_requests:1459] Execute job: <picamera2.job.Job object at 0x7ffe95f71550>
[2026-06-03 15:47:24] picamera2.picamera2 [DEBUG] [process_requests:1459] Execute job: <picamera2.job.Job object at 0x7ffe95f71550>
[2026-06-03 15:47:24] picamera2.picamera2 [DEBUG] [process_requests:1459] Execute job: <picamera2.job.Job object at 0x7ffe95f71550>
[2026-06-03 15:47:24] werkzeug [INFO] [_log:97] 127.0.0.1 - - [03/Jun/2026 15:47:24] "GET /api/camera/snapshot?t=1780490838971 HTTP/1.1" 200 -
[2026-06-03 15:47:24] picamera2.picamera2 [DEBUG] [process_requests:1459] Execute job: <picamera2.job.Job object at 0x7ffe95f71550>
[2026-06-03 15:47:24] picamera2.picamera2 [DEBUG] [process_requests:1459] Execute job: <picamera2.job.Job object at 0x7ffe95fc67d0>
[2026-06-03 15:47:24] picamera2.picamera2 [DEBUG] [process_requests:1459] Execute job: <picamera2.job.Job object at 0x7ffe95f71550>
[2026-06-03 15:47:24] picamera2.picamera2 [DEBUG] [process_requests:1459] Execute job: <picamera2.job.Job object at 0x7ffe95f71550>
[2026-06-03 15:47:24] picamera2.picamera2 [DEBUG] [process_requests:1459] Execute job: <picamera2.job.Job object at 0x7ffe95f71550>
[2026-06-03 15:47:24] picamera2.picamera2 [DEBUG] [process_requests:1459] Execute job: <picamera2.job.Job object at 0x7ffe95f71550>
[2026-06-03 15:47:24] picamera2.picamera2 [DEBUG] [process_requests:1459] Execute job: <picamera2.job.Job object at 0x7ffe95f71550>
[2026-06-03 15:47:24] picamera2.picamera2 [DEBUG] [process_requests:1459] Execute job: <picamera2.job.Job object at 0x7ffe95f71550>
[2026-06-03 15:47:24] picamera2.picamera2 [DEBUG] [process_requests:1459] Execute job: <picamera2.job.Job object at 0x7ffe95f71550>
[2026-06-03 15:47:24] picamera2.picamera2 [DEBUG] [process_requests:1459] Execute job: <picamera2.job.Job object at 0x7ffe95f71550>
[2026-06-03 15:47:24] picamera2.picamera2 [DEBUG] [process_requests:1459] Execute job: <picamera2.job.Job object at 0x7ffe95f71550>
[2026-06-03 15:47:24] picamera2.picamera2 [DEBUG] [process_requests:1459] Execute job: <picamera2.job.Job object at 0x7ffe95fc6ad0>
[2026-06-03 15:47:24] picamera2.picamera2 [DEBUG] [process_requests:1459] Execute job: <picamera2.job.Job object at 0x7ffe95f71550>
[2026-06-03 15:47:24] picamera2.picamera2 [DEBUG] [process_requests:1459] Execute job: <picamera2.job.Job object at 0x7ffe95f71550>
[2026-06-03 15:47:24] picamera2.picamera2 [DEBUG] [process_requests:1459] Execute job: <picamera2.job.Job object at 0x7ffe95f71550>
[2026-06-03 15:47:24] picamera2.picamera2 [DEBUG] [process_requests:1459] Execute job: <picamera2.job.Job object at 0x7ffe95f71550>
[2026-06-03 15:47:24] picamera2.picamera2 [DEBUG] [process_requests:1459] Execute job: <picamera2.job.Job object at 0x7ffe95f71550>
[2026-06-03 15:47:24] picamera2.picamera2 [DEBUG] [process_requests:1459] Execute job: <picamera2.job.Job object at 0x7ffe95f71550>
[2026-06-03 15:47:24] picamera2.picamera2 [DEBUG] [process_requests:1459] Execute job: <picamera2.job.Job object at 0x7ffe95f71550>
[2026-06-03 15:47:24] picamera2.picamera2 [DEBUG] [process_requests:1459] Execute job: <picamera2.job.Job object at 0x7ffe95f71550>
[2026-06-03 15:47:24] picamera2.picamera2 [DEBUG] [process_requests:1459] Execute job: <picamera2.job.Job object at 0x7ffe95f71550>
[2026-06-03 15:47:24] picamera2.picamera2 [DEBUG] [process_requests:1459] Execute job: <picamera2.job.Job object at 0x7ffe95f71550>
[2026-06-03 15:47:24] picamera2.picamera2 [DEBUG] [process_requests:1459] Execute job: <picamera2.job.Job object at 0x7ffe95f71550>
[2026-06-03 15:47:24] picamera2.picamera2 [DEBUG] [process_requests:1459] Execute job: <picamera2.job.Job object at 0x7ffe95f71550>
[2026-06-03 15:47:25] picamera2.picamera2 [DEBUG] [process_requests:1459] Execute job: <picamera2.job.Job object at 0x7ffe95f71550>
[2026-06-03 15:47:25] picamera2.picamera2 [DEBUG] [process_requests:1459] Execute job: <picamera2.job.Job object at 0x7ffe95f71550>
[2026-06-03 15:47:25] picamera2.picamera2 [DEBUG] [process_requests:1459] Execute job: <picamera2.job.Job object at 0x7ffe95f71550>
[2026-06-03 15:47:25] picamera2.picamera2 [DEBUG] [process_requests:1459] Execute job: <picamera2.job.Job object at 0x7ffe95f71550>
[2026-06-03 15:47:25] werkzeug [INFO] [_log:97] 127.0.0.1 - - [03/Jun/2026 15:47:25] "GET /api/camera/snapshot?t=1780490839120 HTTP/1.1" 200 -
[2026-06-03 15:47:25] picamera2.picamera2 [DEBUG] [process_requests:1459] Execute job: <picamera2.job.Job object at 0x7ffe95f71550>
[2026-06-03 15:47:25] picamera2.picamera2 [DEBUG] [process_requests:1459] Execute job: <picamera2.job.Job object at 0x7ffe95f71550>
[2026-06-03 15:47:25] picamera2.picamera2 [DEBUG] [process_requests:1459] Execute job: <picamera2.job.Job object at 0x7ffe95f71550>
[2026-06-03 15:47:25] picamera2.picamera2 [DEBUG] [process_requests:1459] Execute job: <picamera2.job.Job object at 0x7ffe95f71550>
[2026-06-03 15:47:25] picamera2.picamera2 [DEBUG] [process_requests:1459] Execute job: <picamera2.job.Job object at 0x7ffe95f71550>
[2026-06-03 15:47:25] picamera2.picamera2 [DEBUG] [process_requests:1459] Execute job: <picamera2.job.Job object at 0x7ffe95f71550>
[2026-06-03 15:47:25] picamera2.picamera2 [DEBUG] [process_requests:1459] Execute job: <picamera2.job.Job object at 0x7ffe95f71550>
[2026-06-03 15:47:25] picamera2.picamera2 [DEBUG] [process_requests:1459] Execute job: <picamera2.job.Job object at 0x7ffe95f71550>
[2026-06-03 15:47:25] picamera2.picamera2 [DEBUG] [process_requests:1459] Execute job: <picamera2.job.Job object at 0x7ffe95f71550>
[2026-06-03 15:47:25] picamera2.picamera2 [DEBUG] [process_requests:1459] Execute job: <picamera2.job.Job object at 0x7ffe95f71550>
[2026-06-03 15:47:25] picamera2.picamera2 [DEBUG] [process_requests:1459] Execute job: <picamera2.job.Job object at 0x7ffe95f71550>
[2026-06-03 15:47:25] picamera2.picamera2 [DEBUG] [process_requests:1459] Execute job: <picamera2.job.Job object at 0x7ffe95f71550>
[2026-06-03 15:47:25] picamera2.picamera2 [DEBUG] [process_requests:1459] Execute job: <picamera2.job.Job object at 0x7ffe95f71550>
[2026-06-03 15:47:25] werkzeug [INFO] [_log:97] 127.0.0.1 - - [03/Jun/2026 15:47:25] "GET /api/camera/snapshot?t=1780490839271 HTTP/1.1" 200 -
[2026-06-03 15:47:25] picamera2.picamera2 [DEBUG] [process_requests:1459] Execute job: <picamera2.job.Job object at 0x7ffe95f71550>
[2026-06-03 15:47:25] picamera2.picamera2 [DEBUG] [process_requests:1459] Execute job: <picamera2.job.Job object at 0x7ffe95f71550>
[2026-06-03 15:47:25] picamera2.picamera2 [DEBUG] [process_requests:1459] Execute job: <picamera2.job.Job object at 0x7ffe95f71550>
[2026-06-03 15:47:25] picamera2.picamera2 [DEBUG] [process_requests:1459] Execute job: <picamera2.job.Job object at 0x7ffe95f71550>
[2026-06-03 15:47:25] picamera2.picamera2 [DEBUG] [process_requests:1459] Execute job: <picamera2.job.Job object at 0x7ffe95f71550>
[2026-06-03 15:47:25] picamera2.picamera2 [DEBUG] [process_requests:1459] Execute job: <picamera2.job.Job object at 0x7ffe95f71550>
[2026-06-03 15:47:25] picamera2.picamera2 [DEBUG] [process_requests:1459] Execute job: <picamera2.job.Job object at 0x7ffe95f71550>
[2026-06-03 15:47:25] picamera2.picamera2 [DEBUG] [process_requests:1459] Execute job: <picamera2.job.Job object at 0x7ffe95f71550>
[2026-06-03 15:47:25] werkzeug [INFO] [_log:97] 127.0.0.1 - - [03/Jun/2026 15:47:25] "GET /api/camera/snapshot?t=1780490839421 HTTP/1.1" 200 -
[2026-06-03 15:47:25] picamera2.picamera2 [DEBUG] [process_requests:1459] Execute job: <picamera2.job.Job object at 0x7ffe95f71550>
[2026-06-03 15:47:25] picamera2.picamera2 [DEBUG] [process_requests:1459] Execute job: <picamera2.job.Job object at 0x7ffe95f71550>
[2026-06-03 15:47:25] picamera2.picamera2 [DEBUG] [process_requests:1459] Execute job: <picamera2.job.Job object at 0x7ffe95f71550>
[2026-06-03 15:47:25] picamera2.picamera2 [DEBUG] [process_requests:1459] Execute job: <picamera2.job.Job object at 0x7ffe95f71550>
[2026-06-03 15:47:25] picamera2.picamera2 [DEBUG] [process_requests:1459] Execute job: <picamera2.job.Job object at 0x7ffe95f71550>
[2026-06-03 15:47:26] picamera2.picamera2 [DEBUG] [process_requests:1459] Execute job: <picamera2.job.Job object at 0x7ffe95f71550>
[2026-06-03 15:47:26] picamera2.picamera2 [DEBUG] [process_requests:1459] Execute job: <picamera2.job.Job object at 0x7ffe95f71550>
[2026-06-03 15:47:26] picamera2.picamera2 [DEBUG] [process_requests:1459] Execute job: <picamera2.job.Job object at 0x7ffe95f71550>
[2026-06-03 15:47:26] picamera2.picamera2 [DEBUG] [process_requests:1459] Execute job: <picamera2.job.Job object at 0x7ffe95f71550>
[2026-06-03 15:47:26] picamera2.picamera2 [DEBUG] [process_requests:1459] Execute job: <picamera2.job.Job object at 0x7ffe95f71550>
[2026-06-03 15:47:26] werkzeug [INFO] [_log:97] 127.0.0.1 - - [03/Jun/2026 15:47:26] "GET /api/camera/snapshot?t=1780490839571 HTTP/1.1" 200 -
[2026-06-03 15:47:26] picamera2.picamera2 [DEBUG] [process_requests:1459] Execute job: <picamera2.job.Job object at 0x7ffe95f71550>
[2026-06-03 15:47:26] picamera2.picamera2 [DEBUG] [process_requests:1459] Execute job: <picamera2.job.Job object at 0x7ffe95f71550>
[2026-06-03 15:47:26] picamera2.picamera2 [DEBUG] [process_requests:1459] Execute job: <picamera2.job.Job object at 0x7ffe95f71550>
[2026-06-03 15:47:26] picamera2.picamera2 [DEBUG] [process_requests:1459] Execute job: <picamera2.job.Job object at 0x7ffe95f71550>
[2026-06-03 15:47:26] picamera2.picamera2 [DEBUG] [process_requests:1459] Execute job: <picamera2.job.Job object at 0x7ffe95f71550>
[2026-06-03 15:47:26] picamera2.picamera2 [DEBUG] [process_requests:1459] Execute job: <picamera2.job.Job object at 0x7ffe95f71550>
[2026-06-03 15:47:26] picamera2.picamera2 [DEBUG] [process_requests:1459] Execute job: <picamera2.job.Job object at 0x7ffe95f71550>
[2026-06-03 15:47:26] picamera2.picamera2 [DEBUG] [process_requests:1459] Execute job: <picamera2.job.Job object at 0x7ffe95f71550>
[2026-06-03 15:47:26] picamera2.picamera2 [DEBUG] [process_requests:1459] Execute job: <picamera2.job.Job object at 0x7ffe95f71550>
[2026-06-03 15:47:26] picamera2.picamera2 [DEBUG] [process_requests:1459] Execute job: <picamera2.job.Job object at 0x7ffe95f71550>
[2026-06-03 15:47:26] picamera2.picamera2 [DEBUG] [process_requests:1459] Execute job: <picamera2.job.Job object at 0x7ffe95f71550>
[2026-06-03 15:47:26] picamera2.picamera2 [DEBUG] [process_requests:1459] Execute job: <picamera2.job.Job object at 0x7ffe95f71550>
[2026-06-03 15:47:26] picamera2.picamera2 [DEBUG] [process_requests:1459] Execute job: <picamera2.job.Job object at 0x7ffe95f71550>
[2026-06-03 15:47:26] picamera2.picamera2 [DEBUG] [process_requests:1459] Execute job: <picamera2.job.Job object at 0x7ffe95f71550>
[2026-06-03 15:47:26] picamera2.picamera2 [DEBUG] [process_requests:1459] Execute job: <picamera2.job.Job object at 0x7ffe95f71550>
[2026-06-03 15:47:26] picamera2.picamera2 [DEBUG] [process_requests:1459] Execute job: <picamera2.job.Job object at 0x7ffe95f71550>
[2026-06-03 15:47:26] picamera2.picamera2 [DEBUG] [process_requests:1459] Execute job: <picamera2.job.Job object at 0x7ffe95f71550>
[2026-06-03 15:47:26] picamera2.picamera2 [DEBUG] [process_requests:1459] Execute job: <picamera2.job.Job object at 0x7ffe95f71550>
[2026-06-03 15:47:26] picamera2.picamera2 [DEBUG] [process_requests:1459] Execute job: <picamera2.job.Job object at 0x7ffe95f71550>
[2026-06-03 15:47:26] picamera2.picamera2 [DEBUG] [process_requests:1459] Execute job: <picamera2.job.Job object at 0x7ffe95f71550>
[2026-06-03 15:47:26] picamera2.picamera2 [DEBUG] [process_requests:1459] Execute job: <picamera2.job.Job object at 0x7ffe95f71550>
[2026-06-03 15:47:26] picamera2.picamera2 [DEBUG] [process_requests:1459] Execute job: <picamera2.job.Job object at 0x7ffe95f71550>
[2026-06-03 15:47:26] picamera2.picamera2 [DEBUG] [process_requests:1459] Execute job: <picamera2.job.Job object at 0x7ffe95f71550>
[2026-06-03 15:47:26] picamera2.picamera2 [DEBUG] [process_requests:1459] Execute job: <picamera2.job.Job object at 0x7ffe95f71550>
[2026-06-03 15:47:26] picamera2.picamera2 [DEBUG] [process_requests:1459] Execute job: <picamera2.job.Job object at 0x7ffe95f71550>
[2026-06-03 15:47:27] picamera2.picamera2 [DEBUG] [process_requests:1459] Execute job: <picamera2.job.Job object at 0x7ffe95f71550>
[2026-06-03 15:47:27] picamera2.picamera2 [DEBUG] [process_requests:1459] Execute job: <picamera2.job.Job object at 0x7ffe95f71550>
[2026-06-03 15:47:27] picamera2.picamera2 [DEBUG] [process_requests:1459] Execute job: <picamera2.job.Job object at 0x7ffe95f71550>
[2026-06-03 15:47:27] picamera2.picamera2 [DEBUG] [process_requests:1459] Execute job: <picamera2.job.Job object at 0x7ffe95f71550>
[2026-06-03 15:47:27] picamera2.picamera2 [DEBUG] [process_requests:1459] Execute job: <picamera2.job.Job object at 0x7ffe95f71550>
[2026-06-03 15:47:27] picamera2.picamera2 [DEBUG] [process_requests:1459] Execute job: <picamera2.job.Job object at 0x7ffe95f71550>
[2026-06-03 15:47:27] werkzeug [INFO] [_log:97] 127.0.0.1 - - [03/Jun/2026 15:47:27] "GET /api/camera/snapshot?t=1780490839722 HTTP/1.1" 200 -
[2026-06-03 15:47:27] picamera2.picamera2 [DEBUG] [process_requests:1459] Execute job: <picamera2.job.Job object at 0x7ffe95f71550>
[2026-06-03 15:47:27] picamera2.picamera2 [DEBUG] [process_requests:1459] Execute job: <picamera2.job.Job object at 0x7ffe95f71550>
[2026-06-03 15:47:27] picamera2.picamera2 [DEBUG] [process_requests:1459] Execute job: <picamera2.job.Job object at 0x7ffe95f71550>
[2026-06-03 15:47:27] picamera2.picamera2 [DEBUG] [process_requests:1459] Execute job: <picamera2.job.Job object at 0x7ffe95f71550>
[2026-06-03 15:47:27] picamera2.picamera2 [DEBUG] [process_requests:1459] Execute job: <picamera2.job.Job object at 0x7ffe95f71550>
[2026-06-03 15:47:27] picamera2.picamera2 [DEBUG] [process_requests:1459] Execute job: <picamera2.job.Job object at 0x7ffe95f71550>
[2026-06-03 15:47:27] picamera2.picamera2 [DEBUG] [process_requests:1459] Execute job: <picamera2.job.Job object at 0x7ffe95f71550>
[2026-06-03 15:47:27] picamera2.picamera2 [DEBUG] [process_requests:1459] Execute job: <picamera2.job.Job object at 0x7ffe95f71550>
[2026-06-03 15:47:27] picamera2.picamera2 [DEBUG] [process_requests:1459] Execute job: <picamera2.job.Job object at 0x7ffe95f71550>
[2026-06-03 15:47:27] picamera2.picamera2 [DEBUG] [process_requests:1459] Execute job: <picamera2.job.Job object at 0x7ffe95f71550>
[2026-06-03 15:47:27] picamera2.picamera2 [DEBUG] [process_requests:1459] Execute job: <picamera2.job.Job object at 0x7ffe95f71550>
[2026-06-03 15:47:27] picamera2.picamera2 [DEBUG] [process_requests:1459] Execute job: <picamera2.job.Job object at 0x7ffe95f71550>
[2026-06-03 15:47:27] picamera2.picamera2 [DEBUG] [process_requests:1459] Execute job: <picamera2.job.Job object at 0x7ffe95f71550>
[2026-06-03 15:47:27] picamera2.picamera2 [DEBUG] [process_requests:1459] Execute job: <picamera2.job.Job object at 0x7ffe95f71550>
[2026-06-03 15:47:27] picamera2.picamera2 [DEBUG] [process_requests:1459] Execute job: <picamera2.job.Job object at 0x7ffe95f71550>
[2026-06-03 15:47:27] picamera2.picamera2 [DEBUG] [process_requests:1459] Execute job: <picamera2.job.Job object at 0x7ffe95f71550>
[2026-06-03 15:47:27] picamera2.picamera2 [DEBUG] [process_requests:1459] Execute job: <picamera2.job.Job object at 0x7ffe95f71550>
[2026-06-03 15:47:27] picamera2.picamera2 [DEBUG] [process_requests:1459] Execute job: <picamera2.job.Job object at 0x7ffe95f71550>
[2026-06-03 15:47:27] picamera2.picamera2 [DEBUG] [process_requests:1459] Execute job: <picamera2.job.Job object at 0x7ffe95f71550>
[2026-06-03 15:47:27] picamera2.picamera2 [DEBUG] [process_requests:1459] Execute job: <picamera2.job.Job object at 0x7ffe95f71550>
[2026-06-03 15:47:27] picamera2.picamera2 [DEBUG] [process_requests:1459] Execute job: <picamera2.job.Job object at 0x7ffe95f71550>
[2026-06-03 15:47:27] picamera2.picamera2 [DEBUG] [process_requests:1459] Execute job: <picamera2.job.Job object at 0x7ffe95f71550>
[2026-06-03 15:47:27] picamera2.picamera2 [DEBUG] [process_requests:1459] Execute job: <picamera2.job.Job object at 0x7ffe95f71550>
[2026-06-03 15:47:27] picamera2.picamera2 [DEBUG] [process_requests:1459] Execute job: <picamera2.job.Job object at 0x7ffe95f71550>
[2026-06-03 15:47:28] picamera2.picamera2 [DEBUG] [process_requests:1459] Execute job: <picamera2.job.Job object at 0x7ffe95f71550>
[2026-06-03 15:47:28] picamera2.picamera2 [DEBUG] [process_requests:1459] Execute job: <picamera2.job.Job object at 0x7ffe95f71550>
[2026-06-03 15:47:28] picamera2.picamera2 [DEBUG] [process_requests:1459] Execute job: <picamera2.job.Job object at 0x7ffe95f71550>
[2026-06-03 15:47:28] picamera2.picamera2 [DEBUG] [process_requests:1459] Execute job: <picamera2.job.Job object at 0x7ffe95f71550>
[2026-06-03 15:47:28] picamera2.picamera2 [DEBUG] [process_requests:1459] Execute job: <picamera2.job.Job object at 0x7ffe95f71550>
[2026-06-03 15:47:28] picamera2.picamera2 [DEBUG] [process_requests:1459] Execute job: <picamera2.job.Job object at 0x7ffe95f71550>
[2026-06-03 15:47:28] picamera2.picamera2 [DEBUG] [process_requests:1459] Execute job: <picamera2.job.Job object at 0x7ffe95f71550>
[2026-06-03 15:47:28] picamera2.picamera2 [DEBUG] [process_requests:1459] Execute job: <picamera2.job.Job object at 0x7ffe95f71550>
[2026-06-03 15:47:28] picamera2.picamera2 [DEBUG] [process_requests:1459] Execute job: <picamera2.job.Job object at 0x7ffe95f71550>
[2026-06-03 15:47:28] picamera2.picamera2 [DEBUG] [process_requests:1459] Execute job: <picamera2.job.Job object at 0x7ffe95f71550>
[2026-06-03 15:47:28] picamera2.picamera2 [DEBUG] [process_requests:1459] Execute job: <picamera2.job.Job object at 0x7ffe95f71550>
[2026-06-03 15:47:28] picamera2.picamera2 [DEBUG] [process_requests:1459] Execute job: <picamera2.job.Job object at 0x7ffe95f71550>
[2026-06-03 15:47:28] picamera2.picamera2 [DEBUG] [process_requests:1459] Execute job: <picamera2.job.Job object at 0x7ffe95f71550>
[2026-06-03 15:47:28] picamera2.picamera2 [DEBUG] [process_requests:1459] Execute job: <picamera2.job.Job object at 0x7ffe95f71550>
[2026-06-03 15:47:28] picamera2.picamera2 [DEBUG] [process_requests:1459] Execute job: <picamera2.job.Job object at 0x7ffe95f71550>
[2026-06-03 15:47:28] picamera2.picamera2 [DEBUG] [process_requests:1459] Execute job: <picamera2.job.Job object at 0x7ffe95f71550>
[2026-06-03 15:47:28] picamera2.picamera2 [DEBUG] [process_requests:1459] Execute job: <picamera2.job.Job object at 0x7ffe95f71550>
[2026-06-03 15:47:28] picamera2.picamera2 [DEBUG] [process_requests:1459] Execute job: <picamera2.job.Job object at 0x7ffe95f71550>
[2026-06-03 15:47:28] picamera2.picamera2 [DEBUG] [process_requests:1459] Execute job: <picamera2.job.Job object at 0x7ffe95f71550>
[2026-06-03 15:47:28] werkzeug [INFO] [_log:97] 127.0.0.1 - - [03/Jun/2026 15:47:28] "GET /api/camera/snapshot?t=1780490839872 HTTP/1.1" 200 -
[2026-06-03 15:47:28] picamera2.picamera2 [DEBUG] [process_requests:1459] Execute job: <picamera2.job.Job object at 0x7ffe95f71550>
[2026-06-03 15:47:28] picamera2.picamera2 [DEBUG] [process_requests:1459] Execute job: <picamera2.job.Job object at 0x7ffe95f71550>
[2026-06-03 15:47:28] werkzeug [INFO] [_log:97] 127.0.0.1 - - [03/Jun/2026 15:47:28] "GET /api/camera/snapshot?t=1780490840020 HTTP/1.1" 200 -
[2026-06-03 15:47:28] picamera2.picamera2 [DEBUG] [process_requests:1459] Execute job: <picamera2.job.Job object at 0x7ffe95f71550>
[2026-06-03 15:47:28] picamera2.picamera2 [DEBUG] [process_requests:1459] Execute job: <picamera2.job.Job object at 0x7ffe95f71550>
[2026-06-03 15:47:28] picamera2.picamera2 [DEBUG] [process_requests:1459] Execute job: <picamera2.job.Job object at 0x7ffe95f71550>
[2026-06-03 15:47:28] picamera2.picamera2 [DEBUG] [process_requests:1459] Execute job: <picamera2.job.Job object at 0x7ffe95f71550>
[2026-06-03 15:47:28] picamera2.picamera2 [DEBUG] [process_requests:1459] Execute job: <picamera2.job.Job object at 0x7ffe95f71550>
[2026-06-03 15:47:28] picamera2.picamera2 [DEBUG] [process_requests:1459] Execute job: <picamera2.job.Job object at 0x7ffe95f71550>
[2026-06-03 15:47:28] picamera2.picamera2 [DEBUG] [process_requests:1459] Execute job: <picamera2.job.Job object at 0x7ffe95f71550>
[2026-06-03 15:47:28] picamera2.picamera2 [DEBUG] [process_requests:1459] Execute job: <picamera2.job.Job object at 0x7ffe95f71550>
[2026-06-03 15:47:28] picamera2.picamera2 [DEBUG] [process_requests:1459] Execute job: <picamera2.job.Job object at 0x7ffe95f71550>
[2026-06-03 15:47:29] picamera2.picamera2 [DEBUG] [process_requests:1459] Execute job: <picamera2.job.Job object at 0x7ffe95f71550>
[2026-06-03 15:47:29] picamera2.picamera2 [DEBUG] [process_requests:1459] Execute job: <picamera2.job.Job object at 0x7ffe95f71550>
[2026-06-03 15:47:29] picamera2.picamera2 [DEBUG] [process_requests:1459] Execute job: <picamera2.job.Job object at 0x7ffe95f71550>
[2026-06-03 15:47:29] picamera2.picamera2 [DEBUG] [process_requests:1459] Execute job: <picamera2.job.Job object at 0x7ffe95f71550>
[2026-06-03 15:47:29] picamera2.picamera2 [DEBUG] [process_requests:1459] Execute job: <picamera2.job.Job object at 0x7ffe95f71550>
[2026-06-03 15:47:29] picamera2.picamera2 [DEBUG] [process_requests:1459] Execute job: <picamera2.job.Job object at 0x7ffe95f71550>
[2026-06-03 15:47:29] picamera2.picamera2 [DEBUG] [process_requests:1459] Execute job: <picamera2.job.Job object at 0x7ffe95f71550>
[2026-06-03 15:47:29] picamera2.picamera2 [DEBUG] [process_requests:1459] Execute job: <picamera2.job.Job object at 0x7ffe95f71550>
[2026-06-03 15:47:29] picamera2.picamera2 [DEBUG] [process_requests:1459] Execute job: <picamera2.job.Job object at 0x7ffe95f71550>
[2026-06-03 15:47:29] werkzeug [INFO] [_log:97] 127.0.0.1 - - [03/Jun/2026 15:47:29] "GET /api/camera/snapshot?t=1780490840171 HTTP/1.1" 200 -
[2026-06-03 15:47:29] picamera2.picamera2 [DEBUG] [process_requests:1459] Execute job: <picamera2.job.Job object at 0x7ffe95f71550>
[2026-06-03 15:47:29] picamera2.picamera2 [DEBUG] [process_requests:1459] Execute job: <picamera2.job.Job object at 0x7ffe95f71550>
[2026-06-03 15:47:29] picamera2.picamera2 [DEBUG] [process_requests:1459] Execute job: <picamera2.job.Job object at 0x7ffe95f71550>
[2026-06-03 15:47:29] picamera2.picamera2 [DEBUG] [process_requests:1459] Execute job: <picamera2.job.Job object at 0x7ffe95f71550>
[2026-06-03 15:47:29] picamera2.picamera2 [DEBUG] [process_requests:1459] Execute job: <picamera2.job.Job object at 0x7ffe95f71550>
[2026-06-03 15:47:29] picamera2.picamera2 [DEBUG] [process_requests:1459] Execute job: <picamera2.job.Job object at 0x7ffe95f71550>
[2026-06-03 15:47:29] picamera2.picamera2 [DEBUG] [process_requests:1459] Execute job: <picamera2.job.Job object at 0x7ffe95f71550>
[2026-06-03 15:47:29] picamera2.picamera2 [DEBUG] [process_requests:1459] Execute job: <picamera2.job.Job object at 0x7ffe95f71550>
[2026-06-03 15:47:29] picamera2.picamera2 [DEBUG] [process_requests:1459] Execute job: <picamera2.job.Job object at 0x7ffe95f71550>
[2026-06-03 15:47:29] picamera2.picamera2 [DEBUG] [process_requests:1459] Execute job: <picamera2.job.Job object at 0x7ffe95f71550>
[2026-06-03 15:47:29] picamera2.picamera2 [DEBUG] [process_requests:1459] Execute job: <picamera2.job.Job object at 0x7ffe95f71550>
[2026-06-03 15:47:29] picamera2.picamera2 [DEBUG] [process_requests:1459] Execute job: <picamera2.job.Job object at 0x7ffe95f71550>
[2026-06-03 15:47:29] picamera2.picamera2 [DEBUG] [process_requests:1459] Execute job: <picamera2.job.Job object at 0x7ffe95f71550>
[2026-06-03 15:47:29] picamera2.picamera2 [DEBUG] [process_requests:1459] Execute job: <picamera2.job.Job object at 0x7ffe95f71550>
[2026-06-03 15:47:29] picamera2.picamera2 [DEBUG] [process_requests:1459] Execute job: <picamera2.job.Job object at 0x7ffe95f71550>
[2026-06-03 15:47:29] picamera2.picamera2 [DEBUG] [process_requests:1459] Execute job: <picamera2.job.Job object at 0x7ffe95f71550>
[2026-06-03 15:47:29] werkzeug [INFO] [_log:97] 127.0.0.1 - - [03/Jun/2026 15:47:29] "GET /api/camera/snapshot?t=1780490840320 HTTP/1.1" 200 -
[2026-06-03 15:47:29] picamera2.picamera2 [DEBUG] [process_requests:1459] Execute job: <picamera2.job.Job object at 0x7ffe95f71550>
[2026-06-03 15:47:29] picamera2.picamera2 [DEBUG] [process_requests:1459] Execute job: <picamera2.job.Job object at 0x7ffe95f71550>
[2026-06-03 15:47:29] werkzeug [INFO] [_log:97] 127.0.0.1 - - [03/Jun/2026 15:47:29] "GET /api/camera/snapshot?t=1780490840470 HTTP/1.1" 200 -
[2026-06-03 15:47:29] picamera2.picamera2 [DEBUG] [process_requests:1459] Execute job: <picamera2.job.Job object at 0x7ffe95f71550>
[2026-06-03 15:47:29] picamera2.picamera2 [DEBUG] [process_requests:1459] Execute job: <picamera2.job.Job object at 0x7ffe95f71550>
[2026-06-03 15:47:29] picamera2.picamera2 [DEBUG] [process_requests:1459] Execute job: <picamera2.job.Job object at 0x7ffe95f71550>
[2026-06-03 15:47:30] picamera2.picamera2 [DEBUG] [process_requests:1459] Execute job: <picamera2.job.Job object at 0x7ffe95f71550>
[2026-06-03 15:47:30] picamera2.picamera2 [DEBUG] [process_requests:1459] Execute job: <picamera2.job.Job object at 0x7ffe95f71550>
[2026-06-03 15:47:30] picamera2.picamera2 [DEBUG] [process_requests:1459] Execute job: <picamera2.job.Job object at 0x7ffe95f71550>
[2026-06-03 15:47:30] werkzeug [INFO] [_log:97] 127.0.0.1 - - [03/Jun/2026 15:47:30] "GET /api/camera/snapshot?t=1780490840620 HTTP/1.1" 200 -
[2026-06-03 15:47:30] picamera2.picamera2 [DEBUG] [process_requests:1459] Execute job: <picamera2.job.Job object at 0x7ffe95f71550>
[2026-06-03 15:47:30] picamera2.picamera2 [DEBUG] [process_requests:1459] Execute job: <picamera2.job.Job object at 0x7ffe95f71550>
[2026-06-03 15:47:30] picamera2.picamera2 [DEBUG] [process_requests:1459] Execute job: <picamera2.job.Job object at 0x7ffe95f71550>
[2026-06-03 15:47:30] picamera2.picamera2 [DEBUG] [process_requests:1459] Execute job: <picamera2.job.Job object at 0x7ffe95f71550>
[2026-06-03 15:47:30] picamera2.picamera2 [DEBUG] [process_requests:1459] Execute job: <picamera2.job.Job object at 0x7ffe95f71550>
[2026-06-03 15:47:30] picamera2.picamera2 [DEBUG] [process_requests:1459] Execute job: <picamera2.job.Job object at 0x7ffe95f71550>
[2026-06-03 15:47:30] picamera2.picamera2 [DEBUG] [process_requests:1459] Execute job: <picamera2.job.Job object at 0x7ffe95f71550>
[2026-06-03 15:47:30] picamera2.picamera2 [DEBUG] [process_requests:1459] Execute job: <picamera2.job.Job object at 0x7ffe95f71550>
[2026-06-03 15:47:30] picamera2.picamera2 [DEBUG] [process_requests:1459] Execute job: <picamera2.job.Job object at 0x7ffe95f71550>
[2026-06-03 15:47:30] picamera2.picamera2 [DEBUG] [process_requests:1459] Execute job: <picamera2.job.Job object at 0x7ffe95f71550>
[2026-06-03 15:47:30] picamera2.picamera2 [DEBUG] [process_requests:1459] Execute job: <picamera2.job.Job object at 0x7ffe95f71550>
[2026-06-03 15:47:30] picamera2.picamera2 [DEBUG] [process_requests:1459] Execute job: <picamera2.job.Job object at 0x7ffe95f71550>
[2026-06-03 15:47:30] picamera2.picamera2 [DEBUG] [process_requests:1459] Execute job: <picamera2.job.Job object at 0x7ffe95f71550>
[2026-06-03 15:47:30] werkzeug [INFO] [_log:97] 127.0.0.1 - - [03/Jun/2026 15:47:30] "GET /api/camera/snapshot?t=1780490840770 HTTP/1.1" 200 -
[2026-06-03 15:47:30] picamera2.picamera2 [DEBUG] [process_requests:1459] Execute job: <picamera2.job.Job object at 0x7ffe95f71550>
[2026-06-03 15:47:30] picamera2.picamera2 [DEBUG] [process_requests:1459] Execute job: <picamera2.job.Job object at 0x7ffe95f71550>
[2026-06-03 15:47:30] picamera2.picamera2 [DEBUG] [process_requests:1459] Execute job: <picamera2.job.Job object at 0x7ffe95f71550>
[2026-06-03 15:47:30] picamera2.picamera2 [DEBUG] [process_requests:1459] Execute job: <picamera2.job.Job object at 0x7ffe95f71550>
[2026-06-03 15:47:30] picamera2.picamera2 [DEBUG] [process_requests:1459] Execute job: <picamera2.job.Job object at 0x7ffe95f71550>
[2026-06-03 15:47:30] picamera2.picamera2 [DEBUG] [process_requests:1459] Execute job: <picamera2.job.Job object at 0x7ffe95f71550>
[2026-06-03 15:47:30] picamera2.picamera2 [DEBUG] [process_requests:1459] Execute job: <picamera2.job.Job object at 0x7ffe95f71550>
[2026-06-03 15:47:30] picamera2.picamera2 [DEBUG] [process_requests:1459] Execute job: <picamera2.job.Job object at 0x7ffe95f71550>
[2026-06-03 15:47:30] picamera2.picamera2 [DEBUG] [process_requests:1459] Execute job: <picamera2.job.Job object at 0x7ffe95f71550>
[2026-06-03 15:47:30] picamera2.picamera2 [DEBUG] [process_requests:1459] Execute job: <picamera2.job.Job object at 0x7ffe95f71550>
[2026-06-03 15:47:30] picamera2.picamera2 [DEBUG] [process_requests:1459] Execute job: <picamera2.job.Job object at 0x7ffe95f71550>
[2026-06-03 15:47:30] picamera2.picamera2 [DEBUG] [process_requests:1459] Execute job: <picamera2.job.Job object at 0x7ffe95f71550>
[2026-06-03 15:47:30] picamera2.picamera2 [DEBUG] [process_requests:1459] Execute job: <picamera2.job.Job object at 0x7ffe95f71550>
[2026-06-03 15:47:30] werkzeug [INFO] [_log:97] 127.0.0.1 - - [03/Jun/2026 15:47:30] "GET /api/camera/snapshot?t=1780490840921 HTTP/1.1" 200 -
[2026-06-03 15:47:30] picamera2.picamera2 [DEBUG] [process_requests:1459] Execute job: <picamera2.job.Job object at 0x7ffe95f71550>
[2026-06-03 15:47:31] picamera2.picamera2 [DEBUG] [process_requests:1459] Execute job: <picamera2.job.Job object at 0x7ffe95f71550>
[2026-06-03 15:47:31] picamera2.picamera2 [DEBUG] [process_requests:1459] Execute job: <picamera2.job.Job object at 0x7ffe95f71550>
[2026-06-03 15:47:31] picamera2.picamera2 [DEBUG] [process_requests:1459] Execute job: <picamera2.job.Job object at 0x7ffe95f71550>
[2026-06-03 15:47:31] picamera2.picamera2 [DEBUG] [process_requests:1459] Execute job: <picamera2.job.Job object at 0x7ffe95f71550>
[2026-06-03 15:47:31] picamera2.picamera2 [DEBUG] [process_requests:1459] Execute job: <picamera2.job.Job object at 0x7ffe95f71550>
[2026-06-03 15:47:31] picamera2.picamera2 [DEBUG] [process_requests:1459] Execute job: <picamera2.job.Job object at 0x7ffe95f71550>
[2026-06-03 15:47:31] picamera2.picamera2 [DEBUG] [process_requests:1459] Execute job: <picamera2.job.Job object at 0x7ffe95f71550>
[2026-06-03 15:47:31] picamera2.picamera2 [DEBUG] [process_requests:1459] Execute job: <picamera2.job.Job object at 0x7ffe95f71550>
[2026-06-03 15:47:31] werkzeug [INFO] [_log:97] 127.0.0.1 - - [03/Jun/2026 15:47:31] "GET /api/camera/snapshot?t=1780490841071 HTTP/1.1" 200 -
[2026-06-03 15:47:31] picamera2.picamera2 [DEBUG] [process_requests:1459] Execute job: <picamera2.job.Job object at 0x7ffe95f71550>
[2026-06-03 15:47:31] picamera2.picamera2 [DEBUG] [process_requests:1459] Execute job: <picamera2.job.Job object at 0x7ffe95f71550>
[2026-06-03 15:47:31] werkzeug [INFO] [_log:97] 127.0.0.1 - - [03/Jun/2026 15:47:31] "GET /api/camera/snapshot?t=1780490841222 HTTP/1.1" 200 -
[2026-06-03 15:47:31] picamera2.picamera2 [DEBUG] [process_requests:1459] Execute job: <picamera2.job.Job object at 0x7ffe95f71550>
[2026-06-03 15:47:31] picamera2.picamera2 [DEBUG] [process_requests:1459] Execute job: <picamera2.job.Job object at 0x7ffe95f71550>
[2026-06-03 15:47:31] picamera2.picamera2 [DEBUG] [process_requests:1459] Execute job: <picamera2.job.Job object at 0x7ffe95f71550>
[2026-06-03 15:47:31] picamera2.picamera2 [DEBUG] [process_requests:1459] Execute job: <picamera2.job.Job object at 0x7ffe95f71550>
[2026-06-03 15:47:31] picamera2.picamera2 [DEBUG] [process_requests:1459] Execute job: <picamera2.job.Job object at 0x7ffe95f71550>
[2026-06-03 15:47:31] picamera2.picamera2 [DEBUG] [process_requests:1459] Execute job: <picamera2.job.Job object at 0x7ffe95f71550>
[2026-06-03 15:47:31] picamera2.picamera2 [DEBUG] [process_requests:1459] Execute job: <picamera2.job.Job object at 0x7ffe95f71550>
[2026-06-03 15:47:31] picamera2.picamera2 [DEBUG] [process_requests:1459] Execute job: <picamera2.job.Job object at 0x7ffe95f71550>
[2026-06-03 15:47:31] picamera2.picamera2 [DEBUG] [process_requests:1459] Execute job: <picamera2.job.Job object at 0x7ffe95f71550>
[2026-06-03 15:47:31] picamera2.picamera2 [DEBUG] [process_requests:1459] Execute job: <picamera2.job.Job object at 0x7ffe95f71550>
[2026-06-03 15:47:31] picamera2.picamera2 [DEBUG] [process_requests:1459] Execute job: <picamera2.job.Job object at 0x7ffe95f71550>
[2026-06-03 15:47:31] picamera2.picamera2 [DEBUG] [process_requests:1459] Execute job: <picamera2.job.Job object at 0x7ffe95f71550>
[2026-06-03 15:47:31] picamera2.picamera2 [DEBUG] [process_requests:1459] Execute job: <picamera2.job.Job object at 0x7ffe95f71550>
[2026-06-03 15:47:31] werkzeug [INFO] [_log:97] 127.0.0.1 - - [03/Jun/2026 15:47:31] "GET /api/camera/snapshot?t=1780490841371 HTTP/1.1" 200 -
[2026-06-03 15:47:31] picamera2.picamera2 [DEBUG] [process_requests:1459] Execute job: <picamera2.job.Job object at 0x7ffe95f71550>
[2026-06-03 15:47:31] picamera2.picamera2 [DEBUG] [process_requests:1459] Execute job: <picamera2.job.Job object at 0x7ffe95f71550>
[2026-06-03 15:47:31] picamera2.picamera2 [DEBUG] [process_requests:1459] Execute job: <picamera2.job.Job object at 0x7ffe95f71550>
[2026-06-03 15:47:31] picamera2.picamera2 [DEBUG] [process_requests:1459] Execute job: <picamera2.job.Job object at 0x7ffe95f71550>
[2026-06-03 15:47:31] picamera2.picamera2 [DEBUG] [process_requests:1459] Execute job: <picamera2.job.Job object at 0x7ffe95f71550>
[2026-06-03 15:47:31] picamera2.picamera2 [DEBUG] [process_requests:1459] Execute job: <picamera2.job.Job object at 0x7ffe95f71550>
[2026-06-03 15:47:31] picamera2.picamera2 [DEBUG] [process_requests:1459] Execute job: <picamera2.job.Job object at 0x7ffe95f71550>
[2026-06-03 15:47:32] picamera2.picamera2 [DEBUG] [process_requests:1459] Execute job: <picamera2.job.Job object at 0x7ffe95f71550>
[2026-06-03 15:47:32] picamera2.picamera2 [DEBUG] [process_requests:1459] Execute job: <picamera2.job.Job object at 0x7ffe95f71550>
[2026-06-03 15:47:32] werkzeug [INFO] [_log:97] 127.0.0.1 - - [03/Jun/2026 15:47:32] "GET /api/camera/snapshot?t=1780490841520 HTTP/1.1" 200 -
[2026-06-03 15:47:32] picamera2.picamera2 [DEBUG] [process_requests:1459] Execute job: <picamera2.job.Job object at 0x7ffe95f71550>
[2026-06-03 15:47:32] picamera2.picamera2 [DEBUG] [process_requests:1459] Execute job: <picamera2.job.Job object at 0x7ffe95f71550>
[2026-06-03 15:47:32] picamera2.picamera2 [DEBUG] [process_requests:1459] Execute job: <picamera2.job.Job object at 0x7ffe95f71550>
[2026-06-03 15:47:32] werkzeug [INFO] [_log:97] 127.0.0.1 - - [03/Jun/2026 15:47:32] "GET /api/camera/snapshot?t=1780490841670 HTTP/1.1" 200 -
[2026-06-03 15:47:32] picamera2.picamera2 [DEBUG] [process_requests:1459] Execute job: <picamera2.job.Job object at 0x7ffe95f71550>
[2026-06-03 15:47:32] picamera2.picamera2 [DEBUG] [process_requests:1459] Execute job: <picamera2.job.Job object at 0x7ffe95f71550>
[2026-06-03 15:47:32] picamera2.picamera2 [DEBUG] [process_requests:1459] Execute job: <picamera2.job.Job object at 0x7ffe95f71550>
[2026-06-03 15:47:32] picamera2.picamera2 [DEBUG] [process_requests:1459] Execute job: <picamera2.job.Job object at 0x7ffe95f71550>
[2026-06-03 15:47:32] picamera2.picamera2 [DEBUG] [process_requests:1459] Execute job: <picamera2.job.Job object at 0x7ffe95f71550>
[2026-06-03 15:47:32] werkzeug [INFO] [_log:97] 127.0.0.1 - - [03/Jun/2026 15:47:32] "GET /api/camera/snapshot?t=1780490841820 HTTP/1.1" 200 -
[2026-06-03 15:47:32] picamera2.picamera2 [DEBUG] [process_requests:1459] Execute job: <picamera2.job.Job object at 0x7ffe95f71550>
[2026-06-03 15:47:32] picamera2.picamera2 [DEBUG] [process_requests:1459] Execute job: <picamera2.job.Job object at 0x7ffe95f71550>
[2026-06-03 15:47:32] picamera2.picamera2 [DEBUG] [process_requests:1459] Execute job: <picamera2.job.Job object at 0x7ffe95f71550>
[2026-06-03 15:47:32] werkzeug [INFO] [_log:97] 127.0.0.1 - - [03/Jun/2026 15:47:32] "GET /api/camera/snapshot?t=1780490841971 HTTP/1.1" 200 -
[2026-06-03 15:47:32] picamera2.picamera2 [DEBUG] [process_requests:1459] Execute job: <picamera2.job.Job object at 0x7ffe95f71550>
[2026-06-03 15:47:32] picamera2.picamera2 [DEBUG] [process_requests:1459] Execute job: <picamera2.job.Job object at 0x7ffe95f71550>
[2026-06-03 15:47:32] werkzeug [INFO] [_log:97] 127.0.0.1 - - [03/Jun/2026 15:47:32] "GET /api/camera/snapshot?t=1780490842120 HTTP/1.1" 200 -
[2026-06-03 15:47:32] picamera2.picamera2 [DEBUG] [process_requests:1459] Execute job: <picamera2.job.Job object at 0x7ffe95f71550>
[2026-06-03 15:47:32] picamera2.picamera2 [DEBUG] [process_requests:1459] Execute job: <picamera2.job.Job object at 0x7ffe95f71550>
[2026-06-03 15:47:32] picamera2.picamera2 [DEBUG] [process_requests:1459] Execute job: <picamera2.job.Job object at 0x7ffe95f71550>
[2026-06-03 15:47:32] picamera2.picamera2 [DEBUG] [process_requests:1459] Execute job: <picamera2.job.Job object at 0x7ffe95f71550>
[2026-06-03 15:47:32] picamera2.picamera2 [DEBUG] [process_requests:1459] Execute job: <picamera2.job.Job object at 0x7ffe95f71550>
[2026-06-03 15:47:32] picamera2.picamera2 [DEBUG] [process_requests:1459] Execute job: <picamera2.job.Job object at 0x7ffe95f71550>
[2026-06-03 15:47:32] picamera2.picamera2 [DEBUG] [process_requests:1459] Execute job: <picamera2.job.Job object at 0x7ffe95f71550>
[2026-06-03 15:47:32] picamera2.picamera2 [DEBUG] [process_requests:1459] Execute job: <picamera2.job.Job object at 0x7ffe95f71550>
[2026-06-03 15:47:32] picamera2.picamera2 [DEBUG] [process_requests:1459] Execute job: <picamera2.job.Job object at 0x7ffe95f71550>
[2026-06-03 15:47:32] picamera2.picamera2 [DEBUG] [process_requests:1459] Execute job: <picamera2.job.Job object at 0x7ffe95f71550>
[2026-06-03 15:47:32] picamera2.picamera2 [DEBUG] [process_requests:1459] Execute job: <picamera2.job.Job object at 0x7ffe95f71550>
[2026-06-03 15:47:32] picamera2.picamera2 [DEBUG] [process_requests:1459] Execute job: <picamera2.job.Job object at 0x7ffe95f71550>
[2026-06-03 15:47:32] picamera2.picamera2 [DEBUG] [process_requests:1459] Execute job: <picamera2.job.Job object at 0x7ffe95f71550>
[2026-06-03 15:47:32] picamera2.picamera2 [DEBUG] [process_requests:1459] Execute job: <picamera2.job.Job object at 0x7ffe95f71550>
[2026-06-03 15:47:32] werkzeug [INFO] [_log:97] 127.0.0.1 - - [03/Jun/2026 15:47:32] "GET /api/camera/snapshot?t=1780490842270 HTTP/1.1" 200 -
[2026-06-03 15:47:32] picamera2.picamera2 [DEBUG] [process_requests:1459] Execute job: <picamera2.job.Job object at 0x7ffe95f71550>
[2026-06-03 15:47:33] picamera2.picamera2 [DEBUG] [process_requests:1459] Execute job: <picamera2.job.Job object at 0x7ffe95f71550>
[2026-06-03 15:47:33] werkzeug [INFO] [_log:97] 127.0.0.1 - - [03/Jun/2026 15:47:33] "GET /api/camera/snapshot?t=1780490842421 HTTP/1.1" 200 -
[2026-06-03 15:47:33] picamera2.picamera2 [DEBUG] [process_requests:1459] Execute job: <picamera2.job.Job object at 0x7ffe95f71550>
[2026-06-03 15:47:33] picamera2.picamera2 [DEBUG] [process_requests:1459] Execute job: <picamera2.job.Job object at 0x7ffe95f71550>
[2026-06-03 15:47:33] picamera2.picamera2 [DEBUG] [process_requests:1459] Execute job: <picamera2.job.Job object at 0x7ffe95f71550>
[2026-06-03 15:47:33] picamera2.picamera2 [DEBUG] [process_requests:1459] Execute job: <picamera2.job.Job object at 0x7ffe95f71550>
[2026-06-03 15:47:33] picamera2.picamera2 [DEBUG] [process_requests:1459] Execute job: <picamera2.job.Job object at 0x7ffe95f71550>
[2026-06-03 15:47:33] picamera2.picamera2 [DEBUG] [process_requests:1459] Execute job: <picamera2.job.Job object at 0x7ffe95f71550>
[2026-06-03 15:47:33] werkzeug [INFO] [_log:97] 127.0.0.1 - - [03/Jun/2026 15:47:33] "GET /api/camera/snapshot?t=1780490842570 HTTP/1.1" 200 -
[2026-06-03 15:47:33] picamera2.picamera2 [DEBUG] [process_requests:1459] Execute job: <picamera2.job.Job object at 0x7ffe95f71550>
[2026-06-03 15:47:33] picamera2.picamera2 [DEBUG] [process_requests:1459] Execute job: <picamera2.job.Job object at 0x7ffe95f71550>
[2026-06-03 15:47:33] werkzeug [INFO] [_log:97] 127.0.0.1 - - [03/Jun/2026 15:47:33] "GET /api/camera/snapshot?t=1780490842720 HTTP/1.1" 200 -
[2026-06-03 15:47:33] picamera2.picamera2 [DEBUG] [process_requests:1459] Execute job: <picamera2.job.Job object at 0x7ffe95f71550>
[2026-06-03 15:47:33] picamera2.picamera2 [DEBUG] [process_requests:1459] Execute job: <picamera2.job.Job object at 0x7ffe95f71550>
[2026-06-03 15:47:33] picamera2.picamera2 [DEBUG] [process_requests:1459] Execute job: <picamera2.job.Job object at 0x7ffe95f71550>
[2026-06-03 15:47:33] picamera2.picamera2 [DEBUG] [process_requests:1459] Execute job: <picamera2.job.Job object at 0x7ffe95f71550>
[2026-06-03 15:47:33] picamera2.picamera2 [DEBUG] [process_requests:1459] Execute job: <picamera2.job.Job object at 0x7ffe95f71550>
[2026-06-03 15:47:33] picamera2.picamera2 [DEBUG] [process_requests:1459] Execute job: <picamera2.job.Job object at 0x7ffe95f71550>
[2026-06-03 15:47:33] picamera2.picamera2 [DEBUG] [process_requests:1459] Execute job: <picamera2.job.Job object at 0x7ffe95f71550>
[2026-06-03 15:47:33] werkzeug [INFO] [_log:97] 127.0.0.1 - - [03/Jun/2026 15:47:33] "GET /api/camera/snapshot?t=1780490842871 HTTP/1.1" 200 -
[2026-06-03 15:47:33] picamera2.picamera2 [DEBUG] [process_requests:1459] Execute job: <picamera2.job.Job object at 0x7ffe95f71550>
[2026-06-03 15:47:33] picamera2.picamera2 [DEBUG] [process_requests:1459] Execute job: <picamera2.job.Job object at 0x7ffe95f71550>
[2026-06-03 15:47:33] picamera2.picamera2 [DEBUG] [process_requests:1459] Execute job: <picamera2.job.Job object at 0x7ffe95f71550>
[2026-06-03 15:47:33] picamera2.picamera2 [DEBUG] [process_requests:1459] Execute job: <picamera2.job.Job object at 0x7ffe95f71550>
[2026-06-03 15:47:33] sense.sensors.sensor_base [DEBUG] [poll:164] Sensor heat_grid: poll_result | physical=[[25.5, 23.25, 21.25, 20.75, 20.75, 20.75, 21.25, 21.25], [25.0, 22.5, 21.0, 21.0, 20.75, 21.5, 21.25, 20.75], [25.25, 21.75, 21.5, 20.75, 21.25, 21.25, 20.75, 20.75], [25.25, 22.0, 21.75, 21.0, 21.0, 20.75, 21.25, 20.5], [23.75, 22.25, 21.5, 21.25, 21.25, 20.75, 21.0, 21.5], [22.5, 22.0, 21.0, 21.0, 21.25, 21.0, 21.0, 21.25], [23.25, 21.75, 21.25, 21.0, 21.0, 20.75, 21.25, 20.5], [21.75, 22.25, 21.25, 21.0, 21.0, 21.0, 20.75, 21.25]] C | normalized=0.319 | threshold_hit=False
[2026-06-03 15:47:33] picamera2.picamera2 [DEBUG] [process_requests:1459] Execute job: <picamera2.job.Job object at 0x7ffe95f71550>
[2026-06-03 15:47:33] sense.sensors.sensor_base [DEBUG] [poll:164] Sensor smoke: poll_result | physical=7.376283842613144e-08 ppm | normalized=0.000 | threshold_hit=False
[2026-06-03 15:47:33] picamera2.picamera2 [DEBUG] [process_requests:1459] Execute job: <picamera2.job.Job object at 0x7ffe95f71550>
[2026-06-03 15:47:33] picamera2.picamera2 [DEBUG] [process_requests:1459] Execute job: <picamera2.job.Job object at 0x7ffe95f71550>
[2026-06-03 15:47:33] werkzeug [INFO] [_log:97] 127.0.0.1 - - [03/Jun/2026 15:47:33] "GET /api/camera/snapshot?t=1780490843021 HTTP/1.1" 200 -
[2026-06-03 15:47:33] picamera2.picamera2 [DEBUG] [process_requests:1459] Execute job: <picamera2.job.Job object at 0x7ffe95f71550>
[2026-06-03 15:47:33] picamera2.picamera2 [DEBUG] [process_requests:1459] Execute job: <picamera2.job.Job object at 0x7ffe95f71550>
[2026-06-03 15:47:33] picamera2.picamera2 [DEBUG] [process_requests:1459] Execute job: <picamera2.job.Job object at 0x7ffe95f71550>
[2026-06-03 15:47:33] picamera2.picamera2 [DEBUG] [process_requests:1459] Execute job: <picamera2.job.Job object at 0x7ffe95f71550>
[2026-06-03 15:47:33] picamera2.picamera2 [DEBUG] [process_requests:1459] Execute job: <picamera2.job.Job object at 0x7ffe95f71550>
[2026-06-03 15:47:33] werkzeug [INFO] [_log:97] 127.0.0.1 - - [03/Jun/2026 15:47:33] "GET /api/camera/snapshot?t=1780490843170 HTTP/1.1" 200 -
[2026-06-03 15:47:33] picamera2.picamera2 [DEBUG] [process_requests:1459] Execute job: <picamera2.job.Job object at 0x7ffe95f71550>
[2026-06-03 15:47:34] picamera2.picamera2 [DEBUG] [process_requests:1459] Execute job: <picamera2.job.Job object at 0x7ffe95f71550>
[2026-06-03 15:47:34] picamera2.picamera2 [DEBUG] [process_requests:1459] Execute job: <picamera2.job.Job object at 0x7ffe95f71550>
[2026-06-03 15:47:34] picamera2.picamera2 [DEBUG] [process_requests:1459] Execute job: <picamera2.job.Job object at 0x7ffe95f71550>
[2026-06-03 15:47:34] picamera2.picamera2 [DEBUG] [process_requests:1459] Execute job: <picamera2.job.Job object at 0x7ffe95f71550>
[2026-06-03 15:47:34] picamera2.picamera2 [DEBUG] [process_requests:1459] Execute job: <picamera2.job.Job object at 0x7ffe95f71550>
[2026-06-03 15:47:34] picamera2.picamera2 [DEBUG] [process_requests:1459] Execute job: <picamera2.job.Job object at 0x7ffe95f71550>
[2026-06-03 15:47:34] picamera2.picamera2 [DEBUG] [process_requests:1459] Execute job: <picamera2.job.Job object at 0x7ffe95f71550>
[2026-06-03 15:47:34] picamera2.picamera2 [DEBUG] [process_requests:1459] Execute job: <picamera2.job.Job object at 0x7ffe95f71550>
[2026-06-03 15:47:34] picamera2.picamera2 [DEBUG] [process_requests:1459] Execute job: <picamera2.job.Job object at 0x7ffe95f71550>
[2026-06-03 15:47:34] picamera2.picamera2 [DEBUG] [process_requests:1459] Execute job: <picamera2.job.Job object at 0x7ffe95f71550>
[2026-06-03 15:47:34] picamera2.picamera2 [DEBUG] [process_requests:1459] Execute job: <picamera2.job.Job object at 0x7ffe95f71550>
[2026-06-03 15:47:34] picamera2.picamera2 [DEBUG] [process_requests:1459] Execute job: <picamera2.job.Job object at 0x7ffe95f71550>
[2026-06-03 15:47:34] picamera2.picamera2 [DEBUG] [process_requests:1459] Execute job: <picamera2.job.Job object at 0x7ffe95f71550>
[2026-06-03 15:47:34] picamera2.picamera2 [DEBUG] [process_requests:1459] Execute job: <picamera2.job.Job object at 0x7ffe95f71550>
[2026-06-03 15:47:34] werkzeug [INFO] [_log:97] 127.0.0.1 - - [03/Jun/2026 15:47:34] "GET /api/camera/snapshot?t=1780490843320 HTTP/1.1" 200 -
[2026-06-03 15:47:34] picamera2.picamera2 [DEBUG] [process_requests:1459] Execute job: <picamera2.job.Job object at 0x7ffe95f71550>
[2026-06-03 15:47:34] picamera2.picamera2 [DEBUG] [process_requests:1459] Execute job: <picamera2.job.Job object at 0x7ffe95f71550>
[2026-06-03 15:47:34] picamera2.picamera2 [DEBUG] [process_requests:1459] Execute job: <picamera2.job.Job object at 0x7ffe95f71550>
[2026-06-03 15:47:34] picamera2.picamera2 [DEBUG] [process_requests:1459] Execute job: <picamera2.job.Job object at 0x7ffe95f71550>
[2026-06-03 15:47:34] picamera2.picamera2 [DEBUG] [process_requests:1459] Execute job: <picamera2.job.Job object at 0x7ffe95f71550>
[2026-06-03 15:47:34] picamera2.picamera2 [DEBUG] [process_requests:1459] Execute job: <picamera2.job.Job object at 0x7ffe95f71550>
[2026-06-03 15:47:34] picamera2.picamera2 [DEBUG] [process_requests:1459] Execute job: <picamera2.job.Job object at 0x7ffe95f71550>
[2026-06-03 15:47:34] picamera2.picamera2 [DEBUG] [process_requests:1459] Execute job: <picamera2.job.Job object at 0x7ffe95f71550>
[2026-06-03 15:47:34] picamera2.picamera2 [DEBUG] [process_requests:1459] Execute job: <picamera2.job.Job object at 0x7ffe95f71550>
[2026-06-03 15:47:34] werkzeug [INFO] [_log:97] 127.0.0.1 - - [03/Jun/2026 15:47:34] "GET /api/camera/snapshot?t=1780490843471 HTTP/1.1" 200 -
[2026-06-03 15:47:34] picamera2.picamera2 [DEBUG] [process_requests:1459] Execute job: <picamera2.job.Job object at 0x7ffe95f71550>
[2026-06-03 15:47:34] picamera2.picamera2 [DEBUG] [process_requests:1459] Execute job: <picamera2.job.Job object at 0x7ffe95f71550>
[2026-06-03 15:47:34] picamera2.picamera2 [DEBUG] [process_requests:1459] Execute job: <picamera2.job.Job object at 0x7ffe95f71550>
[2026-06-03 15:47:34] picamera2.picamera2 [DEBUG] [process_requests:1459] Execute job: <picamera2.job.Job object at 0x7ffe95f71550>
[2026-06-03 15:47:34] picamera2.picamera2 [DEBUG] [process_requests:1459] Execute job: <picamera2.job.Job object at 0x7ffe95f71550>
[2026-06-03 15:47:34] picamera2.picamera2 [DEBUG] [process_requests:1459] Execute job: <picamera2.job.Job object at 0x7ffe95f71550>
[2026-06-03 15:47:34] picamera2.picamera2 [DEBUG] [process_requests:1459] Execute job: <picamera2.job.Job object at 0x7ffe95f71550>
[2026-06-03 15:47:34] picamera2.picamera2 [DEBUG] [process_requests:1459] Execute job: <picamera2.job.Job object at 0x7ffe95f71550>
[2026-06-03 15:47:35] picamera2.picamera2 [DEBUG] [process_requests:1459] Execute job: <picamera2.job.Job object at 0x7ffe95f71550>
[2026-06-03 15:47:35] picamera2.picamera2 [DEBUG] [process_requests:1459] Execute job: <picamera2.job.Job object at 0x7ffe95f71550>
[2026-06-03 15:47:35] picamera2.picamera2 [DEBUG] [process_requests:1459] Execute job: <picamera2.job.Job object at 0x7ffe95f71550>
[2026-06-03 15:47:35] picamera2.picamera2 [DEBUG] [process_requests:1459] Execute job: <picamera2.job.Job object at 0x7ffe95f71550>
[2026-06-03 15:47:35] picamera2.picamera2 [DEBUG] [process_requests:1459] Execute job: <picamera2.job.Job object at 0x7ffe95f71550>
[2026-06-03 15:47:35] picamera2.picamera2 [DEBUG] [process_requests:1459] Execute job: <picamera2.job.Job object at 0x7ffe95f71550>
[2026-06-03 15:47:35] werkzeug [INFO] [_log:97] 127.0.0.1 - - [03/Jun/2026 15:47:35] "GET /api/camera/snapshot?t=1780490843620 HTTP/1.1" 200 -
[2026-06-03 15:47:35] werkzeug [INFO] [_log:97] 127.0.0.1 - - [03/Jun/2026 15:47:35] "GET /api/camera/snapshot?t=1780490843772 HTTP/1.1" 200 -
[2026-06-03 15:47:35] picamera2.picamera2 [DEBUG] [process_requests:1459] Execute job: <picamera2.job.Job object at 0x7ffe95f71550>
[2026-06-03 15:47:35] picamera2.picamera2 [DEBUG] [process_requests:1459] Execute job: <picamera2.job.Job object at 0x7ffe95f71550>
[2026-06-03 15:47:35] picamera2.picamera2 [DEBUG] [process_requests:1459] Execute job: <picamera2.job.Job object at 0x7ffe95f71550>
[2026-06-03 15:47:35] picamera2.picamera2 [DEBUG] [process_requests:1459] Execute job: <picamera2.job.Job object at 0x7ffe95f71550>
[2026-06-03 15:47:35] picamera2.picamera2 [DEBUG] [process_requests:1459] Execute job: <picamera2.job.Job object at 0x7ffe95f71550>
[2026-06-03 15:47:35] picamera2.picamera2 [DEBUG] [process_requests:1459] Execute job: <picamera2.job.Job object at 0x7ffe95f71550>
[2026-06-03 15:47:35] picamera2.picamera2 [DEBUG] [process_requests:1459] Execute job: <picamera2.job.Job object at 0x7ffe95f71550>
[2026-06-03 15:47:35] picamera2.picamera2 [DEBUG] [process_requests:1459] Execute job: <picamera2.job.Job object at 0x7ffe95f71550>
[2026-06-03 15:47:35] picamera2.picamera2 [DEBUG] [process_requests:1459] Execute job: <picamera2.job.Job object at 0x7ffe95f71550>
[2026-06-03 15:47:35] picamera2.picamera2 [DEBUG] [process_requests:1459] Execute job: <picamera2.job.Job object at 0x7ffe95f71550>
[2026-06-03 15:47:35] picamera2.picamera2 [DEBUG] [process_requests:1459] Execute job: <picamera2.job.Job object at 0x7ffe95f71550>
[2026-06-03 15:47:35] picamera2.picamera2 [DEBUG] [process_requests:1459] Execute job: <picamera2.job.Job object at 0x7ffe95f71550>
[2026-06-03 15:47:35] picamera2.picamera2 [DEBUG] [process_requests:1459] Execute job: <picamera2.job.Job object at 0x7ffe95f71550>
[2026-06-03 15:47:35] werkzeug [INFO] [_log:97] 127.0.0.1 - - [03/Jun/2026 15:47:35] "GET /api/camera/snapshot?t=1780490843920 HTTP/1.1" 200 -
[2026-06-03 15:47:35] picamera2.picamera2 [DEBUG] [process_requests:1459] Execute job: <picamera2.job.Job object at 0x7ffe95f71550>
[2026-06-03 15:47:35] picamera2.picamera2 [DEBUG] [process_requests:1459] Execute job: <picamera2.job.Job object at 0x7ffe95f71550>
[2026-06-03 15:47:35] picamera2.picamera2 [DEBUG] [process_requests:1459] Execute job: <picamera2.job.Job object at 0x7ffe95f71550>
[2026-06-03 15:47:35] picamera2.picamera2 [DEBUG] [process_requests:1459] Execute job: <picamera2.job.Job object at 0x7ffe95f71550>
[2026-06-03 15:47:35] werkzeug [INFO] [_log:97] 127.0.0.1 - - [03/Jun/2026 15:47:35] "GET /api/camera/snapshot?t=1780490844071 HTTP/1.1" 200 -
[2026-06-03 15:47:35] picamera2.picamera2 [DEBUG] [process_requests:1459] Execute job: <picamera2.job.Job object at 0x7ffe95f71550>
[2026-06-03 15:47:35] picamera2.picamera2 [DEBUG] [process_requests:1459] Execute job: <picamera2.job.Job object at 0x7ffe95f71550>
[2026-06-03 15:47:35] picamera2.picamera2 [DEBUG] [process_requests:1459] Execute job: <picamera2.job.Job object at 0x7ffe95f71550>
[2026-06-03 15:47:35] picamera2.picamera2 [DEBUG] [process_requests:1459] Execute job: <picamera2.job.Job object at 0x7ffe95f71550>
[2026-06-03 15:47:35] picamera2.picamera2 [DEBUG] [process_requests:1459] Execute job: <picamera2.job.Job object at 0x7ffe95f71550>
[2026-06-03 15:47:35] picamera2.picamera2 [DEBUG] [process_requests:1459] Execute job: <picamera2.job.Job object at 0x7ffe95f71550>
[2026-06-03 15:47:35] picamera2.picamera2 [DEBUG] [process_requests:1459] Execute job: <picamera2.job.Job object at 0x7ffe95f71550>
[2026-06-03 15:47:36] picamera2.picamera2 [DEBUG] [process_requests:1459] Execute job: <picamera2.job.Job object at 0x7ffe95f71550>
[2026-06-03 15:47:36] picamera2.picamera2 [DEBUG] [process_requests:1459] Execute job: <picamera2.job.Job object at 0x7ffe95f71550>
[2026-06-03 15:47:36] picamera2.picamera2 [DEBUG] [process_requests:1459] Execute job: <picamera2.job.Job object at 0x7ffe95f71550>
[2026-06-03 15:47:36] picamera2.picamera2 [DEBUG] [process_requests:1459] Execute job: <picamera2.job.Job object at 0x7ffe95f71550>
[2026-06-03 15:47:36] picamera2.picamera2 [DEBUG] [process_requests:1459] Execute job: <picamera2.job.Job object at 0x7ffe95f71550>
[2026-06-03 15:47:36] picamera2.picamera2 [DEBUG] [process_requests:1459] Execute job: <picamera2.job.Job object at 0x7ffe95f71550>
[2026-06-03 15:47:36] picamera2.picamera2 [DEBUG] [process_requests:1459] Execute job: <picamera2.job.Job object at 0x7ffe95f71550>
[2026-06-03 15:47:36] picamera2.picamera2 [DEBUG] [process_requests:1459] Execute job: <picamera2.job.Job object at 0x7ffe95f71550>
[2026-06-03 15:47:36] picamera2.picamera2 [DEBUG] [process_requests:1459] Execute job: <picamera2.job.Job object at 0x7ffe95f71550>
[2026-06-03 15:47:36] picamera2.picamera2 [DEBUG] [process_requests:1459] Execute job: <picamera2.job.Job object at 0x7ffe95f71550>
[2026-06-03 15:47:36] picamera2.picamera2 [DEBUG] [process_requests:1459] Execute job: <picamera2.job.Job object at 0x7ffe95f71550>
[2026-06-03 15:47:36] picamera2.picamera2 [DEBUG] [process_requests:1459] Execute job: <picamera2.job.Job object at 0x7ffe95f71550>
[2026-06-03 15:47:36] picamera2.picamera2 [DEBUG] [process_requests:1459] Execute job: <picamera2.job.Job object at 0x7ffe95f71550>
[2026-06-03 15:47:36] werkzeug [INFO] [_log:97] 127.0.0.1 - - [03/Jun/2026 15:47:36] "GET /api/camera/snapshot?t=1780490844221 HTTP/1.1" 200 -
[2026-06-03 15:47:36] picamera2.picamera2 [DEBUG] [process_requests:1459] Execute job: <picamera2.job.Job object at 0x7ffe95f71550>
[2026-06-03 15:47:36] picamera2.picamera2 [DEBUG] [process_requests:1459] Execute job: <picamera2.job.Job object at 0x7ffe95f71550>
[2026-06-03 15:47:36] picamera2.picamera2 [DEBUG] [process_requests:1459] Execute job: <picamera2.job.Job object at 0x7ffe95f71550>
[2026-06-03 15:47:36] picamera2.picamera2 [DEBUG] [process_requests:1459] Execute job: <picamera2.job.Job object at 0x7ffe95f71550>
[2026-06-03 15:47:36] picamera2.picamera2 [DEBUG] [process_requests:1459] Execute job: <picamera2.job.Job object at 0x7ffe95f71550>
[2026-06-03 15:47:36] picamera2.picamera2 [DEBUG] [process_requests:1459] Execute job: <picamera2.job.Job object at 0x7ffe95f71550>
[2026-06-03 15:47:36] picamera2.picamera2 [DEBUG] [process_requests:1459] Execute job: <picamera2.job.Job object at 0x7ffe95f71550>
[2026-06-03 15:47:36] picamera2.picamera2 [DEBUG] [process_requests:1459] Execute job: <picamera2.job.Job object at 0x7ffe95f71550>
[2026-06-03 15:47:36] picamera2.picamera2 [DEBUG] [process_requests:1459] Execute job: <picamera2.job.Job object at 0x7ffe95f71550>
[2026-06-03 15:47:36] picamera2.picamera2 [DEBUG] [process_requests:1459] Execute job: <picamera2.job.Job object at 0x7ffe95f71550>
[2026-06-03 15:47:36] picamera2.picamera2 [DEBUG] [process_requests:1459] Execute job: <picamera2.job.Job object at 0x7ffe95f71550>
[2026-06-03 15:47:36] picamera2.picamera2 [DEBUG] [process_requests:1459] Execute job: <picamera2.job.Job object at 0x7ffe95f71550>
[2026-06-03 15:47:36] picamera2.picamera2 [DEBUG] [process_requests:1459] Execute job: <picamera2.job.Job object at 0x7ffe95f71550>
[2026-06-03 15:47:36] picamera2.picamera2 [DEBUG] [process_requests:1459] Execute job: <picamera2.job.Job object at 0x7ffe95f71550>
[2026-06-03 15:47:36] picamera2.picamera2 [DEBUG] [process_requests:1459] Execute job: <picamera2.job.Job object at 0x7ffe95f71550>
[2026-06-03 15:47:36] picamera2.picamera2 [DEBUG] [process_requests:1459] Execute job: <picamera2.job.Job object at 0x7ffe95f71550>
[2026-06-03 15:47:36] picamera2.picamera2 [DEBUG] [process_requests:1459] Execute job: <picamera2.job.Job object at 0x7ffe95f71550>
[2026-06-03 15:47:37] picamera2.picamera2 [DEBUG] [process_requests:1459] Execute job: <picamera2.job.Job object at 0x7ffe95f71550>
[2026-06-03 15:47:37] picamera2.picamera2 [DEBUG] [process_requests:1459] Execute job: <picamera2.job.Job object at 0x7ffe95f71550>
[2026-06-03 15:47:37] picamera2.picamera2 [DEBUG] [process_requests:1459] Execute job: <picamera2.job.Job object at 0x7ffe95f71550>
[2026-06-03 15:47:37] picamera2.picamera2 [DEBUG] [process_requests:1459] Execute job: <picamera2.job.Job object at 0x7ffe95f71550>
[2026-06-03 15:47:37] picamera2.picamera2 [DEBUG] [process_requests:1459] Execute job: <picamera2.job.Job object at 0x7ffe95f71550>
[2026-06-03 15:47:37] picamera2.picamera2 [DEBUG] [process_requests:1459] Execute job: <picamera2.job.Job object at 0x7ffe95f71550>
[2026-06-03 15:47:37] picamera2.picamera2 [DEBUG] [process_requests:1459] Execute job: <picamera2.job.Job object at 0x7ffe95f71550>
[2026-06-03 15:47:37] picamera2.picamera2 [DEBUG] [process_requests:1459] Execute job: <picamera2.job.Job object at 0x7ffe95f71550>
[2026-06-03 15:47:37] picamera2.picamera2 [DEBUG] [process_requests:1459] Execute job: <picamera2.job.Job object at 0x7ffe95f71550>
[2026-06-03 15:47:37] picamera2.picamera2 [DEBUG] [process_requests:1459] Execute job: <picamera2.job.Job object at 0x7ffe95f71550>
[2026-06-03 15:47:37] picamera2.picamera2 [DEBUG] [process_requests:1459] Execute job: <picamera2.job.Job object at 0x7ffe95f71550>
[2026-06-03 15:47:37] picamera2.picamera2 [DEBUG] [process_requests:1459] Execute job: <picamera2.job.Job object at 0x7ffe95f71550>
[2026-06-03 15:47:37] picamera2.picamera2 [DEBUG] [process_requests:1459] Execute job: <picamera2.job.Job object at 0x7ffe95f71550>
[2026-06-03 15:47:37] picamera2.picamera2 [DEBUG] [process_requests:1459] Execute job: <picamera2.job.Job object at 0x7ffe95f71550>
[2026-06-03 15:47:37] picamera2.picamera2 [DEBUG] [process_requests:1459] Execute job: <picamera2.job.Job object at 0x7ffe95f71550>
[2026-06-03 15:47:37] picamera2.picamera2 [DEBUG] [process_requests:1459] Execute job: <picamera2.job.Job object at 0x7ffe95f71550>
[2026-06-03 15:47:37] picamera2.picamera2 [DEBUG] [process_requests:1459] Execute job: <picamera2.job.Job object at 0x7ffe95f71550>
[2026-06-03 15:47:37] picamera2.picamera2 [DEBUG] [process_requests:1459] Execute job: <picamera2.job.Job object at 0x7ffe95f71550>
[2026-06-03 15:47:37] picamera2.picamera2 [DEBUG] [process_requests:1459] Execute job: <picamera2.job.Job object at 0x7ffe95f71550>
[2026-06-03 15:47:37] picamera2.picamera2 [DEBUG] [process_requests:1459] Execute job: <picamera2.job.Job object at 0x7ffe95f71550>
[2026-06-03 15:47:37] picamera2.picamera2 [DEBUG] [process_requests:1459] Execute job: <picamera2.job.Job object at 0x7ffe95f71550>
[2026-06-03 15:47:37] picamera2.picamera2 [DEBUG] [process_requests:1459] Execute job: <picamera2.job.Job object at 0x7ffe95f71550>
[2026-06-03 15:47:37] picamera2.picamera2 [DEBUG] [process_requests:1459] Execute job: <picamera2.job.Job object at 0x7ffe95f71550>
[2026-06-03 15:47:37] picamera2.picamera2 [DEBUG] [process_requests:1459] Execute job: <picamera2.job.Job object at 0x7ffe95f71550>
[2026-06-03 15:47:37] werkzeug [INFO] [_log:97] 127.0.0.1 - - [03/Jun/2026 15:47:37] "GET /api/camera/snapshot?t=1780490844371 HTTP/1.1" 200 -
[2026-06-03 15:47:37] picamera2.picamera2 [DEBUG] [process_requests:1459] Execute job: <picamera2.job.Job object at 0x7ffe95f71550>
[2026-06-03 15:47:37] picamera2.picamera2 [DEBUG] [process_requests:1459] Execute job: <picamera2.job.Job object at 0x7ffe95f71550>
[2026-06-03 15:47:37] picamera2.picamera2 [DEBUG] [process_requests:1459] Execute job: <picamera2.job.Job object at 0x7ffe95f71550>
[2026-06-03 15:47:37] picamera2.picamera2 [DEBUG] [process_requests:1459] Execute job: <picamera2.job.Job object at 0x7ffe95f71550>
[2026-06-03 15:47:37] picamera2.picamera2 [DEBUG] [process_requests:1459] Execute job: <picamera2.job.Job object at 0x7ffe95f71550>
[2026-06-03 15:47:37] picamera2.picamera2 [DEBUG] [process_requests:1459] Execute job: <picamera2.job.Job object at 0x7ffe95f71550>
[2026-06-03 15:47:38] picamera2.picamera2 [DEBUG] [process_requests:1459] Execute job: <picamera2.job.Job object at 0x7ffe95f71550>
[2026-06-03 15:47:38] picamera2.picamera2 [DEBUG] [process_requests:1459] Execute job: <picamera2.job.Job object at 0x7ffe95f71550>
[2026-06-03 15:47:38] picamera2.picamera2 [DEBUG] [process_requests:1459] Execute job: <picamera2.job.Job object at 0x7ffe95f71550>
[2026-06-03 15:47:38] picamera2.picamera2 [DEBUG] [process_requests:1459] Execute job: <picamera2.job.Job object at 0x7ffe95f71550>
[2026-06-03 15:47:38] picamera2.picamera2 [DEBUG] [process_requests:1459] Execute job: <picamera2.job.Job object at 0x7ffe95f71550>
[2026-06-03 15:47:38] werkzeug [INFO] [_log:97] 127.0.0.1 - - [03/Jun/2026 15:47:38] "GET /api/camera/snapshot?t=1780490844521 HTTP/1.1" 200 -
[2026-06-03 15:47:38] picamera2.picamera2 [DEBUG] [process_requests:1459] Execute job: <picamera2.job.Job object at 0x7ffe95f71550>
[2026-06-03 15:47:38] picamera2.picamera2 [DEBUG] [process_requests:1459] Execute job: <picamera2.job.Job object at 0x7ffe95f71550>
[2026-06-03 15:47:38] picamera2.picamera2 [DEBUG] [process_requests:1459] Execute job: <picamera2.job.Job object at 0x7ffe95f71550>
[2026-06-03 15:47:38] picamera2.picamera2 [DEBUG] [process_requests:1459] Execute job: <picamera2.job.Job object at 0x7ffe95f71550>
[2026-06-03 15:47:38] picamera2.picamera2 [DEBUG] [process_requests:1459] Execute job: <picamera2.job.Job object at 0x7ffe95f71550>
[2026-06-03 15:47:38] picamera2.picamera2 [DEBUG] [process_requests:1459] Execute job: <picamera2.job.Job object at 0x7ffe95f71550>
[2026-06-03 15:47:38] werkzeug [INFO] [_log:97] 127.0.0.1 - - [03/Jun/2026 15:47:38] "GET /api/camera/snapshot?t=1780490844671 HTTP/1.1" 200 -
[2026-06-03 15:47:38] picamera2.picamera2 [DEBUG] [process_requests:1459] Execute job: <picamera2.job.Job object at 0x7ffe95f71550>
[2026-06-03 15:47:38] picamera2.picamera2 [DEBUG] [process_requests:1459] Execute job: <picamera2.job.Job object at 0x7ffe95f71550>
[2026-06-03 15:47:38] picamera2.picamera2 [DEBUG] [process_requests:1459] Execute job: <picamera2.job.Job object at 0x7ffe95f71550>
[2026-06-03 15:47:38] picamera2.picamera2 [DEBUG] [process_requests:1459] Execute job: <picamera2.job.Job object at 0x7ffe95f71550>
[2026-06-03 15:47:38] picamera2.picamera2 [DEBUG] [process_requests:1459] Execute job: <picamera2.job.Job object at 0x7ffe95f71550>
[2026-06-03 15:47:38] picamera2.picamera2 [DEBUG] [process_requests:1459] Execute job: <picamera2.job.Job object at 0x7ffe95f71550>
[2026-06-03 15:47:38] werkzeug [INFO] [_log:97] 127.0.0.1 - - [03/Jun/2026 15:47:38] "GET /api/camera/snapshot?t=1780490844820 HTTP/1.1" 200 -
[2026-06-03 15:47:38] picamera2.picamera2 [DEBUG] [process_requests:1459] Execute job: <picamera2.job.Job object at 0x7ffe95f71550>
[2026-06-03 15:47:38] picamera2.picamera2 [DEBUG] [process_requests:1459] Execute job: <picamera2.job.Job object at 0x7ffe95f71550>
[2026-06-03 15:47:38] picamera2.picamera2 [DEBUG] [process_requests:1459] Execute job: <picamera2.job.Job object at 0x7ffe95f71550>
[2026-06-03 15:47:38] picamera2.picamera2 [DEBUG] [process_requests:1459] Execute job: <picamera2.job.Job object at 0x7ffe95f71550>
[2026-06-03 15:47:38] picamera2.picamera2 [DEBUG] [process_requests:1459] Execute job: <picamera2.job.Job object at 0x7ffe95f71550>
[2026-06-03 15:47:38] picamera2.picamera2 [DEBUG] [process_requests:1459] Execute job: <picamera2.job.Job object at 0x7ffe95f71550>
[2026-06-03 15:47:38] picamera2.picamera2 [DEBUG] [process_requests:1459] Execute job: <picamera2.job.Job object at 0x7ffe95f71550>
[2026-06-03 15:47:38] picamera2.picamera2 [DEBUG] [process_requests:1459] Execute job: <picamera2.job.Job object at 0x7ffe95f71550>
[2026-06-03 15:47:38] werkzeug [INFO] [_log:97] 127.0.0.1 - - [03/Jun/2026 15:47:38] "OPTIONS /api/camera/toggle HTTP/1.1" 200 -
[2026-06-03 15:47:38] picamera2.picamera2 [DEBUG] [process_requests:1459] Execute job: <picamera2.job.Job object at 0x7ffe95f71550>
[2026-06-03 15:47:38] picamera2.picamera2 [DEBUG] [process_requests:1459] Execute job: <picamera2.job.Job object at 0x7ffe95f71550>
[2026-06-03 15:47:38] picamera2.picamera2 [DEBUG] [process_requests:1459] Execute job: <picamera2.job.Job object at 0x7ffe95f71550>
[2026-06-03 15:47:38] picamera2.picamera2 [DEBUG] [process_requests:1459] Execute job: <picamera2.job.Job object at 0x7ffe95f71550>
[2026-06-03 15:47:38] picamera2.picamera2 [DEBUG] [process_requests:1459] Execute job: <picamera2.job.Job object at 0x7ffe95f71550>
[2026-06-03 15:47:39] picamera2.picamera2 [DEBUG] [process_requests:1459] Execute job: <picamera2.job.Job object at 0x7ffe95f71550>
[2026-06-03 15:47:39] picamera2.picamera2 [DEBUG] [process_requests:1459] Execute job: <picamera2.job.Job object at 0x7ffe95f71550>
[2026-06-03 15:47:39] picamera2.picamera2 [DEBUG] [process_requests:1459] Execute job: <picamera2.job.Job object at 0x7ffe95f71550>
[2026-06-03 15:47:39] picamera2.picamera2 [DEBUG] [process_requests:1459] Execute job: <picamera2.job.Job object at 0x7ffe95f71550>
[2026-06-03 15:47:39] picamera2.picamera2 [DEBUG] [process_requests:1459] Execute job: <picamera2.job.Job object at 0x7ffe95f71550>
[2026-06-03 15:47:39] picamera2.picamera2 [DEBUG] [process_requests:1459] Execute job: <picamera2.job.Job object at 0x7ffe95f71550>
[2026-06-03 15:47:39] picamera2.picamera2 [DEBUG] [process_requests:1459] Execute job: <picamera2.job.Job object at 0x7ffe95f71550>
[2026-06-03 15:47:39] picamera2.picamera2 [DEBUG] [process_requests:1459] Execute job: <picamera2.job.Job object at 0x7ffe95f71550>
[2026-06-03 15:47:39] werkzeug [INFO] [_log:97] 127.0.0.1 - - [03/Jun/2026 15:47:39] "GET /api/camera/snapshot?t=1780490844970 HTTP/1.1" 200 -
[2026-06-03 15:47:39] picamera2.picamera2 [DEBUG] [process_requests:1459] Execute job: <picamera2.job.Job object at 0x7ffe95f71550>
[2026-06-03 15:47:39] picamera2.picamera2 [DEBUG] [process_requests:1459] Execute job: <picamera2.job.Job object at 0x7ffe95f71550>
[2026-06-03 15:47:39] picamera2.picamera2 [DEBUG] [process_requests:1459] Execute job: <picamera2.job.Job object at 0x7ffe95f71550>
[2026-06-03 15:47:39] picamera2.picamera2 [DEBUG] [process_requests:1459] Execute job: <picamera2.job.Job object at 0x7ffe95f71550>
[2026-06-03 15:47:39] picamera2.picamera2 [DEBUG] [process_requests:1459] Execute job: <picamera2.job.Job object at 0x7ffe95f71550>
[2026-06-03 15:47:39] picamera2.picamera2 [DEBUG] [process_requests:1459] Execute job: <picamera2.job.Job object at 0x7ffe95f71550>
[2026-06-03 15:47:39] picamera2.picamera2 [DEBUG] [process_requests:1459] Execute job: <picamera2.job.Job object at 0x7ffe95f71550>
[2026-06-03 15:47:39] picamera2.picamera2 [DEBUG] [process_requests:1459] Execute job: <picamera2.job.Job object at 0x7ffe95f71550>
[2026-06-03 15:47:39] picamera2.picamera2 [DEBUG] [process_requests:1459] Execute job: <picamera2.job.Job object at 0x7ffe95f71550>
[2026-06-03 15:47:39] werkzeug [INFO] [_log:97] 127.0.0.1 - - [03/Jun/2026 15:47:39] "GET /api/camera/snapshot?t=1780490845120 HTTP/1.1" 200 -
[2026-06-03 15:47:39] picamera2.picamera2 [DEBUG] [process_requests:1459] Execute job: <picamera2.job.Job object at 0x7ffe95f71550>
[2026-06-03 15:47:39] picamera2.picamera2 [DEBUG] [process_requests:1459] Execute job: <picamera2.job.Job object at 0x7ffe95f71550>
[2026-06-03 15:47:39] picamera2.picamera2 [DEBUG] [process_requests:1459] Execute job: <picamera2.job.Job object at 0x7ffe95f71550>
[2026-06-03 15:47:39] picamera2.picamera2 [DEBUG] [process_requests:1459] Execute job: <picamera2.job.Job object at 0x7ffe95f71550>
[2026-06-03 15:47:39] picamera2.picamera2 [DEBUG] [process_requests:1459] Execute job: <picamera2.job.Job object at 0x7ffe95f71550>
[2026-06-03 15:47:39] picamera2.picamera2 [DEBUG] [process_requests:1459] Execute job: <picamera2.job.Job object at 0x7ffe95f71550>
[2026-06-03 15:47:39] picamera2.picamera2 [DEBUG] [process_requests:1459] Execute job: <picamera2.job.Job object at 0x7ffe95f71550>
[2026-06-03 15:47:39] picamera2.picamera2 [DEBUG] [process_requests:1459] Execute job: <picamera2.job.Job object at 0x7ffe95f71550>
[2026-06-03 15:47:39] picamera2.picamera2 [DEBUG] [process_requests:1459] Execute job: <picamera2.job.Job object at 0x7ffe95f71550>
[2026-06-03 15:47:39] picamera2.picamera2 [DEBUG] [process_requests:1459] Execute job: <picamera2.job.Job object at 0x7ffe95f71550>
[2026-06-03 15:47:39] picamera2.picamera2 [DEBUG] [process_requests:1459] Execute job: <picamera2.job.Job object at 0x7ffe95f71550>
[2026-06-03 15:47:39] picamera2.picamera2 [DEBUG] [process_requests:1459] Execute job: <picamera2.job.Job object at 0x7ffe95f71550>
[2026-06-03 15:47:39] picamera2.picamera2 [DEBUG] [process_requests:1459] Execute job: <picamera2.job.Job object at 0x7ffe95f71550>
[2026-06-03 15:47:40] picamera2.picamera2 [DEBUG] [process_requests:1459] Execute job: <picamera2.job.Job object at 0x7ffe95f71550>
[2026-06-03 15:47:40] picamera2.picamera2 [DEBUG] [process_requests:1459] Execute job: <picamera2.job.Job object at 0x7ffe95f71550>
[2026-06-03 15:47:40] werkzeug [INFO] [_log:97] 127.0.0.1 - - [03/Jun/2026 15:47:40] "GET /api/camera/snapshot?t=1780490845276 HTTP/1.1" 200 -
[2026-06-03 15:47:40] picamera2.picamera2 [DEBUG] [process_requests:1459] Execute job: <picamera2.job.Job object at 0x7ffe95f71550>
[2026-06-03 15:47:40] picamera2.picamera2 [DEBUG] [process_requests:1459] Execute job: <picamera2.job.Job object at 0x7ffe95f71550>
[2026-06-03 15:47:40] picamera2.picamera2 [DEBUG] [process_requests:1459] Execute job: <picamera2.job.Job object at 0x7ffe95f71550>
[2026-06-03 15:47:40] picamera2.picamera2 [DEBUG] [process_requests:1459] Execute job: <picamera2.job.Job object at 0x7ffe95f71550>
[2026-06-03 15:47:40] picamera2.picamera2 [DEBUG] [process_requests:1459] Execute job: <picamera2.job.Job object at 0x7ffe95f71550>
[2026-06-03 15:47:40] picamera2.picamera2 [DEBUG] [process_requests:1459] Execute job: <picamera2.job.Job object at 0x7ffe95f71550>
[2026-06-03 15:47:40] picamera2.picamera2 [DEBUG] [process_requests:1459] Execute job: <picamera2.job.Job object at 0x7ffe95f71550>
[2026-06-03 15:47:40] picamera2.picamera2 [DEBUG] [process_requests:1459] Execute job: <picamera2.job.Job object at 0x7ffe95f71550>
[2026-06-03 15:47:40] picamera2.picamera2 [DEBUG] [process_requests:1459] Execute job: <picamera2.job.Job object at 0x7ffe95f71550>
[2026-06-03 15:47:40] picamera2.picamera2 [DEBUG] [process_requests:1459] Execute job: <picamera2.job.Job object at 0x7ffe95f71550>
[2026-06-03 15:47:40] picamera2.picamera2 [DEBUG] [process_requests:1459] Execute job: <picamera2.job.Job object at 0x7ffe95f71550>
[2026-06-03 15:47:40] werkzeug [INFO] [_log:97] 127.0.0.1 - - [03/Jun/2026 15:47:40] "GET /api/camera/snapshot?t=1780490845423 HTTP/1.1" 200 -
[2026-06-03 15:47:40] picamera2.picamera2 [DEBUG] [process_requests:1459] Execute job: <picamera2.job.Job object at 0x7ffe95f71550>
[2026-06-03 15:47:40] picamera2.picamera2 [DEBUG] [process_requests:1459] Execute job: <picamera2.job.Job object at 0x7ffe95f71550>
[2026-06-03 15:47:40] picamera2.picamera2 [DEBUG] [process_requests:1459] Execute job: <picamera2.job.Job object at 0x7ffe95f71550>
[2026-06-03 15:47:40] picamera2.picamera2 [DEBUG] [process_requests:1459] Execute job: <picamera2.job.Job object at 0x7ffe95f71550>
[2026-06-03 15:47:40] werkzeug [INFO] [_log:97] 127.0.0.1 - - [03/Jun/2026 15:47:40] "GET /api/camera/snapshot?t=1780490845571 HTTP/1.1" 200 -
[2026-06-03 15:47:40] picamera2.picamera2 [DEBUG] [process_requests:1459] Execute job: <picamera2.job.Job object at 0x7ffe95f71550>
[2026-06-03 15:47:40] picamera2.picamera2 [DEBUG] [process_requests:1459] Execute job: <picamera2.job.Job object at 0x7ffe95f71550>
[2026-06-03 15:47:40] picamera2.picamera2 [DEBUG] [process_requests:1459] Execute job: <picamera2.job.Job object at 0x7ffe95f71550>
[2026-06-03 15:47:40] picamera2.picamera2 [DEBUG] [process_requests:1459] Execute job: <picamera2.job.Job object at 0x7ffe95f71550>
[2026-06-03 15:47:40] picamera2.picamera2 [DEBUG] [process_requests:1459] Execute job: <picamera2.job.Job object at 0x7ffe95f71550>
[2026-06-03 15:47:40] picamera2.picamera2 [DEBUG] [process_requests:1459] Execute job: <picamera2.job.Job object at 0x7ffe95f71550>
[2026-06-03 15:47:40] picamera2.picamera2 [DEBUG] [process_requests:1459] Execute job: <picamera2.job.Job object at 0x7ffe95f71550>
[2026-06-03 15:47:40] picamera2.picamera2 [DEBUG] [process_requests:1459] Execute job: <picamera2.job.Job object at 0x7ffe95f71550>
[2026-06-03 15:47:40] picamera2.picamera2 [DEBUG] [process_requests:1459] Execute job: <picamera2.job.Job object at 0x7ffe95f71550>
[2026-06-03 15:47:40] picamera2.picamera2 [DEBUG] [process_requests:1459] Execute job: <picamera2.job.Job object at 0x7ffe95f71550>
[2026-06-03 15:47:40] picamera2.picamera2 [DEBUG] [process_requests:1459] Execute job: <picamera2.job.Job object at 0x7ffe95f71550>
[2026-06-03 15:47:40] picamera2.picamera2 [DEBUG] [process_requests:1459] Execute job: <picamera2.job.Job object at 0x7ffe95f71550>
[2026-06-03 15:47:40] picamera2.picamera2 [DEBUG] [process_requests:1459] Execute job: <picamera2.job.Job object at 0x7ffe95f71550>
[2026-06-03 15:47:41] picamera2.picamera2 [DEBUG] [process_requests:1459] Execute job: <picamera2.job.Job object at 0x7ffe95f71550>
[2026-06-03 15:47:41] picamera2.picamera2 [DEBUG] [process_requests:1459] Execute job: <picamera2.job.Job object at 0x7ffe95f71550>
[2026-06-03 15:47:41] picamera2.picamera2 [DEBUG] [process_requests:1459] Execute job: <picamera2.job.Job object at 0x7ffe95f71550>
[2026-06-03 15:47:41] picamera2.picamera2 [DEBUG] [process_requests:1459] Execute job: <picamera2.job.Job object at 0x7ffe95f71550>
[2026-06-03 15:47:41] picamera2.picamera2 [DEBUG] [process_requests:1459] Execute job: <picamera2.job.Job object at 0x7ffe95f71550>
[2026-06-03 15:47:41] picamera2.picamera2 [DEBUG] [process_requests:1459] Execute job: <picamera2.job.Job object at 0x7ffe95f71550>
[2026-06-03 15:47:41] picamera2.picamera2 [DEBUG] [process_requests:1459] Execute job: <picamera2.job.Job object at 0x7ffe95f71550>
[2026-06-03 15:47:41] picamera2.picamera2 [DEBUG] [process_requests:1459] Execute job: <picamera2.job.Job object at 0x7ffe95f71550>
[2026-06-03 15:47:41] picamera2.picamera2 [DEBUG] [process_requests:1459] Execute job: <picamera2.job.Job object at 0x7ffe95f71550>
[2026-06-03 15:47:41] picamera2.picamera2 [DEBUG] [process_requests:1459] Execute job: <picamera2.job.Job object at 0x7ffe95f71550>
[2026-06-03 15:47:41] picamera2.picamera2 [DEBUG] [process_requests:1459] Execute job: <picamera2.job.Job object at 0x7ffe95f71550>
[2026-06-03 15:47:41] werkzeug [INFO] [_log:97] 127.0.0.1 - - [03/Jun/2026 15:47:41] "GET /api/camera/snapshot?t=1780490845722 HTTP/1.1" 200 -
[2026-06-03 15:47:41] picamera2.picamera2 [DEBUG] [process_requests:1459] Execute job: <picamera2.job.Job object at 0x7ffe95f71550>
[2026-06-03 15:47:41] picamera2.picamera2 [DEBUG] [process_requests:1459] Execute job: <picamera2.job.Job object at 0x7ffe95f71550>
[2026-06-03 15:47:41] werkzeug [INFO] [_log:97] 127.0.0.1 - - [03/Jun/2026 15:47:41] "GET /api/camera/snapshot?t=1780490845870 HTTP/1.1" 200 -
[2026-06-03 15:47:41] werkzeug [INFO] [_log:97] 127.0.0.1 - - [03/Jun/2026 15:47:41] "GET /api/camera/snapshot?t=1780490846024 HTTP/1.1" 200 -
[2026-06-03 15:47:41] picamera2.picamera2 [DEBUG] [process_requests:1459] Execute job: <picamera2.job.Job object at 0x7ffe95f71550>
[2026-06-03 15:47:41] picamera2.picamera2 [DEBUG] [process_requests:1459] Execute job: <picamera2.job.Job object at 0x7ffe95f71550>
[2026-06-03 15:47:41] picamera2.picamera2 [DEBUG] [process_requests:1459] Execute job: <picamera2.job.Job object at 0x7ffe95f71550>
[2026-06-03 15:47:41] picamera2.picamera2 [DEBUG] [process_requests:1459] Execute job: <picamera2.job.Job object at 0x7ffe95f71550>
[2026-06-03 15:47:41] picamera2.picamera2 [DEBUG] [process_requests:1459] Execute job: <picamera2.job.Job object at 0x7ffe95f71550>
[2026-06-03 15:47:41] picamera2.picamera2 [DEBUG] [process_requests:1459] Execute job: <picamera2.job.Job object at 0x7ffe95f71550>
[2026-06-03 15:47:41] picamera2.picamera2 [DEBUG] [process_requests:1459] Execute job: <picamera2.job.Job object at 0x7ffe95f71550>
[2026-06-03 15:47:41] picamera2.picamera2 [DEBUG] [process_requests:1459] Execute job: <picamera2.job.Job object at 0x7ffe95f71550>
[2026-06-03 15:47:41] picamera2.picamera2 [DEBUG] [process_requests:1459] Execute job: <picamera2.job.Job object at 0x7ffe95f71550>
[2026-06-03 15:47:41] picamera2.picamera2 [DEBUG] [process_requests:1459] Execute job: <picamera2.job.Job object at 0x7ffe95f71550>
[2026-06-03 15:47:41] picamera2.picamera2 [DEBUG] [process_requests:1459] Execute job: <picamera2.job.Job object at 0x7ffe95f71550>
[2026-06-03 15:47:41] picamera2.picamera2 [DEBUG] [process_requests:1459] Execute job: <picamera2.job.Job object at 0x7ffe95f71550>
[2026-06-03 15:47:41] picamera2.picamera2 [DEBUG] [process_requests:1459] Execute job: <picamera2.job.Job object at 0x7ffe95f71550>
[2026-06-03 15:47:41] picamera2.picamera2 [DEBUG] [process_requests:1459] Execute job: <picamera2.job.Job object at 0x7ffe95f71550>
[2026-06-03 15:47:41] picamera2.picamera2 [DEBUG] [process_requests:1459] Execute job: <picamera2.job.Job object at 0x7ffe95f71550>
[2026-06-03 15:47:41] picamera2.picamera2 [DEBUG] [process_requests:1459] Execute job: <picamera2.job.Job object at 0x7ffe95f71550>
[2026-06-03 15:47:41] picamera2.picamera2 [DEBUG] [process_requests:1459] Execute job: <picamera2.job.Job object at 0x7ffe95f71550>
[2026-06-03 15:47:42] picamera2.picamera2 [DEBUG] [process_requests:1459] Execute job: <picamera2.job.Job object at 0x7ffe95f71550>
[2026-06-03 15:47:42] werkzeug [INFO] [_log:97] 127.0.0.1 - - [03/Jun/2026 15:47:42] "GET /api/camera/snapshot?t=1780490846170 HTTP/1.1" 200 -
[2026-06-03 15:47:42] picamera2.picamera2 [DEBUG] [process_requests:1459] Execute job: <picamera2.job.Job object at 0x7ffe95f71550>
[2026-06-03 15:47:42] picamera2.picamera2 [DEBUG] [process_requests:1459] Execute job: <picamera2.job.Job object at 0x7ffe95f71550>
[2026-06-03 15:47:42] picamera2.picamera2 [DEBUG] [process_requests:1459] Execute job: <picamera2.job.Job object at 0x7ffe95f71550>
[2026-06-03 15:47:42] picamera2.picamera2 [DEBUG] [process_requests:1459] Execute job: <picamera2.job.Job object at 0x7ffe95f71550>
[2026-06-03 15:47:42] picamera2.picamera2 [DEBUG] [process_requests:1459] Execute job: <picamera2.job.Job object at 0x7ffe95f71550>
[2026-06-03 15:47:42] picamera2.picamera2 [DEBUG] [process_requests:1459] Execute job: <picamera2.job.Job object at 0x7ffe95f71550>
[2026-06-03 15:47:42] picamera2.picamera2 [DEBUG] [process_requests:1459] Execute job: <picamera2.job.Job object at 0x7ffe95f71550>
[2026-06-03 15:47:42] picamera2.picamera2 [DEBUG] [process_requests:1459] Execute job: <picamera2.job.Job object at 0x7ffe95f71550>
[2026-06-03 15:47:42] picamera2.picamera2 [DEBUG] [process_requests:1459] Execute job: <picamera2.job.Job object at 0x7ffe95f71550>
[2026-06-03 15:47:42] picamera2.picamera2 [DEBUG] [process_requests:1459] Execute job: <picamera2.job.Job object at 0x7ffe95f71550>
[2026-06-03 15:47:42] picamera2.picamera2 [DEBUG] [process_requests:1459] Execute job: <picamera2.job.Job object at 0x7ffe95f71550>
[2026-06-03 15:47:42] werkzeug [INFO] [_log:97] 127.0.0.1 - - [03/Jun/2026 15:47:42] "GET /api/camera/snapshot?t=1780490846321 HTTP/1.1" 200 -
[2026-06-03 15:47:42] picamera2.picamera2 [DEBUG] [process_requests:1459] Execute job: <picamera2.job.Job object at 0x7ffe95f71550>
[2026-06-03 15:47:42] picamera2.picamera2 [DEBUG] [process_requests:1459] Execute job: <picamera2.job.Job object at 0x7ffe95f71550>
[2026-06-03 15:47:42] picamera2.picamera2 [DEBUG] [process_requests:1459] Execute job: <picamera2.job.Job object at 0x7ffe95f71550>
[2026-06-03 15:47:42] picamera2.picamera2 [DEBUG] [process_requests:1459] Execute job: <picamera2.job.Job object at 0x7ffe95f71550>
[2026-06-03 15:47:42] picamera2.picamera2 [DEBUG] [process_requests:1459] Execute job: <picamera2.job.Job object at 0x7ffe95f71550>
[2026-06-03 15:47:42] picamera2.picamera2 [DEBUG] [process_requests:1459] Execute job: <picamera2.job.Job object at 0x7ffe95f71550>
[2026-06-03 15:47:42] picamera2.picamera2 [DEBUG] [process_requests:1459] Execute job: <picamera2.job.Job object at 0x7ffe95f71550>
[2026-06-03 15:47:42] picamera2.picamera2 [DEBUG] [process_requests:1459] Execute job: <picamera2.job.Job object at 0x7ffe95f71550>
[2026-06-03 15:47:42] picamera2.picamera2 [DEBUG] [process_requests:1459] Execute job: <picamera2.job.Job object at 0x7ffe95f71550>
[2026-06-03 15:47:42] werkzeug [INFO] [_log:97] 127.0.0.1 - - [03/Jun/2026 15:47:42] "GET /api/camera/snapshot?t=1780490846470 HTTP/1.1" 200 -
[2026-06-03 15:47:42] __main__ [INFO] [handle_signal:76] Signal SIGINT — shutting down
[2026-06-03 15:47:42] __main__ [INFO] [handle_signal:76] Signal SIGINT — shutting down
[2026-06-03 15:47:42] __main__ [INFO] [handle_signal:76] Signal SIGINT — shutting down
[2026-06-03 15:47:42] __main__ [INFO] [handle_signal:76] Signal SIGINT — shutting down
[2026-06-03 15:47:42] __main__ [INFO] [handle_signal:76] Signal SIGINT — shutting down
[2026-06-03 15:47:42] werkzeug [INFO] [_log:97] 127.0.0.1 - - [03/Jun/2026 15:47:42] "GET /api/camera/snapshot?t=1780490846620 HTTP/1.1" 200 -
[2026-06-03 15:47:42] picamera2.picamera2 [DEBUG] [process_requests:1459] Execute job: <picamera2.job.Job object at 0x7ffe95f71550>
[2026-06-03 15:47:42] picamera2.picamera2 [DEBUG] [process_requests:1459] Execute job: <picamera2.job.Job object at 0x7ffe95f71550>
[2026-06-03 15:47:42] picamera2.picamera2 [DEBUG] [process_requests:1459] Execute job: <picamera2.job.Job object at 0x7ffe95f71550>
[2026-06-03 15:47:42] picamera2.picamera2 [DEBUG] [process_requests:1459] Execute job: <picamera2.job.Job object at 0x7ffe95f71550>
[2026-06-03 15:47:42] picamera2.picamera2 [DEBUG] [process_requests:1459] Execute job: <picamera2.job.Job object at 0x7ffe95f71550>
[2026-06-03 15:47:42] picamera2.picamera2 [DEBUG] [process_requests:1459] Execute job: <picamera2.job.Job object at 0x7ffe95f71550>
[2026-06-03 15:47:42] picamera2.picamera2 [DEBUG] [process_requests:1459] Execute job: <picamera2.job.Job object at 0x7ffe95f71550>
[2026-06-03 15:47:42] picamera2.picamera2 [DEBUG] [process_requests:1459] Execute job: <picamera2.job.Job object at 0x7ffe95f71550>
[2026-06-03 15:47:42] __main__ [INFO] [main:103] Shutting down...
[2026-06-03 15:47:42] core.orchestrator [INFO] [shutdown:180] Orchestrator: full shutdown initiated
[2026-06-03 15:47:42] core.orchestrator [INFO] [stop:155] Orchestrator: stopping system | signaling all processes
[2026-06-03 15:47:42] picamera2.picamera2 [DEBUG] [process_requests:1459] Execute job: <picamera2.job.Job object at 0x7ffe95f71550>
[2026-06-03 15:47:43] werkzeug [INFO] [_log:97] 127.0.0.1 - - [03/Jun/2026 15:47:43] "GET /api/camera/snapshot?t=1780490846770 HTTP/1.1" 200 -
[2026-06-03 15:47:43] picamera2.picamera2 [DEBUG] [process_requests:1459] Execute job: <picamera2.job.Job object at 0x7ffe95f727d0>
[2026-06-03 15:47:43] picamera2.picamera2 [INFO] [stop_:1391] Camera stopped
[2026-06-03 15:47:43] see.vision_fuser [INFO] [_main_loop:212] VisionFuser: stopped
[2026-06-03 15:47:43] werkzeug [INFO] [_log:97] 127.0.0.1 - - [03/Jun/2026 15:47:43] "GET /api/camera/snapshot?t=1780490847070 HTTP/1.1" 200 -
[2026-06-03 15:47:43] werkzeug [INFO] [_log:97] 127.0.0.1 - - [03/Jun/2026 15:47:43] "GET /api/camera/snapshot?t=1780490846920 HTTP/1.1" 200 -
[2026-06-03 15:47:43] picamera2.picamera2 [DEBUG] [stop:1397] Camera was not started
[2026-06-03 15:47:43] core.orchestrator [DEBUG] [stop:168] Orchestrator: terminating SenseProcess
[2026-06-03 15:47:43] __main__ [INFO] [handle_signal:76] Signal SIGTERM — shutting down
[2026-06-03 15:47:43] werkzeug [INFO] [_log:97] 127.0.0.1 - - [03/Jun/2026 15:47:43] "GET /api/camera/snapshot?t=1780490847370 HTTP/1.1" 200 -
[2026-06-03 15:47:43] werkzeug [INFO] [_log:97] 127.0.0.1 - - [03/Jun/2026 15:47:43] "GET /api/camera/snapshot?t=1780490847528 HTTP/1.1" 200 -
[2026-06-03 15:47:43] picamera2.picamera2 [INFO] [close:734] Camera closed successfully.
[2026-06-03 15:47:43] sense.sensor_fuser [INFO] [start:80] SensorFuser: stopped
[2026-06-03 15:47:43] notify.notification_service [INFO] [_log_notification:173] [orchestrator] NOTIFY | event=system_stopped | severity=info | payload={}
[2026-06-03 15:47:43] notify.notification_service [ERROR] [_insert_notification:202] NotificationService: DB insert failed - OperationalError: SSL error: decryption failed or bad record mac

[2026-06-03 15:47:43] core.orchestrator [INFO] [stop:176] Orchestrator: all processes stopped
[2026-06-03 15:47:43] core.orchestrator [INFO] [shutdown:186] Orchestrator: multiprocessing manager shutdown
[2026-06-03 15:47:43] __main__ [INFO] [main:105] Stopped cleanly.
[2026-06-03 15:48:08] __main__ [INFO] [main:63] ============================================================
[2026-06-03 15:48:08] __main__ [INFO] [main:64] Fire Robot starting up
[2026-06-03 15:48:08] __main__ [INFO] [main:65] ============================================================
[2026-06-03 15:48:08] core.orchestrator [DEBUG] [_load_config:60] Orchestrator: loading config | path=configs/config.json
[2026-06-03 15:48:08] core.orchestrator [INFO] [_load_config:63] Orchestrator: config loaded successfully
[2026-06-03 15:48:08] core.orchestrator [DEBUG] [_init_manager:78] Orchestrator: initializing multiprocessing manager
[2026-06-03 15:48:08] core.orchestrator [DEBUG] [_init_state:90] Orchestrator: initializing SystemState | mode=surveillance
[2026-06-03 15:48:08] core.orchestrator [INFO] [_init_notifier:105] Orchestrator: NotificationService constructed
[2026-06-03 15:48:08] core.orchestrator [INFO] [start:120] Orchestrator: starting system | spawning all processes
[2026-06-03 15:48:08] notify.notification_service [INFO] [_log_notification:173] [orchestrator] NOTIFY | event=system_started | severity=info | payload={'mode': 'surveillance'}
[2026-06-03 15:48:08] notify.notification_service [INFO] [_ensure_connected:85] NotificationService: DB connection established
[2026-06-03 15:48:09] core.orchestrator [INFO] [start:146] Orchestrator: SenseProcess started
[2026-06-03 15:48:09] core.orchestrator [INFO] [start:148] Orchestrator: SeeProcess started
[2026-06-03 15:48:09] core.orchestrator [INFO] [start:150] Orchestrator: ThinkProcess started
[2026-06-03 15:48:09] sense.sensor_fuser [INFO] [start:73] SensorFuser: starting
[2026-06-03 15:48:09] sense.sensor_fuser [INFO] [start:78] SensorFuser: spawned 2 sensor threads
[2026-06-03 15:48:09] core.orchestrator [INFO] [start:152] Orchestrator: ActProcess started
[2026-06-03 15:48:09] __main__ [INFO] [main:97] Flask API listening on port 5000
[2026-06-03 15:48:09] sense.sensors.sensor_base [DEBUG] [poll:164] Sensor smoke: poll_result | physical=7.376283842613144e-08 ppm | normalized=0.000 | threshold_hit=False
[2026-06-03 15:48:09] think.think_engine [INFO] [start:33] ThinkEngine: starting
[2026-06-03 15:48:09] think.database.think_database [DEBUG] [connect:46] Database: connect attempt 1/3
[2026-06-03 15:48:09] act.act_engine [INFO] [start:63] ActEngine: starting
[2026-06-03 15:48:09] act.actuator_parser [INFO] [build_actuators:57] ActuatorParser: built pump 'pump'
[2026-06-03 15:48:09] act.actuator_parser [INFO] [build_actuators:57] ActuatorParser: built arm 'arm'
[2026-06-03 15:48:09] act.act_engine [INFO] [start:67] ActEngine: built actuators ['pump', 'arm']
[2026-06-03 15:48:09] act.actuators.arm_controller [DEBUG] [_tracking_loop:147] ArmController arm: tracking loop entered
[2026-06-03 15:48:09] act.actuators.arm_controller [INFO] [activate:95] ArmController arm: tracking thread started
[2026-06-03 15:48:09] sense.sensors.sensor_base [DEBUG] [poll:164] Sensor heat_grid: poll_result | physical=[[24.25, 23.5, 20.75, 21.25, 21.5, 21.0, 21.75, 21.5], [23.25, 22.0, 21.5, 21.0, 20.75, 20.5, 21.0, 20.75], [22.25, 21.5, 21.5, 21.5, 21.25, 21.0, 21.25, 20.75], [23.25, 21.75, 21.75, 21.0, 21.0, 21.0, 21.75, 20.75], [22.5, 22.25, 21.5, 21.25, 21.25, 20.75, 21.5, 21.25], [22.25, 22.25, 21.5, 21.0, 21.5, 20.75, 21.0, 21.5], [21.75, 21.75, 21.75, 21.25, 21.25, 21.5, 21.5, 21.5], [21.25, 22.0, 21.0, 21.25, 21.5, 21.5, 21.5, 21.25]] C | normalized=0.303 | threshold_hit=False
[2026-06-03 15:48:09] picamera2.picamera2 [INFO] [_initialize_camera:555] Initialization successful.
[2026-06-03 15:48:09] picamera2.picamera2 [INFO] [_open_camera:577] Camera now open.
[2026-06-03 15:48:09] picamera2.picamera2 [DEBUG] [__init__:357] <libcamera._libcamera.CameraManager object at 0x7ffedaf55e70>
[2026-06-03 15:48:09] picamera2.picamera2 [DEBUG] [configure_:1212] Requesting configuration: {'use_case': 'preview', 'transform': <libcamera.Transform 'identity'>, 'colour_space': <libcamera.ColorSpace 'sYCC'>, 'buffer_count': 4, 'queue': True, 'main': {'format': 'RGB888', 'size': (640, 480), 'preserve_ar': True, 'stride': 1920, 'framesize': 921600}, 'lores': None, 'raw': {'format': 'RGGB_PISP_COMP1', 'size': (2028, 1520), 'stride': 2048, 'framesize': 3112960}, 'controls': {'NoiseReductionMode': <NoiseReductionModeEnum.Minimal: 3>, 'FrameDurationLimits': (100, 83333), 'FrameRate': 30}, 'sensor': {'bit_depth': 10, 'output_size': (2028, 1520)}, 'display': 'main', 'encode': 'main'}
[2026-06-03 15:48:09] picamera2.picamera2 [INFO] [configure_:1216] Camera configuration has been adjusted!
[2026-06-03 15:48:09] picamera2.picamera2 [INFO] [configure_:1221] Configuration successful!
[2026-06-03 15:48:09] picamera2.picamera2 [DEBUG] [configure_:1222] Final configuration: {'use_case': 'preview', 'transform': <libcamera.Transform 'identity'>, 'colour_space': <libcamera.ColorSpace 'sYCC'>, 'buffer_count': 4, 'queue': True, 'main': {'format': 'RGB888', 'size': (640, 480), 'preserve_ar': True, 'stride': 1920, 'framesize': 921600}, 'lores': None, 'raw': {'format': 'RGGB_PISP_COMP1', 'size': (2028, 1520), 'stride': 2048, 'framesize': 3112960}, 'controls': {'NoiseReductionMode': <NoiseReductionModeEnum.Minimal: 3>, 'FrameDurationLimits': (100, 83333), 'FrameRate': 30}, 'sensor': {'bit_depth': 10, 'output_size': (2028, 1520)}, 'display': 'main', 'encode': 'main'}
[2026-06-03 15:48:09] picamera2.picamera2 [DEBUG] [configure_:1236] Streams: {'main': <libcamera._libcamera.Stream object at 0x7ffedaf68070>, 'lores': None, 'raw': <libcamera._libcamera.Stream object at 0x7ffedaf680b0>}
[2026-06-03 15:48:09] picamera2 [DEBUG] [allocate:70] Allocated 4 buffers for stream 0 with fds [44, 47, 50, 53]
[2026-06-03 15:48:09] picamera2 [DEBUG] [allocate:70] Allocated 4 buffers for stream 1 with fds [56, 59, 62, 65]
[2026-06-03 15:48:09] picamera2.picamera2 [INFO] [start_:1323] Camera started
[2026-06-03 15:48:09] werkzeug [INFO] [_log:97] [31m[1mWARNING: This is a development server. Do not use it in a production deployment. Use a production WSGI server instead.[0m
 * Running on all addresses (0.0.0.0)
 * Running on http://127.0.0.1:5000
 * Running on http://10.166.110.122:5000
[2026-06-03 15:48:09] werkzeug [INFO] [_log:97] [33mPress CTRL+C to quit[0m
[2026-06-03 15:48:09] think.database.think_database [INFO] [connect:56] Database: connected successfully
[2026-06-03 15:48:09] think.think_engine [INFO] [start:39] ThinkEngine: database connected
[2026-06-03 15:48:09] think.think_engine [DEBUG] [_load_model:801] ThinkEngine: loading model | active_model=xgboost
[2026-06-03 15:48:09] think.ml.xgboost_model [DEBUG] [load:95] XGBoostModel: loading model | path=model_weights/
[2026-06-03 15:48:09] think.ml.xgboost_model [ERROR] [load:100] XGBoostModel: load failed - XGBoostError: [15:48:09] /__w/xgboost/xgboost/src/common/io.cc:144: Opening model_weights//xgboost_model.json failed: No such file or directory
Stack trace:
  [bt] (0) /home/mj/Desktop/fyp_env/lib/python3.13/site-packages/xgboost/lib/libxgboost.so(+0x22fff4) [0x7ffedb3bfff4]
  [bt] (1) /home/mj/Desktop/fyp_env/lib/python3.13/site-packages/xgboost/lib/libxgboost.so(+0x30c9c0) [0x7ffedb49c9c0]
  [bt] (2) /home/mj/Desktop/fyp_env/lib/python3.13/site-packages/xgboost/lib/libxgboost.so(+0x1909bc) [0x7ffedb3209bc]
  [bt] (3) /home/mj/Desktop/fyp_env/lib/python3.13/site-packages/xgboost/lib/libxgboost.so(XGBoosterLoadModel+0xa0) [0x7ffedb320e30]
  [bt] (4) /lib/aarch64-linux-gnu/libffi.so.8(+0x6a94) [0x7fff254c6a94]
  [bt] (5) /lib/aarch64-linux-gnu/libffi.so.8(+0x6088) [0x7fff254c6088]
  [bt] (6) /usr/lib/python3.13/lib-dynload/_ctypes.cpython-313-aarch64-linux-gnu.so(+0x12df0) [0x7fff24092df0]
  [bt] (7) /usr/lib/python3.13/lib-dynload/_ctypes.cpython-313-aarch64-linux-gnu.so(+0x113d8) [0x7fff240913d8]
  [bt] (8) /home/mj/Desktop/fyp_env/bin/python(_PyObject_MakeTpCall+0x278) [0x4a5680]

Traceback (most recent call last):
  File "/home/mj/Desktop/fire_robot/src/think/ml/xgboost_model.py", line 97, in load
    self._model.load_model(f"{path}/xgboost_model.json")
    ~~~~~~~~~~~~~~~~~~~~~~^^^^^^^^^^^^^^^^^^^^^^^^^^^^^^
  File "/home/mj/Desktop/fyp_env/lib/python3.13/site-packages/xgboost/sklearn.py", line 1125, in load_model
    self.get_booster().load_model(fname)
    ~~~~~~~~~~~~~~~~~~~~~~~~~~~~~^^^^^^^
  File "/home/mj/Desktop/fyp_env/lib/python3.13/site-packages/xgboost/core.py", line 3050, in load_model
    _check_call(_LIB.XGBoosterLoadModel(self.handle, c_str(fname)))
    ~~~~~~~~~~~^^^^^^^^^^^^^^^^^^^^^^^^^^^^^^^^^^^^^^^^^^^^^^^^^^^^
  File "/home/mj/Desktop/fyp_env/lib/python3.13/site-packages/xgboost/core.py", line 324, in _check_call
    raise XGBoostError(py_str(_LIB.XGBGetLastError()))
xgboost.core.XGBoostError: [15:48:09] /__w/xgboost/xgboost/src/common/io.cc:144: Opening model_weights//xgboost_model.json failed: No such file or directory
Stack trace:
  [bt] (0) /home/mj/Desktop/fyp_env/lib/python3.13/site-packages/xgboost/lib/libxgboost.so(+0x22fff4) [0x7ffedb3bfff4]
  [bt] (1) /home/mj/Desktop/fyp_env/lib/python3.13/site-packages/xgboost/lib/libxgboost.so(+0x30c9c0) [0x7ffedb49c9c0]
  [bt] (2) /home/mj/Desktop/fyp_env/lib/python3.13/site-packages/xgboost/lib/libxgboost.so(+0x1909bc) [0x7ffedb3209bc]
  [bt] (3) /home/mj/Desktop/fyp_env/lib/python3.13/site-packages/xgboost/lib/libxgboost.so(XGBoosterLoadModel+0xa0) [0x7ffedb320e30]
  [bt] (4) /lib/aarch64-linux-gnu/libffi.so.8(+0x6a94) [0x7fff254c6a94]
  [bt] (5) /lib/aarch64-linux-gnu/libffi.so.8(+0x6088) [0x7fff254c6088]
  [bt] (6) /usr/lib/python3.13/lib-dynload/_ctypes.cpython-313-aarch64-linux-gnu.so(+0x12df0) [0x7fff24092df0]
  [bt] (7) /usr/lib/python3.13/lib-dynload/_ctypes.cpython-313-aarch64-linux-gnu.so(+0x113d8) [0x7fff240913d8]
  [bt] (8) /home/mj/Desktop/fyp_env/bin/python(_PyObject_MakeTpCall+0x278) [0x4a5680]


[2026-06-03 15:48:09] think.think_engine [WARNING] [_load_model:819] ThinkEngine: model weights not found or invalid — forcing training mode | reason=Failed to load model: [15:48:09] /__w/xgboost/xgboost/src/common/io.cc:144: Opening model_weights//xgboost_model.json failed: No such file or directory
Stack trace:
  [bt] (0) /home/mj/Desktop/fyp_env/lib/python3.13/site-packages/xgboost/lib/libxgboost.so(+0x22fff4) [0x7ffedb3bfff4]
  [bt] (1) /home/mj/Desktop/fyp_env/lib/python3.13/site-packages/xgboost/lib/libxgboost.so(+0x30c9c0) [0x7ffedb49c9c0]
  [bt] (2) /home/mj/Desktop/fyp_env/lib/python3.13/site-packages/xgboost/lib/libxgboost.so(+0x1909bc) [0x7ffedb3209bc]
  [bt] (3) /home/mj/Desktop/fyp_env/lib/python3.13/site-packages/xgboost/lib/libxgboost.so(XGBoosterLoadModel+0xa0) [0x7ffedb320e30]
  [bt] (4) /lib/aarch64-linux-gnu/libffi.so.8(+0x6a94) [0x7fff254c6a94]
  [bt] (5) /lib/aarch64-linux-gnu/libffi.so.8(+0x6088) [0x7fff254c6088]
  [bt] (6) /usr/lib/python3.13/lib-dynload/_ctypes.cpython-313-aarch64-linux-gnu.so(+0x12df0) [0x7fff24092df0]
  [bt] (7) /usr/lib/python3.13/lib-dynload/_ctypes.cpython-313-aarch64-linux-gnu.so(+0x113d8) [0x7fff240913d8]
  [bt] (8) /home/mj/Desktop/fyp_env/bin/python(_PyObject_MakeTpCall+0x278) [0x4a5680]


[2026-06-03 15:48:09] think.think_engine [WARNING] [_load_model:827] ThinkEngine: system was in 'surveillance' mode — switching to training mode because no model weights exist
[2026-06-03 15:48:09] notify.notification_service [WARNING] [_log_notification:171] [think] NOTIFY | event=model_load_failed | severity=warn | payload={'model': 'xgboost', 'error': 'Failed to load model: [15:48:09] /__w/xgboost/xgboost/src/common/io.cc:144: Opening model_weights//xgboost_model.json failed: No such file or directory\nStack trace:\n  [bt] (0) /home/mj/Desktop/fyp_env/lib/python3.13/site-packages/xgboost/lib/libxgboost.so(+0x22fff4) [0x7ffedb3bfff4]\n  [bt] (1) /home/mj/Desktop/fyp_env/lib/python3.13/site-packages/xgboost/lib/libxgboost.so(+0x30c9c0) [0x7ffedb49c9c0]\n  [bt] (2) /home/mj/Desktop/fyp_env/lib/python3.13/site-packages/xgboost/lib/libxgboost.so(+0x1909bc) [0x7ffedb3209bc]\n  [bt] (3) /home/mj/Desktop/fyp_env/lib/python3.13/site-packages/xgboost/lib/libxgboost.so(XGBoosterLoadModel+0xa0) [0x7ffedb320e30]\n  [bt] (4) /lib/aarch64-linux-gnu/libffi.so.8(+0x6a94) [0x7fff254c6a94]\n  [bt] (5) /lib/aarch64-linux-gnu/libffi.so.8(+0x6088) [0x7fff254c6088]\n  [bt] (6) /usr/lib/python3.13/lib-dynload/_ctypes.cpython-313-aarch64-linux-gnu.so(+0x12df0) [0x7fff24092df0]\n  [bt] (7) /usr/lib/python3.13/lib-dynload/_ctypes.cpython-313-aarch64-linux-gnu.so(+0x113d8) [0x7fff240913d8]\n  [bt] (8) /home/mj/Desktop/fyp_env/bin/python(_PyObject_MakeTpCall+0x278) [0x4a5680]\n\n', 'action': 'forced training mode — collect data and train'}
[2026-06-03 15:48:09] think.think_engine [INFO] [start:67] ThinkEngine: started | mode=training | model=none (training mode)
[2026-06-03 15:48:19] sense.sensors.sensor_base [DEBUG] [poll:164] Sensor smoke: poll_result | physical=7.376283842613144e-08 ppm | normalized=0.000 | threshold_hit=False
[2026-06-03 15:48:19] sense.sensors.sensor_base [DEBUG] [poll:164] Sensor heat_grid: poll_result | physical=[[25.5, 24.25, 23.0, 22.5, 23.0, 22.5, 23.0, 23.0], [25.25, 23.25, 22.75, 22.75, 22.25, 22.25, 22.5, 22.25], [23.75, 23.25, 23.25, 22.25, 22.75, 22.5, 22.75, 22.0], [23.75, 23.75, 23.75, 22.5, 22.75, 23.0, 23.0, 22.25], [24.0, 23.5, 23.0, 22.5, 22.5, 23.0, 22.75, 23.0], [23.5, 23.5, 23.0, 22.75, 22.75, 22.25, 22.75, 23.0], [22.5, 23.25, 22.75, 23.0, 22.5, 22.25, 22.75, 23.0], [22.5, 23.0, 22.5, 22.0, 22.75, 22.5, 21.75, 22.75]] C | normalized=0.319 | threshold_hit=False
[2026-06-03 15:48:29] sense.sensors.sensor_base [DEBUG] [poll:164] Sensor smoke: poll_result | physical=7.376283842613144e-08 ppm | normalized=0.000 | threshold_hit=False
[2026-06-03 15:48:29] sense.sensors.sensor_base [DEBUG] [poll:164] Sensor heat_grid: poll_result | physical=[[24.0, 23.25, 22.0, 21.75, 22.0, 21.75, 22.25, 22.0], [22.75, 22.0, 22.0, 22.0, 21.75, 22.0, 22.75, 21.5], [23.0, 22.25, 21.75, 21.75, 21.75, 22.5, 22.5, 21.25], [23.0, 22.25, 22.25, 21.5, 21.75, 22.5, 23.25, 21.75], [23.0, 22.25, 21.75, 22.0, 21.75, 23.25, 24.25, 23.0], [22.5, 22.0, 21.75, 22.0, 22.75, 24.75, 25.5, 23.75], [22.25, 22.5, 22.25, 21.5, 23.0, 26.0, 25.0, 23.25], [21.75, 22.5, 21.75, 21.25, 22.0, 24.5, 26.25, 22.5]] C | normalized=0.328 | threshold_hit=False
[2026-06-03 15:48:39] sense.sensors.sensor_base [DEBUG] [poll:164] Sensor smoke: poll_result | physical=7.376283842613144e-08 ppm | normalized=0.000 | threshold_hit=False
[2026-06-03 15:48:39] sense.sensors.sensor_base [DEBUG] [poll:164] Sensor heat_grid: poll_result | physical=[[24.25, 23.0, 21.5, 21.5, 21.75, 21.5, 22.25, 22.25], [22.5, 22.0, 21.75, 21.75, 21.25, 22.0, 22.0, 21.5], [22.75, 22.25, 21.75, 21.75, 22.0, 21.5, 21.5, 21.0], [23.25, 22.25, 22.25, 21.75, 21.75, 21.5, 21.75, 21.75], [22.75, 22.25, 21.75, 22.0, 21.75, 21.25, 21.75, 22.5], [22.5, 22.25, 22.0, 21.25, 21.75, 21.0, 21.25, 22.0], [22.75, 22.75, 21.75, 21.25, 21.75, 22.0, 21.0, 21.5], [21.5, 22.75, 21.5, 21.0, 21.5, 21.5, 21.75, 22.0]] C | normalized=0.303 | threshold_hit=False
[2026-06-03 15:48:49] sense.sensors.sensor_base [DEBUG] [poll:164] Sensor smoke: poll_result | physical=7.376283842613144e-08 ppm | normalized=0.000 | threshold_hit=False
[2026-06-03 15:48:49] sense.sensors.sensor_base [DEBUG] [poll:164] Sensor heat_grid: poll_result | physical=[[23.75, 23.25, 21.75, 21.25, 22.0, 21.25, 22.25, 21.75], [22.5, 22.0, 21.75, 21.75, 21.5, 21.25, 22.0, 21.0], [22.5, 22.75, 21.75, 21.25, 21.5, 21.0, 21.25, 21.25], [23.25, 22.0, 21.75, 21.25, 21.5, 21.75, 21.5, 21.75], [23.0, 22.5, 21.75, 21.5, 21.75, 21.25, 22.0, 22.0], [22.25, 22.25, 21.5, 21.5, 21.75, 21.0, 22.0, 21.5], [22.5, 21.75, 21.75, 21.25, 21.5, 21.0, 21.25, 21.5], [21.75, 22.25, 21.25, 21.25, 21.75, 20.75, 21.0, 21.5]] C | normalized=0.297 | threshold_hit=False
[2026-06-03 15:48:52] __main__ [INFO] [handle_signal:76] Signal SIGINT — shutting down
[2026-06-03 15:48:52] __main__ [INFO] [handle_signal:76] Signal SIGINT — shutting down
[2026-06-03 15:48:52] __main__ [INFO] [handle_signal:76] Signal SIGINT — shutting down
[2026-06-03 15:48:52] __main__ [INFO] [handle_signal:76] Signal SIGINT — shutting down
[2026-06-03 15:48:52] __main__ [INFO] [handle_signal:76] Signal SIGINT — shutting down
[2026-06-03 15:48:52] __main__ [INFO] [main:103] Shutting down...
[2026-06-03 15:48:52] core.orchestrator [INFO] [shutdown:180] Orchestrator: full shutdown initiated
[2026-06-03 15:48:52] core.orchestrator [INFO] [stop:155] Orchestrator: stopping system | signaling all processes
[2026-06-03 15:48:52] picamera2.picamera2 [DEBUG] [process_requests:1459] Execute job: <picamera2.job.Job object at 0x7ffedaf6c050>
[2026-06-03 15:48:52] picamera2.picamera2 [INFO] [stop_:1391] Camera stopped
[2026-06-03 15:48:52] see.vision_fuser [INFO] [_main_loop:212] VisionFuser: stopped
[2026-06-03 15:48:52] picamera2.picamera2 [DEBUG] [stop:1397] Camera was not started
[2026-06-03 15:48:52] core.orchestrator [DEBUG] [stop:168] Orchestrator: terminating SenseProcess
[2026-06-03 15:48:52] __main__ [INFO] [handle_signal:76] Signal SIGTERM — shutting down
[2026-06-03 15:48:52] picamera2.picamera2 [INFO] [close:734] Camera closed successfully.
[2026-06-03 15:48:54] sense.sensor_fuser [INFO] [start:80] SensorFuser: stopped
[2026-06-03 15:48:54] notify.notification_service [INFO] [_log_notification:173] [orchestrator] NOTIFY | event=system_stopped | severity=info | payload={}
[2026-06-03 15:48:54] notify.notification_service [ERROR] [_insert_notification:202] NotificationService: DB insert failed - OperationalError: SSL error: decryption failed or bad record mac

[2026-06-03 15:48:54] core.orchestrator [INFO] [stop:176] Orchestrator: all processes stopped
[2026-06-03 15:48:54] core.orchestrator [INFO] [shutdown:186] Orchestrator: multiprocessing manager shutdown
[2026-06-03 15:48:54] __main__ [INFO] [main:105] Stopped cleanly.
[2026-06-03 20:28:17] __main__ [INFO] [main:63] ============================================================
[2026-06-03 20:28:17] __main__ [INFO] [main:64] Fire Robot starting up
[2026-06-03 20:28:17] __main__ [INFO] [main:65] ============================================================
[2026-06-03 20:28:17] core.orchestrator [INFO] [_load_config:63] Orchestrator: config loaded successfully
[2026-06-03 20:28:17] core.orchestrator [INFO] [_init_notifier:105] Orchestrator: NotificationService constructed
[2026-06-03 20:28:17] core.orchestrator [INFO] [start:120] Orchestrator: starting system | spawning all processes
[2026-06-03 20:28:17] notify.notification_service [INFO] [_log_notification:173] [orchestrator] NOTIFY | event=system_started | severity=info | payload={'mode': 'surveillance'}
[2026-06-03 20:28:18] notify.notification_service [INFO] [_ensure_connected:85] NotificationService: DB connection established
[2026-06-03 20:28:18] core.orchestrator [INFO] [start:146] Orchestrator: SenseProcess started
[2026-06-03 20:28:18] core.orchestrator [INFO] [start:148] Orchestrator: SeeProcess started
[2026-06-03 20:28:18] sense.sensor_fuser [INFO] [start:73] SensorFuser: starting
[2026-06-03 20:28:18] core.orchestrator [INFO] [start:150] Orchestrator: ThinkProcess started
[2026-06-03 20:28:18] sense.sensor_fuser [INFO] [start:78] SensorFuser: spawned 2 sensor threads
[2026-06-03 20:28:18] core.orchestrator [INFO] [start:152] Orchestrator: ActProcess started
[2026-06-03 20:28:18] __main__ [INFO] [main:97] Flask API listening on port 5000
[2026-06-03 20:28:18] think.think_engine [INFO] [start:33] ThinkEngine: starting
[2026-06-03 20:28:18] act.act_engine [INFO] [start:63] ActEngine: starting
[2026-06-03 20:28:18] act.actuator_parser [INFO] [build_actuators:57] ActuatorParser: built pump 'pump'
[2026-06-03 20:28:18] act.actuator_parser [INFO] [build_actuators:57] ActuatorParser: built arm 'arm'
[2026-06-03 20:28:18] act.act_engine [INFO] [start:67] ActEngine: built actuators ['pump', 'arm']
[2026-06-03 20:28:18] act.actuators.arm_controller [INFO] [activate:95] ArmController arm: tracking thread started
[2026-06-03 20:28:18] werkzeug [INFO] [_log:97] [31m[1mWARNING: This is a development server. Do not use it in a production deployment. Use a production WSGI server instead.[0m
 * Running on all addresses (0.0.0.0)
 * Running on http://127.0.0.1:5000
 * Running on http://10.166.110.122:5000
[2026-06-03 20:28:18] werkzeug [INFO] [_log:97] [33mPress CTRL+C to quit[0m
[2026-06-03 20:28:19] picamera2.picamera2 [INFO] [_initialize_camera:555] Initialization successful.
[2026-06-03 20:28:19] picamera2.picamera2 [INFO] [_open_camera:577] Camera now open.
[2026-06-03 20:28:19] picamera2.picamera2 [INFO] [configure_:1216] Camera configuration has been adjusted!
[2026-06-03 20:28:19] picamera2.picamera2 [INFO] [configure_:1221] Configuration successful!
[2026-06-03 20:28:19] picamera2.picamera2 [INFO] [start_:1323] Camera started
[2026-06-03 20:28:19] think.database.think_database [INFO] [connect:56] Database: connected successfully
[2026-06-03 20:28:19] think.think_engine [INFO] [start:39] ThinkEngine: database connected
[2026-06-03 20:28:19] think.ml.xgboost_model [ERROR] [load:100] XGBoostModel: load failed - XGBoostError: [20:28:19] /__w/xgboost/xgboost/src/common/io.cc:144: Opening model_weights//xgboost_model.json failed: No such file or directory
Stack trace:
  [bt] (0) /home/mj/Desktop/fyp_env/lib/python3.13/site-packages/xgboost/lib/libxgboost.so(+0x22fff4) [0x7fff69f3fff4]
  [bt] (1) /home/mj/Desktop/fyp_env/lib/python3.13/site-packages/xgboost/lib/libxgboost.so(+0x30c9c0) [0x7fff6a01c9c0]
  [bt] (2) /home/mj/Desktop/fyp_env/lib/python3.13/site-packages/xgboost/lib/libxgboost.so(+0x1909bc) [0x7fff69ea09bc]
  [bt] (3) /home/mj/Desktop/fyp_env/lib/python3.13/site-packages/xgboost/lib/libxgboost.so(XGBoosterLoadModel+0xa0) [0x7fff69ea0e30]
  [bt] (4) /lib/aarch64-linux-gnu/libffi.so.8(+0x6a94) [0x7fffb4076a94]
  [bt] (5) /lib/aarch64-linux-gnu/libffi.so.8(+0x6088) [0x7fffb4076088]
  [bt] (6) /usr/lib/python3.13/lib-dynload/_ctypes.cpython-313-aarch64-linux-gnu.so(+0x12df0) [0x7fffac452df0]
  [bt] (7) /usr/lib/python3.13/lib-dynload/_ctypes.cpython-313-aarch64-linux-gnu.so(+0x113d8) [0x7fffac4513d8]
  [bt] (8) /home/mj/Desktop/fyp_env/bin/python(_PyObject_MakeTpCall+0x278) [0x4a5680]

Traceback (most recent call last):
  File "/home/mj/Desktop/fire_robot/src/think/ml/xgboost_model.py", line 97, in load
    self._model.load_model(f"{path}/xgboost_model.json")
    ~~~~~~~~~~~~~~~~~~~~~~^^^^^^^^^^^^^^^^^^^^^^^^^^^^^^
  File "/home/mj/Desktop/fyp_env/lib/python3.13/site-packages/xgboost/sklearn.py", line 1125, in load_model
    self.get_booster().load_model(fname)
    ~~~~~~~~~~~~~~~~~~~~~~~~~~~~~^^^^^^^
  File "/home/mj/Desktop/fyp_env/lib/python3.13/site-packages/xgboost/core.py", line 3050, in load_model
    _check_call(_LIB.XGBoosterLoadModel(self.handle, c_str(fname)))
    ~~~~~~~~~~~^^^^^^^^^^^^^^^^^^^^^^^^^^^^^^^^^^^^^^^^^^^^^^^^^^^^
  File "/home/mj/Desktop/fyp_env/lib/python3.13/site-packages/xgboost/core.py", line 324, in _check_call
    raise XGBoostError(py_str(_LIB.XGBGetLastError()))
xgboost.core.XGBoostError: [20:28:19] /__w/xgboost/xgboost/src/common/io.cc:144: Opening model_weights//xgboost_model.json failed: No such file or directory
Stack trace:
  [bt] (0) /home/mj/Desktop/fyp_env/lib/python3.13/site-packages/xgboost/lib/libxgboost.so(+0x22fff4) [0x7fff69f3fff4]
  [bt] (1) /home/mj/Desktop/fyp_env/lib/python3.13/site-packages/xgboost/lib/libxgboost.so(+0x30c9c0) [0x7fff6a01c9c0]
  [bt] (2) /home/mj/Desktop/fyp_env/lib/python3.13/site-packages/xgboost/lib/libxgboost.so(+0x1909bc) [0x7fff69ea09bc]
  [bt] (3) /home/mj/Desktop/fyp_env/lib/python3.13/site-packages/xgboost/lib/libxgboost.so(XGBoosterLoadModel+0xa0) [0x7fff69ea0e30]
  [bt] (4) /lib/aarch64-linux-gnu/libffi.so.8(+0x6a94) [0x7fffb4076a94]
  [bt] (5) /lib/aarch64-linux-gnu/libffi.so.8(+0x6088) [0x7fffb4076088]
  [bt] (6) /usr/lib/python3.13/lib-dynload/_ctypes.cpython-313-aarch64-linux-gnu.so(+0x12df0) [0x7fffac452df0]
  [bt] (7) /usr/lib/python3.13/lib-dynload/_ctypes.cpython-313-aarch64-linux-gnu.so(+0x113d8) [0x7fffac4513d8]
  [bt] (8) /home/mj/Desktop/fyp_env/bin/python(_PyObject_MakeTpCall+0x278) [0x4a5680]


[2026-06-03 20:28:19] think.think_engine [WARNING] [_load_model:819] ThinkEngine: model weights not found or invalid — forcing training mode | reason=Failed to load model: [20:28:19] /__w/xgboost/xgboost/src/common/io.cc:144: Opening model_weights//xgboost_model.json failed: No such file or directory
Stack trace:
  [bt] (0) /home/mj/Desktop/fyp_env/lib/python3.13/site-packages/xgboost/lib/libxgboost.so(+0x22fff4) [0x7fff69f3fff4]
  [bt] (1) /home/mj/Desktop/fyp_env/lib/python3.13/site-packages/xgboost/lib/libxgboost.so(+0x30c9c0) [0x7fff6a01c9c0]
  [bt] (2) /home/mj/Desktop/fyp_env/lib/python3.13/site-packages/xgboost/lib/libxgboost.so(+0x1909bc) [0x7fff69ea09bc]
  [bt] (3) /home/mj/Desktop/fyp_env/lib/python3.13/site-packages/xgboost/lib/libxgboost.so(XGBoosterLoadModel+0xa0) [0x7fff69ea0e30]
  [bt] (4) /lib/aarch64-linux-gnu/libffi.so.8(+0x6a94) [0x7fffb4076a94]
  [bt] (5) /lib/aarch64-linux-gnu/libffi.so.8(+0x6088) [0x7fffb4076088]
  [bt] (6) /usr/lib/python3.13/lib-dynload/_ctypes.cpython-313-aarch64-linux-gnu.so(+0x12df0) [0x7fffac452df0]
  [bt] (7) /usr/lib/python3.13/lib-dynload/_ctypes.cpython-313-aarch64-linux-gnu.so(+0x113d8) [0x7fffac4513d8]
  [bt] (8) /home/mj/Desktop/fyp_env/bin/python(_PyObject_MakeTpCall+0x278) [0x4a5680]


[2026-06-03 20:28:19] think.think_engine [WARNING] [_load_model:827] ThinkEngine: system was in 'surveillance' mode — switching to training mode because no model weights exist
[2026-06-03 20:28:19] notify.notification_service [WARNING] [_log_notification:171] [think] NOTIFY | event=model_load_failed | severity=warn | payload={'model': 'xgboost', 'error': 'Failed to load model: [20:28:19] /__w/xgboost/xgboost/src/common/io.cc:144: Opening model_weights//xgboost_model.json failed: No such file or directory\nStack trace:\n  [bt] (0) /home/mj/Desktop/fyp_env/lib/python3.13/site-packages/xgboost/lib/libxgboost.so(+0x22fff4) [0x7fff69f3fff4]\n  [bt] (1) /home/mj/Desktop/fyp_env/lib/python3.13/site-packages/xgboost/lib/libxgboost.so(+0x30c9c0) [0x7fff6a01c9c0]\n  [bt] (2) /home/mj/Desktop/fyp_env/lib/python3.13/site-packages/xgboost/lib/libxgboost.so(+0x1909bc) [0x7fff69ea09bc]\n  [bt] (3) /home/mj/Desktop/fyp_env/lib/python3.13/site-packages/xgboost/lib/libxgboost.so(XGBoosterLoadModel+0xa0) [0x7fff69ea0e30]\n  [bt] (4) /lib/aarch64-linux-gnu/libffi.so.8(+0x6a94) [0x7fffb4076a94]\n  [bt] (5) /lib/aarch64-linux-gnu/libffi.so.8(+0x6088) [0x7fffb4076088]\n  [bt] (6) /usr/lib/python3.13/lib-dynload/_ctypes.cpython-313-aarch64-linux-gnu.so(+0x12df0) [0x7fffac452df0]\n  [bt] (7) /usr/lib/python3.13/lib-dynload/_ctypes.cpython-313-aarch64-linux-gnu.so(+0x113d8) [0x7fffac4513d8]\n  [bt] (8) /home/mj/Desktop/fyp_env/bin/python(_PyObject_MakeTpCall+0x278) [0x4a5680]\n\n', 'action': 'forced training mode — collect data and train'}
[2026-06-03 20:28:19] think.think_engine [INFO] [start:67] ThinkEngine: started | mode=training | model=none (training mode)
[2026-06-03 20:29:38] sense.sensor_fuser [INFO] [_sensor_loop:145] Sensor heat_grid: threshold_crossed | value=[[25.25, 24.75, 24.25, 24.25, 24.25, 24.25, 25.5, 26.75], [26.25, 28.0, 26.5, 24.75, 24.0, 24.25, 26.5, 27.25], [28.0, 29.5, 28.0, 26.25, 24.25, 24.75, 25.5, 27.75], [28.0, 25.5, 24.0, 22.75, 23.5, 24.5, 24.75, 27.5], [25.0, 24.25, 22.25, 22.25, 22.75, 22.5, 24.0, 28.5], [23.5, 23.25, 22.25, 23.0, 22.5, 22.5, 26.5, 30.75], [23.25, 22.75, 22.75, 22.5, 22.75, 24.0, 27.75, 29.5], [23.5, 23.75, 23.0, 22.5, 22.25, 24.0, 28.25, 28.75]] | threshold=30.0
[2026-06-03 20:29:38] sense.sensor_fuser [INFO] [_push_snapshot:194] SensorSnapshot: pushed to sense_queue | timestamp=2026-06-03T20:29:38.990022 | triggered_sensors=['heat_grid']
[2026-06-03 20:30:44] werkzeug [INFO] [_log:97] 127.0.0.1 - - [03/Jun/2026 20:30:44] "OPTIONS /api/health HTTP/1.1" 200 -
[2026-06-03 20:30:44] werkzeug [INFO] [_log:97] 127.0.0.1 - - [03/Jun/2026 20:30:44] "GET /api/health HTTP/1.1" 200 -
[2026-06-03 20:30:51] werkzeug [INFO] [_log:97] 127.0.0.1 - - [03/Jun/2026 20:30:51] "OPTIONS /api/state HTTP/1.1" 200 -
[2026-06-03 20:30:51] werkzeug [INFO] [_log:97] 127.0.0.1 - - [03/Jun/2026 20:30:51] "GET /api/state HTTP/1.1" 200 -
[2026-06-03 20:30:53] werkzeug [INFO] [_log:97] 127.0.0.1 - - [03/Jun/2026 20:30:53] "GET /api/state HTTP/1.1" 200 -
[2026-06-03 20:30:54] werkzeug [INFO] [_log:97] 127.0.0.1 - - [03/Jun/2026 20:30:54] "GET /api/state HTTP/1.1" 200 -
[2026-06-03 20:30:56] werkzeug [INFO] [_log:97] 127.0.0.1 - - [03/Jun/2026 20:30:56] "GET /api/state HTTP/1.1" 200 -
[2026-06-03 20:30:58] werkzeug [INFO] [_log:97] 127.0.0.1 - - [03/Jun/2026 20:30:58] "OPTIONS /api/state HTTP/1.1" 200 -
[2026-06-03 20:30:58] werkzeug [INFO] [_log:97] 127.0.0.1 - - [03/Jun/2026 20:30:58] "GET /api/state HTTP/1.1" 200 -
[2026-06-03 20:31:00] werkzeug [INFO] [_log:97] 127.0.0.1 - - [03/Jun/2026 20:31:00] "GET /api/state HTTP/1.1" 200 -
[2026-06-03 20:31:00] sense.sensor_fuser [INFO] [_sensor_loop:145] Sensor heat_grid: threshold_crossed | value=[[25.25, 24.5, 24.25, 24.0, 24.5, 24.75, 25.75, 27.0], [26.75, 28.0, 26.5, 25.0, 25.25, 26.5, 26.75, 27.25], [28.0, 30.0, 28.0, 26.5, 25.0, 26.75, 26.5, 27.75], [27.75, 25.25, 23.75, 22.5, 22.75, 25.75, 26.5, 27.75], [25.0, 23.5, 22.25, 22.25, 22.0, 23.25, 25.5, 28.75], [23.5, 23.0, 22.25, 22.5, 22.5, 22.0, 23.75, 30.25], [23.25, 23.25, 22.5, 22.25, 22.5, 22.0, 24.5, 30.25], [22.5, 23.75, 23.0, 22.0, 22.75, 22.5, 24.25, 28.25]] | threshold=30.0
[2026-06-03 20:31:00] sense.sensor_fuser [INFO] [_push_snapshot:194] SensorSnapshot: pushed to sense_queue | timestamp=2026-06-03T20:31:00.319548 | triggered_sensors=['heat_grid']
[2026-06-03 20:31:01] sense.sensor_fuser [INFO] [_sensor_loop:145] Sensor heat_grid: threshold_crossed | value=[[24.5, 24.75, 23.75, 24.25, 24.5, 24.75, 25.5, 26.5], [26.25, 28.25, 26.0, 24.75, 25.0, 26.5, 26.75, 26.75], [27.75, 29.75, 27.5, 25.5, 25.25, 25.75, 26.25, 27.5], [27.75, 25.0, 23.25, 22.5, 23.0, 25.25, 26.5, 28.0], [24.25, 23.25, 22.0, 22.25, 22.25, 22.5, 25.75, 28.75], [23.0, 22.75, 22.0, 22.0, 22.25, 21.75, 23.75, 30.25], [22.5, 22.5, 22.25, 21.75, 22.0, 22.5, 25.25, 29.25], [22.5, 23.5, 22.5, 21.5, 22.25, 22.5, 24.75, 27.75]] | threshold=30.0
[2026-06-03 20:31:01] sense.sensor_fuser [INFO] [_push_snapshot:194] SensorSnapshot: pushed to sense_queue | timestamp=2026-06-03T20:31:01.356363 | triggered_sensors=['heat_grid']
[2026-06-03 20:31:02] werkzeug [INFO] [_log:97] 127.0.0.1 - - [03/Jun/2026 20:31:02] "GET /api/state HTTP/1.1" 200 -
[2026-06-03 20:31:04] werkzeug [INFO] [_log:97] 127.0.0.1 - - [03/Jun/2026 20:31:04] "OPTIONS /api/state HTTP/1.1" 200 -
[2026-06-03 20:31:04] werkzeug [INFO] [_log:97] 127.0.0.1 - - [03/Jun/2026 20:31:04] "GET /api/state HTTP/1.1" 200 -
[2026-06-03 20:31:06] werkzeug [INFO] [_log:97] 127.0.0.1 - - [03/Jun/2026 20:31:06] "GET /api/state HTTP/1.1" 200 -
[2026-06-03 20:31:08] werkzeug [INFO] [_log:97] 127.0.0.1 - - [03/Jun/2026 20:31:08] "GET /api/state HTTP/1.1" 200 -
[2026-06-03 20:31:10] werkzeug [INFO] [_log:97] 127.0.0.1 - - [03/Jun/2026 20:31:10] "OPTIONS /api/state HTTP/1.1" 200 -
[2026-06-03 20:31:10] werkzeug [INFO] [_log:97] 127.0.0.1 - - [03/Jun/2026 20:31:10] "GET /api/state HTTP/1.1" 200 -
[2026-06-03 20:31:10] werkzeug [INFO] [_log:97] 127.0.0.1 - - [03/Jun/2026 20:31:10] "GET /api/state HTTP/1.1" 200 -
[2026-06-03 20:31:12] werkzeug [INFO] [_log:97] 127.0.0.1 - - [03/Jun/2026 20:31:12] "OPTIONS /api/health HTTP/1.1" 200 -
[2026-06-03 20:31:12] werkzeug [INFO] [_log:97] 127.0.0.1 - - [03/Jun/2026 20:31:12] "GET /api/state HTTP/1.1" 200 -
[2026-06-03 20:31:12] werkzeug [INFO] [_log:97] 127.0.0.1 - - [03/Jun/2026 20:31:12] "GET /api/health HTTP/1.1" 200 -
[2026-06-03 20:31:14] werkzeug [INFO] [_log:97] 127.0.0.1 - - [03/Jun/2026 20:31:14] "GET /api/state HTTP/1.1" 200 -
[2026-06-03 20:31:21] werkzeug [INFO] [_log:97] 127.0.0.1 - - [03/Jun/2026 20:31:21] "OPTIONS /api/state HTTP/1.1" 200 -
[2026-06-03 20:31:22] werkzeug [INFO] [_log:97] 127.0.0.1 - - [03/Jun/2026 20:31:22] "GET /api/state HTTP/1.1" 200 -
[2026-06-03 20:31:24] werkzeug [INFO] [_log:97] 127.0.0.1 - - [03/Jun/2026 20:31:24] "OPTIONS /api/camera/toggle HTTP/1.1" 200 -
[2026-06-03 20:31:24] werkzeug [INFO] [_log:97] 127.0.0.1 - - [03/Jun/2026 20:31:24] "POST /api/camera/toggle HTTP/1.1" 200 -
[2026-06-03 20:31:24] werkzeug [INFO] [_log:97] 127.0.0.1 - - [03/Jun/2026 20:31:24] "GET /api/camera/snapshot?t=1780507884247 HTTP/1.1" 200 -
[2026-06-03 20:31:25] werkzeug [INFO] [_log:97] 127.0.0.1 - - [03/Jun/2026 20:31:25] "GET /api/camera/snapshot?t=1780507884547 HTTP/1.1" 200 -
[2026-06-03 20:31:25] werkzeug [INFO] [_log:97] 127.0.0.1 - - [03/Jun/2026 20:31:25] "GET /api/camera/snapshot?t=1780507884697 HTTP/1.1" 200 -
[2026-06-03 20:31:25] werkzeug [INFO] [_log:97] 127.0.0.1 - - [03/Jun/2026 20:31:25] "GET /api/camera/snapshot?t=1780507884847 HTTP/1.1" 200 -
[2026-06-03 20:31:25] werkzeug [INFO] [_log:97] 127.0.0.1 - - [03/Jun/2026 20:31:25] "GET /api/camera/snapshot?t=1780507884247 HTTP/1.1" 200 -
[2026-06-03 20:31:25] werkzeug [INFO] [_log:97] 127.0.0.1 - - [03/Jun/2026 20:31:25] "GET /api/camera/snapshot?t=1780507884997 HTTP/1.1" 200 -
[2026-06-03 20:31:25] werkzeug [INFO] [_log:97] 127.0.0.1 - - [03/Jun/2026 20:31:25] "GET /api/camera/snapshot?t=1780507884397 HTTP/1.1" 200 -
[2026-06-03 20:31:26] werkzeug [INFO] [_log:97] 127.0.0.1 - - [03/Jun/2026 20:31:26] "GET /api/camera/snapshot?t=1780507885147 HTTP/1.1" 200 -
[2026-06-03 20:31:26] werkzeug [INFO] [_log:97] 127.0.0.1 - - [03/Jun/2026 20:31:26] "GET /api/camera/snapshot?t=1780507885297 HTTP/1.1" 200 -
[2026-06-03 20:31:26] werkzeug [INFO] [_log:97] 127.0.0.1 - - [03/Jun/2026 20:31:26] "GET /api/camera/snapshot?t=1780507885447 HTTP/1.1" 200 -
[2026-06-03 20:31:26] werkzeug [INFO] [_log:97] 127.0.0.1 - - [03/Jun/2026 20:31:26] "GET /api/camera/snapshot?t=1780507885597 HTTP/1.1" 200 -
[2026-06-03 20:31:27] werkzeug [INFO] [_log:97] 127.0.0.1 - - [03/Jun/2026 20:31:27] "GET /api/camera/snapshot?t=1780507885747 HTTP/1.1" 200 -
[2026-06-03 20:31:27] werkzeug [INFO] [_log:97] 127.0.0.1 - - [03/Jun/2026 20:31:27] "GET /api/camera/snapshot?t=1780507885897 HTTP/1.1" 200 -
[2026-06-03 20:31:27] werkzeug [INFO] [_log:97] 127.0.0.1 - - [03/Jun/2026 20:31:27] "GET /api/camera/snapshot?t=1780507886047 HTTP/1.1" 200 -
[2026-06-03 20:31:28] werkzeug [INFO] [_log:97] 127.0.0.1 - - [03/Jun/2026 20:31:28] "GET /api/camera/snapshot?t=1780507886197 HTTP/1.1" 200 -
[2026-06-03 20:31:28] werkzeug [INFO] [_log:97] 127.0.0.1 - - [03/Jun/2026 20:31:28] "GET /api/camera/snapshot?t=1780507886347 HTTP/1.1" 200 -
[2026-06-03 20:31:28] werkzeug [INFO] [_log:97] 127.0.0.1 - - [03/Jun/2026 20:31:28] "GET /api/camera/snapshot?t=1780507886497 HTTP/1.1" 200 -
[2026-06-03 20:31:29] werkzeug [INFO] [_log:97] 127.0.0.1 - - [03/Jun/2026 20:31:29] "GET /api/camera/snapshot?t=1780507886647 HTTP/1.1" 200 -
[2026-06-03 20:31:29] werkzeug [INFO] [_log:97] 127.0.0.1 - - [03/Jun/2026 20:31:29] "GET /api/camera/snapshot?t=1780507886797 HTTP/1.1" 200 -
[2026-06-03 20:31:29] werkzeug [INFO] [_log:97] 127.0.0.1 - - [03/Jun/2026 20:31:29] "GET /api/camera/snapshot?t=1780507886947 HTTP/1.1" 200 -
[2026-06-03 20:31:29] werkzeug [INFO] [_log:97] 127.0.0.1 - - [03/Jun/2026 20:31:29] "GET /api/camera/snapshot?t=1780507887097 HTTP/1.1" 200 -
[2026-06-03 20:31:30] werkzeug [INFO] [_log:97] 127.0.0.1 - - [03/Jun/2026 20:31:30] "GET /api/camera/snapshot?t=1780507887247 HTTP/1.1" 200 -
[2026-06-03 20:31:30] werkzeug [INFO] [_log:97] 127.0.0.1 - - [03/Jun/2026 20:31:30] "GET /api/camera/snapshot?t=1780507887397 HTTP/1.1" 200 -
[2026-06-03 20:31:30] werkzeug [INFO] [_log:97] 127.0.0.1 - - [03/Jun/2026 20:31:30] "GET /api/camera/snapshot?t=1780507887697 HTTP/1.1" 200 -
[2026-06-03 20:31:30] werkzeug [INFO] [_log:97] 127.0.0.1 - - [03/Jun/2026 20:31:30] "GET /api/camera/snapshot?t=1780507887847 HTTP/1.1" 200 -
[2026-06-03 20:31:31] werkzeug [INFO] [_log:97] 127.0.0.1 - - [03/Jun/2026 20:31:31] "GET /api/camera/snapshot?t=1780507887547 HTTP/1.1" 200 -
[2026-06-03 20:31:31] werkzeug [INFO] [_log:97] 127.0.0.1 - - [03/Jun/2026 20:31:31] "GET /api/camera/snapshot?t=1780507888148 HTTP/1.1" 200 -
[2026-06-03 20:31:31] werkzeug [INFO] [_log:97] 127.0.0.1 - - [03/Jun/2026 20:31:31] "GET /api/camera/snapshot?t=1780507887997 HTTP/1.1" 200 -
[2026-06-03 20:31:31] werkzeug [INFO] [_log:97] 127.0.0.1 - - [03/Jun/2026 20:31:31] "GET /api/camera/snapshot?t=1780507888297 HTTP/1.1" 200 -
[2026-06-03 20:31:31] werkzeug [INFO] [_log:97] 127.0.0.1 - - [03/Jun/2026 20:31:31] "GET /api/camera/snapshot?t=1780507888448 HTTP/1.1" 200 -
[2026-06-03 20:31:32] werkzeug [INFO] [_log:97] 127.0.0.1 - - [03/Jun/2026 20:31:32] "GET /api/camera/snapshot?t=1780507888747 HTTP/1.1" 200 -
[2026-06-03 20:31:32] werkzeug [INFO] [_log:97] 127.0.0.1 - - [03/Jun/2026 20:31:32] "GET /api/camera/snapshot?t=1780507888598 HTTP/1.1" 200 -
[2026-06-03 20:31:32] werkzeug [INFO] [_log:97] 127.0.0.1 - - [03/Jun/2026 20:31:32] "GET /api/camera/snapshot?t=1780507888898 HTTP/1.1" 200 -
[2026-06-03 20:31:32] werkzeug [INFO] [_log:97] 127.0.0.1 - - [03/Jun/2026 20:31:32] "GET /api/camera/snapshot?t=1780507889197 HTTP/1.1" 200 -
[2026-06-03 20:31:32] sense.sensor_fuser [INFO] [_sensor_loop:145] Sensor heat_grid: threshold_crossed | value=[[24.0, 24.25, 23.5, 23.75, 25.5, 26.0, 26.25, 26.75], [25.75, 27.5, 25.75, 25.75, 26.0, 25.25, 26.0, 26.25], [27.75, 29.5, 27.75, 26.75, 25.25, 24.5, 25.75, 25.75], [28.0, 25.0, 23.5, 22.5, 22.75, 24.75, 26.75, 26.5], [24.75, 23.5, 22.0, 22.0, 22.25, 23.75, 28.75, 28.25], [23.0, 22.25, 21.75, 22.0, 22.0, 24.0, 30.25, 29.75], [22.25, 22.25, 22.25, 21.75, 22.5, 26.5, 28.75, 28.0], [22.75, 23.25, 22.25, 21.75, 22.25, 25.75, 27.5, 26.25]] | threshold=30.0
[2026-06-03 20:31:32] sense.sensor_fuser [INFO] [_push_snapshot:194] SensorSnapshot: pushed to sense_queue | timestamp=2026-06-03T20:31:32.500049 | triggered_sensors=['heat_grid']
[2026-06-03 20:31:32] werkzeug [INFO] [_log:97] 127.0.0.1 - - [03/Jun/2026 20:31:32] "GET /api/camera/snapshot?t=1780507889047 HTTP/1.1" 200 -
[2026-06-03 20:31:32] werkzeug [INFO] [_log:97] 127.0.0.1 - - [03/Jun/2026 20:31:32] "GET /api/camera/snapshot?t=1780507889347 HTTP/1.1" 200 -
[2026-06-03 20:31:32] werkzeug [INFO] [_log:97] 127.0.0.1 - - [03/Jun/2026 20:31:32] "GET /api/camera/snapshot?t=1780507889497 HTTP/1.1" 200 -
[2026-06-03 20:31:32] werkzeug [INFO] [_log:97] 127.0.0.1 - - [03/Jun/2026 20:31:32] "GET /api/camera/snapshot?t=1780507889647 HTTP/1.1" 200 -
[2026-06-03 20:31:32] werkzeug [INFO] [_log:97] 127.0.0.1 - - [03/Jun/2026 20:31:32] "GET /api/camera/snapshot?t=1780507889947 HTTP/1.1" 200 -
[2026-06-03 20:31:32] werkzeug [INFO] [_log:97] 127.0.0.1 - - [03/Jun/2026 20:31:32] "GET /api/camera/snapshot?t=1780507890247 HTTP/1.1" 200 -
[2026-06-03 20:31:32] werkzeug [INFO] [_log:97] 127.0.0.1 - - [03/Jun/2026 20:31:32] "GET /api/camera/snapshot?t=1780507889797 HTTP/1.1" 200 -
[2026-06-03 20:31:32] werkzeug [INFO] [_log:97] 127.0.0.1 - - [03/Jun/2026 20:31:32] "GET /api/camera/snapshot?t=1780507890097 HTTP/1.1" 200 -
[2026-06-03 20:31:33] werkzeug [INFO] [_log:97] 127.0.0.1 - - [03/Jun/2026 20:31:33] "GET /api/camera/snapshot?t=1780507890697 HTTP/1.1" 200 -
[2026-06-03 20:31:33] werkzeug [INFO] [_log:97] 127.0.0.1 - - [03/Jun/2026 20:31:33] "GET /api/camera/snapshot?t=1780507890397 HTTP/1.1" 200 -
[2026-06-03 20:31:33] werkzeug [INFO] [_log:97] 127.0.0.1 - - [03/Jun/2026 20:31:33] "GET /api/camera/snapshot?t=1780507890547 HTTP/1.1" 200 -
[2026-06-03 20:31:33] sense.sensor_fuser [INFO] [_sensor_loop:145] Sensor heat_grid: threshold_crossed | value=[[25.0, 25.0, 23.5, 24.0, 25.75, 26.0, 26.25, 26.75], [26.75, 27.75, 26.5, 25.5, 26.5, 25.75, 26.0, 26.5], [28.25, 29.75, 27.75, 26.75, 25.5, 24.75, 25.75, 25.75], [28.0, 25.25, 23.75, 22.5, 22.5, 25.0, 27.0, 26.5], [24.75, 23.75, 22.25, 21.75, 22.5, 24.0, 27.75, 28.5], [23.5, 23.0, 22.0, 22.0, 22.5, 24.0, 29.25, 30.0], [22.75, 22.75, 22.5, 22.25, 22.25, 27.0, 29.75, 28.75], [23.0, 23.0, 23.0, 22.25, 22.0, 25.0, 27.5, 25.75]] | threshold=30.0
[2026-06-03 20:31:33] sense.sensor_fuser [INFO] [_push_snapshot:194] SensorSnapshot: pushed to sense_queue | timestamp=2026-06-03T20:31:33.537325 | triggered_sensors=['heat_grid']
[2026-06-03 20:31:33] werkzeug [INFO] [_log:97] 127.0.0.1 - - [03/Jun/2026 20:31:33] "GET /api/camera/snapshot?t=1780507890997 HTTP/1.1" 200 -
[2026-06-03 20:31:33] werkzeug [INFO] [_log:97] 127.0.0.1 - - [03/Jun/2026 20:31:33] "GET /api/camera/snapshot?t=1780507891297 HTTP/1.1" 200 -
[2026-06-03 20:31:33] werkzeug [INFO] [_log:97] 127.0.0.1 - - [03/Jun/2026 20:31:33] "GET /api/camera/snapshot?t=1780507891447 HTTP/1.1" 200 -
[2026-06-03 20:31:33] werkzeug [INFO] [_log:97] 127.0.0.1 - - [03/Jun/2026 20:31:33] "GET /api/camera/snapshot?t=1780507891897 HTTP/1.1" 200 -
[2026-06-03 20:31:34] werkzeug [INFO] [_log:97] 127.0.0.1 - - [03/Jun/2026 20:31:34] "GET /api/camera/snapshot?t=1780507892497 HTTP/1.1" 200 -
[2026-06-03 20:31:34] werkzeug [INFO] [_log:97] 127.0.0.1 - - [03/Jun/2026 20:31:34] "GET /api/camera/snapshot?t=1780507892647 HTTP/1.1" 200 -
[2026-06-03 20:31:34] werkzeug [INFO] [_log:97] 127.0.0.1 - - [03/Jun/2026 20:31:34] "GET /api/camera/snapshot?t=1780507890847 HTTP/1.1" 200 -
[2026-06-03 20:31:34] sense.sensor_fuser [INFO] [_sensor_loop:145] Sensor heat_grid: threshold_crossed | value=[[25.25, 24.75, 24.5, 24.5, 26.0, 26.5, 26.75, 27.0], [26.25, 28.0, 26.5, 26.25, 26.25, 25.75, 26.5, 27.0], [28.5, 30.5, 28.25, 27.0, 26.5, 25.25, 26.5, 27.25], [28.25, 25.75, 24.0, 23.0, 23.25, 25.75, 27.25, 27.0], [25.0, 24.0, 22.75, 22.5, 22.75, 25.0, 29.25, 28.5], [23.75, 23.0, 22.75, 22.5, 22.75, 25.25, 30.0, 30.0], [23.0, 23.25, 23.0, 22.25, 23.0, 28.0, 29.5, 28.25], [23.5, 23.25, 23.0, 22.25, 22.75, 25.25, 28.0, 25.75]] | threshold=30.0
[2026-06-03 20:31:34] sense.sensor_fuser [INFO] [_push_snapshot:194] SensorSnapshot: pushed to sense_queue | timestamp=2026-06-03T20:31:34.574761 | triggered_sensors=['heat_grid']
[2026-06-03 20:31:34] werkzeug [INFO] [_log:97] 127.0.0.1 - - [03/Jun/2026 20:31:34] "GET /api/camera/snapshot?t=1780507892347 HTTP/1.1" 200 -
[2026-06-03 20:31:34] werkzeug [INFO] [_log:97] 127.0.0.1 - - [03/Jun/2026 20:31:34] "GET /api/camera/snapshot?t=1780507893097 HTTP/1.1" 200 -
[2026-06-03 20:31:34] werkzeug [INFO] [_log:97] 127.0.0.1 - - [03/Jun/2026 20:31:34] "GET /api/camera/snapshot?t=1780507891147 HTTP/1.1" 200 -
[2026-06-03 20:31:34] werkzeug [INFO] [_log:97] 127.0.0.1 - - [03/Jun/2026 20:31:34] "GET /api/camera/snapshot?t=1780507892197 HTTP/1.1" 200 -
[2026-06-03 20:31:35] werkzeug [INFO] [_log:97] 127.0.0.1 - - [03/Jun/2026 20:31:35] "GET /api/camera/snapshot?t=1780507892797 HTTP/1.1" 200 -
[2026-06-03 20:31:35] werkzeug [INFO] [_log:97] 127.0.0.1 - - [03/Jun/2026 20:31:35] "GET /api/camera/snapshot?t=1780507893247 HTTP/1.1" 200 -
[2026-06-03 20:31:35] werkzeug [INFO] [_log:97] 127.0.0.1 - - [03/Jun/2026 20:31:35] "GET /api/camera/snapshot?t=1780507891597 HTTP/1.1" 200 -
[2026-06-03 20:31:35] sense.sensor_fuser [INFO] [_sensor_loop:145] Sensor heat_grid: threshold_crossed | value=[[25.25, 25.25, 24.5, 24.75, 27.0, 26.5, 26.5, 27.25], [27.0, 29.0, 26.75, 26.0, 26.75, 26.5, 26.75, 26.5], [28.5, 30.0, 28.25, 27.5, 26.5, 25.25, 27.0, 27.0], [28.25, 26.0, 24.25, 23.25, 23.75, 25.5, 27.75, 28.0], [25.25, 24.5, 23.0, 22.75, 23.0, 25.75, 26.75, 28.5], [23.5, 23.25, 23.0, 23.0, 23.0, 23.75, 28.75, 30.75], [23.25, 23.25, 22.75, 22.25, 22.75, 23.5, 27.5, 30.0], [23.25, 23.5, 23.0, 22.25, 22.75, 23.75, 28.25, 29.0]] | threshold=30.0
[2026-06-03 20:31:35] sense.sensor_fuser [INFO] [_push_snapshot:194] SensorSnapshot: pushed to sense_queue | timestamp=2026-06-03T20:31:35.610831 | triggered_sensors=['heat_grid']
[2026-06-03 20:31:35] werkzeug [INFO] [_log:97] 127.0.0.1 - - [03/Jun/2026 20:31:35] "GET /api/camera/snapshot?t=1780507892947 HTTP/1.1" 200 -
[2026-06-03 20:31:36] werkzeug [INFO] [_log:97] 127.0.0.1 - - [03/Jun/2026 20:31:36] "GET /api/camera/snapshot?t=1780507893997 HTTP/1.1" 200 -
[2026-06-03 20:31:36] werkzeug [INFO] [_log:97] 127.0.0.1 - - [03/Jun/2026 20:31:36] "GET /api/camera/snapshot?t=1780507893847 HTTP/1.1" 200 -
[2026-06-03 20:31:36] werkzeug [INFO] [_log:97] 127.0.0.1 - - [03/Jun/2026 20:31:36] "GET /api/camera/snapshot?t=1780507894597 HTTP/1.1" 200 -
[2026-06-03 20:31:37] werkzeug [INFO] [_log:97] 127.0.0.1 - - [03/Jun/2026 20:31:37] "GET /api/camera/snapshot?t=1780507894297 HTTP/1.1" 200 -
[2026-06-03 20:31:38] werkzeug [INFO] [_log:97] 127.0.0.1 - - [03/Jun/2026 20:31:38] "GET /api/camera/snapshot?t=1780507894447 HTTP/1.1" 200 -
[2026-06-03 20:31:38] werkzeug [INFO] [_log:97] 127.0.0.1 - - [03/Jun/2026 20:31:38] "GET /api/camera/snapshot?t=1780507894747 HTTP/1.1" 200 -
[2026-06-03 20:31:38] werkzeug [INFO] [_log:97] 127.0.0.1 - - [03/Jun/2026 20:31:38] "GET /api/camera/snapshot?t=1780507892047 HTTP/1.1" 200 -
[2026-06-03 20:31:38] werkzeug [INFO] [_log:97] 127.0.0.1 - - [03/Jun/2026 20:31:38] "GET /api/camera/snapshot?t=1780507891747 HTTP/1.1" 200 -
[2026-06-03 20:31:38] werkzeug [INFO] [_log:97] 127.0.0.1 - - [03/Jun/2026 20:31:38] "GET /api/camera/snapshot?t=1780507893397 HTTP/1.1" 200 -
[2026-06-03 20:31:38] werkzeug [INFO] [_log:97] 127.0.0.1 - - [03/Jun/2026 20:31:38] "GET /api/camera/snapshot?t=1780507893547 HTTP/1.1" 200 -
[2026-06-03 20:31:38] werkzeug [INFO] [_log:97] 127.0.0.1 - - [03/Jun/2026 20:31:38] "GET /api/camera/snapshot?t=1780507895197 HTTP/1.1" 200 -
[2026-06-03 20:31:38] werkzeug [INFO] [_log:97] 127.0.0.1 - - [03/Jun/2026 20:31:38] "GET /api/camera/snapshot?t=1780507895347 HTTP/1.1" 200 -
[2026-06-03 20:31:38] werkzeug [INFO] [_log:97] 127.0.0.1 - - [03/Jun/2026 20:31:38] "GET /api/camera/snapshot?t=1780507894147 HTTP/1.1" 200 -
[2026-06-03 20:31:38] werkzeug [INFO] [_log:97] 127.0.0.1 - - [03/Jun/2026 20:31:38] "GET /api/camera/snapshot?t=1780507895647 HTTP/1.1" 200 -
[2026-06-03 20:31:38] werkzeug [INFO] [_log:97] 127.0.0.1 - - [03/Jun/2026 20:31:38] "GET /api/camera/snapshot?t=1780507894897 HTTP/1.1" 200 -
[2026-06-03 20:31:40] werkzeug [INFO] [_log:97] 127.0.0.1 - - [03/Jun/2026 20:31:40] "GET /api/camera/snapshot?t=1780507895497 HTTP/1.1" 200 -
[2026-06-03 20:31:40] werkzeug [INFO] [_log:97] 127.0.0.1 - - [03/Jun/2026 20:31:40] "GET /api/camera/snapshot?t=1780507895797 HTTP/1.1" 200 -
[2026-06-03 20:31:40] werkzeug [INFO] [_log:97] 127.0.0.1 - - [03/Jun/2026 20:31:40] "GET /api/camera/snapshot?t=1780507896097 HTTP/1.1" 200 -
[2026-06-03 20:31:40] werkzeug [INFO] [_log:97] 127.0.0.1 - - [03/Jun/2026 20:31:40] "GET /api/camera/snapshot?t=1780507896247 HTTP/1.1" 200 -
[2026-06-03 20:31:40] werkzeug [INFO] [_log:97] 127.0.0.1 - - [03/Jun/2026 20:31:40] "GET /api/camera/snapshot?t=1780507893697 HTTP/1.1" 200 -
[2026-06-03 20:31:40] werkzeug [INFO] [_log:97] 127.0.0.1 - - [03/Jun/2026 20:31:40] "GET /api/camera/snapshot?t=1780507895047 HTTP/1.1" 200 -
[2026-06-03 20:31:41] werkzeug [INFO] [_log:97] 127.0.0.1 - - [03/Jun/2026 20:31:41] "GET /api/camera/snapshot?t=1780507896547 HTTP/1.1" 200 -
[2026-06-03 20:31:41] werkzeug [INFO] [_log:97] 127.0.0.1 - - [03/Jun/2026 20:31:41] "GET /api/camera/snapshot?t=1780507896698 HTTP/1.1" 200 -
[2026-06-03 20:31:41] werkzeug [INFO] [_log:97] 127.0.0.1 - - [03/Jun/2026 20:31:41] "GET /api/camera/snapshot?t=1780507897147 HTTP/1.1" 200 -
[2026-06-03 20:31:41] werkzeug [INFO] [_log:97] 127.0.0.1 - - [03/Jun/2026 20:31:41] "GET /api/camera/snapshot?t=1780507897297 HTTP/1.1" 200 -
[2026-06-03 20:31:42] werkzeug [INFO] [_log:97] 127.0.0.1 - - [03/Jun/2026 20:31:42] "GET /api/camera/snapshot?t=1780507895947 HTTP/1.1" 200 -
[2026-06-03 20:31:42] werkzeug [INFO] [_log:97] 127.0.0.1 - - [03/Jun/2026 20:31:42] "GET /api/camera/snapshot?t=1780507896397 HTTP/1.1" 200 -
[2026-06-03 20:31:43] werkzeug [INFO] [_log:97] 127.0.0.1 - - [03/Jun/2026 20:31:43] "GET /api/camera/snapshot?t=1780507896847 HTTP/1.1" 200 -
[2026-06-03 20:31:44] werkzeug [INFO] [_log:97] 127.0.0.1 - - [03/Jun/2026 20:31:44] "GET /api/camera/snapshot?t=1780507897747 HTTP/1.1" 200 -
[2026-06-03 20:31:44] werkzeug [INFO] [_log:97] 127.0.0.1 - - [03/Jun/2026 20:31:44] "GET /api/camera/snapshot?t=1780507898047 HTTP/1.1" 200 -
[2026-06-03 20:31:44] werkzeug [INFO] [_log:97] 127.0.0.1 - - [03/Jun/2026 20:31:44] "GET /api/camera/snapshot?t=1780507897897 HTTP/1.1" 200 -
[2026-06-03 20:31:44] werkzeug [INFO] [_log:97] 127.0.0.1 - - [03/Jun/2026 20:31:44] "GET /api/camera/snapshot?t=1780507898347 HTTP/1.1" 200 -
[2026-06-03 20:31:44] werkzeug [INFO] [_log:97] 127.0.0.1 - - [03/Jun/2026 20:31:44] "GET /api/camera/snapshot?t=1780507897447 HTTP/1.1" 200 -
[2026-06-03 20:31:44] werkzeug [INFO] [_log:97] 127.0.0.1 - - [03/Jun/2026 20:31:44] "GET /api/camera/snapshot?t=1780507898647 HTTP/1.1" 200 -
[2026-06-03 20:31:44] werkzeug [INFO] [_log:97] 127.0.0.1 - - [03/Jun/2026 20:31:44] "GET /api/camera/snapshot?t=1780507898797 HTTP/1.1" 200 -
[2026-06-03 20:31:45] werkzeug [INFO] [_log:97] 127.0.0.1 - - [03/Jun/2026 20:31:45] "GET /api/camera/snapshot?t=1780507899247 HTTP/1.1" 200 -
[2026-06-03 20:31:45] werkzeug [INFO] [_log:97] 127.0.0.1 - - [03/Jun/2026 20:31:45] "GET /api/camera/snapshot?t=1780507899097 HTTP/1.1" 200 -
[2026-06-03 20:31:45] werkzeug [INFO] [_log:97] 127.0.0.1 - - [03/Jun/2026 20:31:45] "GET /api/camera/snapshot?t=1780507896997 HTTP/1.1" 200 -
[2026-06-03 20:31:45] werkzeug [INFO] [_log:97] 127.0.0.1 - - [03/Jun/2026 20:31:45] "GET /api/camera/snapshot?t=1780507898197 HTTP/1.1" 200 -
[2026-06-03 20:31:45] werkzeug [INFO] [_log:97] 127.0.0.1 - - [03/Jun/2026 20:31:45] "GET /api/camera/snapshot?t=1780507898947 HTTP/1.1" 200 -
[2026-06-03 20:31:46] werkzeug [INFO] [_log:97] 127.0.0.1 - - [03/Jun/2026 20:31:46] "GET /api/camera/snapshot?t=1780507897597 HTTP/1.1" 200 -
[2026-06-03 20:31:46] werkzeug [INFO] [_log:97] 127.0.0.1 - - [03/Jun/2026 20:31:46] "GET /api/camera/snapshot?t=1780507898497 HTTP/1.1" 200 -
[2026-06-03 20:31:46] sense.sensor_fuser [INFO] [_sensor_loop:145] Sensor heat_grid: threshold_crossed | value=[[25.0, 24.75, 24.0, 24.25, 25.0, 26.25, 27.0, 26.75], [26.5, 28.25, 26.25, 24.75, 24.75, 26.5, 27.25, 26.5], [28.25, 30.0, 28.0, 26.0, 24.75, 26.0, 27.5, 26.25], [28.0, 25.5, 24.0, 22.75, 23.5, 25.25, 27.25, 27.25], [25.5, 24.0, 22.5, 22.0, 22.5, 23.0, 25.75, 28.5], [23.25, 23.5, 22.5, 22.75, 22.75, 23.0, 24.5, 29.0], [23.0, 23.0, 22.75, 22.25, 22.75, 23.25, 26.5, 28.25], [22.75, 23.5, 23.0, 22.25, 22.5, 23.25, 27.5, 29.25]] | threshold=30.0
[2026-06-03 20:31:46] sense.sensor_fuser [INFO] [_push_snapshot:194] SensorSnapshot: pushed to sense_queue | timestamp=2026-06-03T20:31:46.683252 | triggered_sensors=['heat_grid']
[2026-06-03 20:31:47] sense.sensor_fuser [INFO] [_sensor_loop:145] Sensor heat_grid: threshold_crossed | value=[[25.25, 24.75, 23.75, 24.5, 24.5, 26.5, 27.0, 27.0], [26.25, 28.25, 26.25, 25.25, 25.0, 27.5, 27.5, 27.25], [28.0, 30.0, 28.0, 26.5, 26.25, 27.5, 25.5, 26.5], [28.25, 25.25, 24.5, 26.0, 24.5, 24.75, 24.25, 26.25], [25.25, 24.0, 23.0, 22.75, 22.75, 23.0, 22.75, 26.0], [23.25, 23.0, 22.5, 22.5, 22.75, 22.5, 22.25, 27.25], [23.25, 23.0, 23.0, 22.25, 22.75, 22.75, 24.5, 28.75], [23.25, 23.5, 22.75, 22.25, 22.25, 22.5, 23.5, 28.0]] | threshold=30.0
[2026-06-03 20:31:47] sense.sensor_fuser [INFO] [_push_snapshot:194] SensorSnapshot: pushed to sense_queue | timestamp=2026-06-03T20:31:47.720029 | triggered_sensors=['heat_grid']
[2026-06-03 20:31:49] werkzeug [INFO] [_log:97] 127.0.0.1 - - [03/Jun/2026 20:31:49] "GET /api/camera/snapshot?t=1780507899397 HTTP/1.1" 200 -
[2026-06-03 20:31:49] werkzeug [INFO] [_log:97] 127.0.0.1 - - [03/Jun/2026 20:31:49] "GET /api/camera/snapshot?t=1780507909133 HTTP/1.1" 200 -
[2026-06-03 20:32:00] werkzeug [INFO] [_log:97] 127.0.0.1 - - [03/Jun/2026 20:32:00] "GET /api/camera/snapshot?t=1780507899547 HTTP/1.1" 200 -
[2026-06-03 20:32:00] werkzeug [INFO] [_log:97] 127.0.0.1 - - [03/Jun/2026 20:32:00] "GET /api/camera/snapshot?t=1780507901197 HTTP/1.1" 200 -
[2026-06-03 20:32:00] werkzeug [INFO] [_log:97] 127.0.0.1 - - [03/Jun/2026 20:32:00] "GET /api/camera/snapshot?t=1780507901797 HTTP/1.1" 200 -
[2026-06-03 20:32:28] werkzeug [INFO] [_log:97] 127.0.0.1 - - [03/Jun/2026 20:32:28] "[33mGET /favicon.ico HTTP/1.1[0m" 404 -
[2026-06-03 20:32:48] sense.sensor_fuser [INFO] [_sensor_loop:145] Sensor heat_grid: threshold_crossed | value=[[29.25, 28.25, 27.5, 26.25, 26.25, 26.0, 26.25, 27.5], [30.25, 31.25, 29.75, 28.5, 27.25, 27.25, 27.25, 27.5], [28.5, 31.0, 28.75, 27.0, 25.5, 27.0, 27.75, 28.0], [29.0, 26.0, 24.75, 23.25, 24.0, 25.5, 26.0, 27.25], [25.5, 24.5, 23.25, 22.75, 23.25, 23.75, 23.5, 26.75], [24.25, 23.5, 23.0, 23.0, 22.75, 23.5, 22.25, 23.75], [24.0, 23.75, 23.25, 22.75, 23.25, 22.75, 23.0, 25.75], [24.0, 24.5, 24.0, 22.75, 22.75, 23.0, 23.0, 28.0]] | threshold=30.0
[2026-06-03 20:32:48] sense.sensor_fuser [INFO] [_push_snapshot:194] SensorSnapshot: pushed to sense_queue | timestamp=2026-06-03T20:32:48.970402 | triggered_sensors=['heat_grid']
[2026-06-03 20:32:50] sense.sensor_fuser [INFO] [_sensor_loop:145] Sensor heat_grid: threshold_crossed | value=[[29.5, 27.75, 26.75, 26.75, 26.5, 26.25, 26.75, 28.0], [31.5, 31.25, 29.5, 28.0, 28.0, 27.25, 27.75, 28.0], [29.25, 30.75, 28.5, 27.0, 25.75, 27.0, 28.0, 28.0], [29.0, 26.0, 24.75, 23.75, 23.75, 25.25, 26.25, 27.5], [26.0, 24.75, 23.25, 23.0, 23.25, 23.5, 23.25, 27.0], [24.25, 23.75, 23.0, 22.5, 23.0, 23.25, 22.5, 23.75], [23.5, 23.25, 23.25, 22.75, 23.0, 22.75, 22.25, 25.25], [23.25, 24.0, 24.0, 22.5, 23.0, 23.25, 23.5, 28.0]] | threshold=30.0
[2026-06-03 20:32:50] sense.sensor_fuser [INFO] [_push_snapshot:194] SensorSnapshot: pushed to sense_queue | timestamp=2026-06-03T20:32:50.006780 | triggered_sensors=['heat_grid']
[2026-06-03 20:32:51] sense.sensor_fuser [INFO] [_sensor_loop:145] Sensor heat_grid: threshold_crossed | value=[[28.75, 27.75, 27.0, 26.0, 26.5, 25.75, 26.25, 27.0], [30.75, 31.0, 29.25, 27.75, 27.5, 27.75, 27.0, 28.0], [28.75, 30.5, 28.75, 27.0, 25.5, 27.0, 28.25, 27.75], [28.5, 26.0, 24.5, 23.0, 24.0, 25.25, 26.0, 27.5], [25.5, 24.25, 23.25, 22.75, 23.0, 23.75, 23.25, 26.75], [24.0, 24.0, 22.75, 23.25, 23.0, 23.5, 22.25, 23.0], [23.25, 23.5, 23.25, 22.5, 22.75, 23.25, 22.0, 24.0], [23.25, 24.25, 23.25, 22.75, 22.75, 22.5, 22.75, 26.75]] | threshold=30.0
[2026-06-03 20:32:51] sense.sensor_fuser [INFO] [_push_snapshot:194] SensorSnapshot: pushed to sense_queue | timestamp=2026-06-03T20:32:51.042967 | triggered_sensors=['heat_grid']
[2026-06-03 20:32:52] sense.sensor_fuser [INFO] [_sensor_loop:145] Sensor heat_grid: threshold_crossed | value=[[29.75, 28.75, 27.0, 26.0, 26.25, 26.0, 26.25, 27.25], [30.75, 31.5, 29.5, 28.25, 27.75, 27.75, 27.25, 28.25], [28.75, 30.75, 29.0, 27.25, 25.5, 26.75, 28.0, 28.0], [28.75, 26.5, 24.75, 23.5, 24.0, 25.5, 26.0, 27.75], [25.75, 24.75, 23.25, 23.25, 23.75, 23.5, 23.25, 26.75], [24.5, 23.75, 23.0, 23.25, 23.25, 23.25, 22.75, 23.25], [23.75, 23.5, 23.5, 22.75, 23.25, 23.5, 23.0, 25.5], [24.0, 24.25, 23.5, 23.25, 23.0, 23.25, 23.25, 28.25]] | threshold=30.0
[2026-06-03 20:32:52] sense.sensor_fuser [INFO] [_push_snapshot:194] SensorSnapshot: pushed to sense_queue | timestamp=2026-06-03T20:32:52.080544 | triggered_sensors=['heat_grid']
[2026-06-03 20:32:53] sense.sensor_fuser [INFO] [_sensor_loop:145] Sensor heat_grid: threshold_crossed | value=[[29.25, 28.75, 27.0, 25.75, 26.5, 25.75, 26.75, 27.5], [30.25, 30.75, 29.75, 28.5, 27.5, 27.0, 27.75, 28.0], [29.25, 30.5, 28.5, 27.0, 25.75, 27.0, 28.5, 27.5], [28.75, 26.0, 25.0, 24.0, 24.0, 25.25, 26.0, 27.75], [25.75, 24.75, 23.0, 23.0, 23.25, 23.5, 23.5, 26.75], [23.75, 23.5, 23.25, 23.25, 23.0, 23.25, 22.5, 23.25], [23.75, 23.5, 23.25, 22.75, 23.0, 23.0, 22.75, 25.0], [23.5, 24.0, 23.5, 22.75, 22.75, 23.0, 22.5, 27.75]] | threshold=30.0
[2026-06-03 20:32:53] sense.sensor_fuser [INFO] [_push_snapshot:194] SensorSnapshot: pushed to sense_queue | timestamp=2026-06-03T20:32:53.117843 | triggered_sensors=['heat_grid']
[2026-06-03 20:32:54] sense.sensor_fuser [INFO] [_sensor_loop:145] Sensor heat_grid: threshold_crossed | value=[[28.0, 26.5, 26.0, 25.75, 25.75, 25.5, 25.75, 27.0], [29.75, 30.0, 29.5, 28.75, 26.75, 27.0, 27.5, 27.75], [29.0, 30.25, 28.25, 26.75, 25.75, 26.75, 27.75, 27.75], [28.5, 25.75, 24.5, 23.0, 23.5, 25.25, 26.0, 27.25], [25.25, 24.5, 23.0, 23.25, 23.0, 23.0, 23.5, 26.5], [23.5, 23.25, 22.25, 22.75, 22.75, 22.75, 22.0, 23.0], [24.0, 24.0, 23.0, 22.5, 22.75, 23.0, 22.5, 25.0], [22.75, 23.5, 23.25, 21.5, 22.0, 23.0, 23.0, 27.5]] | threshold=30.0
[2026-06-03 20:32:54] sense.sensor_fuser [INFO] [_push_snapshot:194] SensorSnapshot: pushed to sense_queue | timestamp=2026-06-03T20:32:54.154245 | triggered_sensors=['heat_grid']
[2026-06-03 20:32:55] sense.sensor_fuser [INFO] [_sensor_loop:145] Sensor heat_grid: threshold_crossed | value=[[29.5, 27.25, 25.75, 25.75, 25.5, 25.25, 26.0, 26.75], [29.75, 30.25, 29.0, 28.0, 27.5, 26.75, 26.25, 27.0], [28.5, 30.5, 28.0, 26.25, 24.5, 26.0, 27.5, 27.25], [28.25, 25.5, 24.0, 22.75, 23.25, 24.75, 25.25, 26.75], [25.0, 23.75, 22.25, 22.25, 22.5, 23.0, 22.75, 26.25], [23.5, 23.25, 22.25, 22.25, 23.0, 22.25, 21.75, 22.5], [23.25, 22.75, 22.5, 22.25, 22.5, 22.75, 22.5, 24.75], [23.0, 23.75, 23.0, 22.0, 22.0, 22.75, 22.75, 27.25]] | threshold=30.0
[2026-06-03 20:32:55] sense.sensor_fuser [INFO] [_push_snapshot:194] SensorSnapshot: pushed to sense_queue | timestamp=2026-06-03T20:32:55.190855 | triggered_sensors=['heat_grid']
[2026-06-03 20:32:56] sense.sensor_fuser [INFO] [_sensor_loop:145] Sensor heat_grid: threshold_crossed | value=[[29.0, 28.0, 25.75, 25.5, 25.0, 25.25, 25.0, 26.25], [29.0, 30.0, 28.5, 27.75, 26.75, 26.5, 26.5, 26.75], [28.5, 30.25, 27.75, 25.75, 24.5, 26.0, 27.0, 27.5], [28.25, 25.25, 24.25, 22.25, 22.75, 24.75, 25.25, 27.0], [24.75, 23.5, 22.25, 22.25, 22.25, 22.25, 22.5, 25.75], [23.25, 22.5, 21.75, 22.0, 22.0, 22.5, 21.25, 22.75], [23.0, 22.5, 22.5, 22.25, 22.0, 22.25, 22.0, 23.75], [23.25, 23.5, 23.25, 22.25, 21.75, 22.5, 21.75, 27.0]] | threshold=30.0
[2026-06-03 20:32:56] sense.sensor_fuser [INFO] [_push_snapshot:194] SensorSnapshot: pushed to sense_queue | timestamp=2026-06-03T20:32:56.230928 | triggered_sensors=['heat_grid']
[2026-06-03 20:33:07] sense.sensor_fuser [INFO] [_sensor_loop:145] Sensor heat_grid: threshold_crossed | value=[[25.75, 25.5, 24.75, 25.0, 26.75, 27.0, 27.0, 27.0], [26.75, 28.5, 27.0, 27.25, 26.75, 26.5, 27.75, 27.75], [28.5, 30.0, 28.5, 27.0, 25.75, 25.75, 27.25, 27.5], [28.75, 26.0, 24.5, 23.25, 23.75, 25.0, 26.25, 27.5], [25.0, 24.0, 22.75, 22.5, 22.75, 23.25, 23.75, 27.25], [24.0, 23.25, 22.75, 22.75, 22.25, 23.0, 23.5, 29.25], [23.5, 23.5, 23.0, 22.25, 23.0, 22.75, 24.5, 29.75], [23.0, 24.0, 23.25, 22.5, 22.75, 22.75, 25.0, 29.5]] | threshold=30.0
[2026-06-03 20:33:07] sense.sensor_fuser [INFO] [_push_snapshot:194] SensorSnapshot: pushed to sense_queue | timestamp=2026-06-03T20:33:07.304471 | triggered_sensors=['heat_grid']
[2026-06-03 20:33:08] sense.sensor_fuser [INFO] [_sensor_loop:145] Sensor heat_grid: threshold_crossed | value=[[25.75, 25.75, 24.75, 25.0, 26.75, 27.25, 27.75, 27.25], [26.75, 28.5, 27.5, 27.5, 27.0, 26.75, 27.75, 27.75], [29.0, 30.5, 28.5, 27.5, 25.5, 25.5, 27.25, 28.0], [28.75, 25.75, 24.75, 23.25, 23.75, 25.0, 26.25, 27.5], [25.25, 24.25, 23.25, 23.25, 23.25, 23.25, 24.0, 27.75], [23.75, 23.5, 23.25, 22.75, 23.0, 23.0, 23.25, 28.5], [23.75, 23.25, 23.0, 22.75, 22.75, 23.5, 24.75, 29.0], [23.5, 23.5, 23.75, 22.75, 23.0, 23.25, 24.75, 29.0]] | threshold=30.0
[2026-06-03 20:33:08] sense.sensor_fuser [INFO] [_push_snapshot:194] SensorSnapshot: pushed to sense_queue | timestamp=2026-06-03T20:33:08.349018 | triggered_sensors=['heat_grid']
[2026-06-03 20:33:08] werkzeug [INFO] [_log:97] 127.0.0.1 - - [03/Jun/2026 20:33:08] "GET /api/state HTTP/1.1" 200 -
[2026-06-03 20:33:09] sense.sensor_fuser [INFO] [_sensor_loop:145] Sensor heat_grid: threshold_crossed | value=[[25.5, 25.5, 25.0, 25.0, 27.0, 27.0, 28.0, 27.5], [27.0, 28.25, 27.25, 26.75, 27.0, 26.75, 27.5, 27.25], [28.75, 30.25, 28.25, 27.5, 26.0, 26.0, 27.5, 28.0], [28.0, 26.25, 24.5, 23.25, 23.75, 25.25, 26.25, 28.25], [25.25, 24.75, 23.0, 23.25, 23.0, 23.5, 23.75, 26.75], [23.75, 23.75, 23.0, 23.25, 22.75, 23.0, 23.0, 28.5], [23.5, 23.5, 23.0, 22.75, 23.0, 23.25, 25.0, 29.5], [23.5, 24.0, 23.5, 23.0, 23.25, 23.25, 25.0, 29.5]] | threshold=30.0
[2026-06-03 20:33:09] sense.sensor_fuser [INFO] [_push_snapshot:194] SensorSnapshot: pushed to sense_queue | timestamp=2026-06-03T20:33:09.391879 | triggered_sensors=['heat_grid']
[2026-06-03 20:33:10] sense.sensor_fuser [INFO] [_sensor_loop:145] Sensor heat_grid: threshold_crossed | value=[[26.25, 25.25, 25.0, 25.25, 27.0, 27.5, 28.0, 27.75], [26.75, 29.25, 27.0, 27.5, 27.75, 27.25, 27.75, 27.75], [28.25, 30.5, 28.75, 27.75, 25.75, 26.25, 27.25, 28.0], [29.0, 26.25, 25.0, 23.5, 24.0, 25.25, 26.5, 27.75], [26.25, 24.5, 23.25, 23.5, 23.75, 24.0, 24.0, 27.5], [24.0, 23.5, 23.5, 23.75, 23.25, 23.25, 23.25, 28.75], [24.0, 23.75, 23.5, 23.25, 23.0, 23.75, 24.75, 29.75], [23.75, 23.5, 23.75, 23.25, 23.5, 24.0, 25.5, 29.5]] | threshold=30.0
[2026-06-03 20:33:10] sense.sensor_fuser [INFO] [_push_snapshot:194] SensorSnapshot: pushed to sense_queue | timestamp=2026-06-03T20:33:10.430273 | triggered_sensors=['heat_grid']
[2026-06-03 20:33:11] sense.sensor_fuser [INFO] [_sensor_loop:145] Sensor heat_grid: threshold_crossed | value=[[25.75, 25.5, 25.25, 25.0, 27.25, 27.0, 28.25, 27.5], [27.25, 29.0, 27.5, 27.75, 27.5, 27.25, 27.75, 27.75], [28.5, 30.75, 28.75, 27.75, 25.75, 25.5, 27.75, 28.25], [29.0, 26.5, 24.5, 23.5, 24.0, 25.5, 26.25, 28.25], [25.75, 24.75, 23.5, 23.25, 23.5, 23.5, 24.0, 27.5], [24.5, 23.75, 23.5, 23.25, 23.5, 23.0, 23.25, 28.75], [24.0, 23.5, 23.25, 23.25, 23.5, 23.75, 24.25, 29.75], [24.0, 24.25, 23.75, 23.0, 23.0, 23.25, 25.0, 29.5]] | threshold=30.0
[2026-06-03 20:33:11] sense.sensor_fuser [INFO] [_push_snapshot:194] SensorSnapshot: pushed to sense_queue | timestamp=2026-06-03T20:33:11.471405 | triggered_sensors=['heat_grid']
[2026-06-03 20:33:12] sense.sensor_fuser [INFO] [_sensor_loop:145] Sensor heat_grid: threshold_crossed | value=[[25.5, 25.0, 24.75, 25.0, 27.0, 27.0, 27.5, 27.5], [27.25, 28.75, 27.5, 27.75, 27.25, 26.75, 28.0, 28.0], [28.5, 30.5, 28.5, 27.5, 25.75, 25.5, 27.75, 28.0], [29.0, 26.25, 24.75, 23.75, 23.75, 25.75, 26.25, 28.0], [25.5, 24.5, 23.25, 22.75, 23.25, 23.5, 23.75, 27.25], [24.0, 23.75, 23.25, 23.0, 23.25, 23.0, 23.0, 28.5], [24.25, 23.5, 23.75, 23.0, 23.5, 23.5, 24.75, 29.5], [23.5, 24.25, 24.0, 22.25, 23.0, 23.5, 25.0, 29.25]] | threshold=30.0
[2026-06-03 20:33:12] sense.sensor_fuser [INFO] [_push_snapshot:194] SensorSnapshot: pushed to sense_queue | timestamp=2026-06-03T20:33:12.511636 | triggered_sensors=['heat_grid']
[2026-06-03 20:33:13] werkzeug [INFO] [_log:97] 127.0.0.1 - - [03/Jun/2026 20:33:13] "OPTIONS /api/camera/toggle HTTP/1.1" 200 -
[2026-06-03 20:33:13] sense.sensor_fuser [INFO] [_sensor_loop:145] Sensor heat_grid: threshold_crossed | value=[[26.25, 25.75, 24.75, 25.0, 27.0, 27.0, 27.5, 27.75], [27.0, 29.0, 27.25, 27.0, 27.25, 27.0, 28.0, 28.25], [28.5, 30.5, 28.5, 28.0, 26.25, 26.5, 27.25, 28.0], [29.0, 26.25, 25.0, 23.75, 24.0, 25.5, 26.0, 27.5], [25.75, 24.5, 23.75, 23.25, 23.25, 23.5, 24.0, 27.5], [24.5, 23.5, 22.75, 23.25, 23.25, 23.5, 22.5, 28.5], [24.0, 23.75, 23.25, 23.0, 23.25, 23.0, 24.5, 29.0], [23.25, 24.0, 23.5, 23.0, 23.0, 23.75, 24.25, 29.25]] | threshold=30.0
[2026-06-03 20:33:13] sense.sensor_fuser [INFO] [_push_snapshot:194] SensorSnapshot: pushed to sense_queue | timestamp=2026-06-03T20:33:13.553425 | triggered_sensors=['heat_grid']
[2026-06-03 20:33:13] werkzeug [INFO] [_log:97] 127.0.0.1 - - [03/Jun/2026 20:33:13] "POST /api/camera/toggle HTTP/1.1" 200 -
[2026-06-03 20:33:14] werkzeug [INFO] [_log:97] 127.0.0.1 - - [03/Jun/2026 20:33:14] "GET /api/camera/snapshot?t=1780507993544 HTTP/1.1" 200 -
[2026-06-03 20:33:14] werkzeug [INFO] [_log:97] 127.0.0.1 - - [03/Jun/2026 20:33:14] "GET /api/camera/snapshot?t=1780507993694 HTTP/1.1" 200 -
[2026-06-03 20:33:14] werkzeug [INFO] [_log:97] 127.0.0.1 - - [03/Jun/2026 20:33:14] "GET /api/camera/snapshot?t=1780507993844 HTTP/1.1" 200 -
[2026-06-03 20:33:14] werkzeug [INFO] [_log:97] 127.0.0.1 - - [03/Jun/2026 20:33:14] "GET /api/camera/snapshot?t=1780507993994 HTTP/1.1" 200 -
[2026-06-03 20:33:14] sense.sensor_fuser [INFO] [_sensor_loop:145] Sensor heat_grid: threshold_crossed | value=[[26.0, 25.5, 25.0, 25.25, 27.0, 27.0, 27.5, 27.75], [27.0, 28.75, 27.5, 27.5, 27.0, 27.0, 27.75, 28.25], [28.75, 30.75, 28.5, 27.75, 25.75, 26.25, 27.75, 28.25], [29.0, 26.25, 24.75, 23.5, 24.25, 25.25, 26.5, 27.75], [25.5, 24.5, 23.25, 23.25, 23.75, 23.25, 24.0, 27.5], [24.25, 23.5, 22.75, 23.0, 23.0, 23.0, 23.5, 28.0], [23.5, 23.75, 23.0, 22.75, 23.0, 23.25, 23.75, 28.75], [23.5, 23.5, 24.0, 23.25, 23.0, 23.5, 24.25, 29.5]] | threshold=30.0
[2026-06-03 20:33:14] sense.sensor_fuser [INFO] [_push_snapshot:194] SensorSnapshot: pushed to sense_queue | timestamp=2026-06-03T20:33:14.593539 | triggered_sensors=['heat_grid']
[2026-06-03 20:33:15] sense.sensor_fuser [INFO] [_sensor_loop:145] Sensor heat_grid: threshold_crossed | value=[[26.0, 25.75, 25.25, 25.0, 25.25, 25.5, 27.75, 28.0], [27.25, 29.0, 27.25, 26.25, 25.5, 26.25, 27.75, 28.25], [28.75, 31.0, 29.5, 27.0, 25.0, 25.75, 27.0, 28.0], [29.0, 26.5, 25.0, 24.0, 23.75, 25.75, 26.75, 27.5], [25.5, 24.5, 23.5, 23.5, 23.5, 24.0, 27.5, 28.25], [24.75, 24.0, 23.25, 23.75, 23.5, 24.0, 28.5, 30.25], [24.25, 24.5, 23.75, 23.75, 23.5, 24.25, 27.0, 30.0], [24.25, 24.25, 24.0, 23.5, 23.75, 23.75, 24.75, 29.75]] | threshold=30.0
[2026-06-03 20:33:15] sense.sensor_fuser [INFO] [_push_snapshot:194] SensorSnapshot: pushed to sense_queue | timestamp=2026-06-03T20:33:15.633469 | triggered_sensors=['heat_grid']
[2026-06-03 20:33:16] werkzeug [INFO] [_log:97] 127.0.0.1 - - [03/Jun/2026 20:33:16] "GET /api/camera/snapshot?t=1780507994444 HTTP/1.1" 200 -
[2026-06-03 20:33:16] sense.sensor_fuser [INFO] [_sensor_loop:145] Sensor heat_grid: threshold_crossed | value=[[26.5, 25.5, 25.0, 25.0, 26.0, 26.0, 27.75, 28.25], [27.5, 29.5, 27.75, 26.5, 25.25, 26.5, 28.5, 28.75], [29.25, 31.25, 29.0, 27.5, 25.5, 26.0, 27.5, 28.25], [29.0, 26.75, 25.25, 24.25, 24.5, 26.25, 26.75, 27.75], [26.25, 25.25, 23.5, 23.5, 23.5, 24.0, 27.75, 29.0], [24.75, 23.75, 23.5, 23.75, 23.25, 23.5, 28.0, 30.75], [24.0, 23.5, 23.25, 23.5, 23.5, 24.0, 26.25, 30.0], [23.5, 24.25, 24.0, 22.75, 23.0, 24.0, 23.75, 28.75]] | threshold=30.0
[2026-06-03 20:33:16] sense.sensor_fuser [INFO] [_push_snapshot:194] SensorSnapshot: pushed to sense_queue | timestamp=2026-06-03T20:33:16.675628 | triggered_sensors=['heat_grid']
[2026-06-03 20:33:17] werkzeug [INFO] [_log:97] 127.0.0.1 - - [03/Jun/2026 20:33:17] "GET /api/camera/snapshot?t=1780507993544 HTTP/1.1" 200 -
[2026-06-03 20:33:17] sense.sensor_fuser [INFO] [_sensor_loop:145] Sensor heat_grid: threshold_crossed | value=[[25.5, 25.75, 25.25, 25.0, 25.75, 25.75, 27.75, 28.25], [27.5, 28.75, 27.75, 26.0, 25.25, 26.5, 27.75, 28.25], [29.25, 30.75, 29.25, 27.25, 25.25, 26.25, 27.25, 28.25], [28.75, 26.5, 25.0, 23.75, 24.25, 25.75, 26.5, 28.0], [25.5, 24.75, 23.5, 23.5, 23.75, 23.5, 27.5, 28.5], [24.5, 24.25, 23.5, 23.25, 23.25, 23.25, 27.0, 30.0], [24.0, 24.25, 23.25, 23.25, 23.75, 23.75, 26.0, 30.0], [23.75, 24.25, 23.75, 22.75, 23.25, 23.5, 24.25, 28.25]] | threshold=30.0
[2026-06-03 20:33:17] sense.sensor_fuser [INFO] [_push_snapshot:194] SensorSnapshot: pushed to sense_queue | timestamp=2026-06-03T20:33:17.716963 | triggered_sensors=['heat_grid']
[2026-06-03 20:33:18] sense.sensor_fuser [INFO] [_sensor_loop:145] Sensor heat_grid: threshold_crossed | value=[[25.75, 25.25, 25.0, 24.5, 24.75, 25.5, 27.25, 27.5], [27.0, 28.75, 27.0, 26.5, 25.0, 25.5, 27.5, 27.75], [28.5, 30.5, 28.5, 27.0, 24.25, 25.25, 26.75, 27.25], [28.75, 25.75, 25.0, 23.5, 23.5, 25.0, 26.25, 27.5], [26.0, 24.25, 23.25, 23.0, 23.25, 23.5, 26.75, 28.0], [24.0, 23.5, 23.0, 23.0, 22.5, 23.25, 26.75, 29.25], [23.75, 23.5, 23.0, 23.0, 23.25, 23.25, 25.25, 29.25], [23.5, 24.0, 23.75, 22.75, 22.5, 23.5, 23.75, 28.25]] | threshold=30.0
[2026-06-03 20:33:18] sense.sensor_fuser [INFO] [_push_snapshot:194] SensorSnapshot: pushed to sense_queue | timestamp=2026-06-03T20:33:18.755734 | triggered_sensors=['heat_grid']
[2026-06-03 20:33:19] sense.sensor_fuser [INFO] [_sensor_loop:145] Sensor heat_grid: threshold_crossed | value=[[25.25, 25.25, 24.25, 24.5, 24.75, 24.5, 26.75, 27.5], [26.75, 28.75, 26.5, 25.75, 24.25, 25.75, 27.0, 27.75], [28.5, 30.0, 28.25, 26.5, 23.75, 25.0, 26.5, 27.5], [28.25, 25.75, 24.25, 23.0, 23.25, 24.75, 25.75, 27.0], [25.25, 24.25, 23.0, 22.5, 22.5, 23.5, 26.5, 28.0], [24.25, 23.5, 22.75, 22.25, 22.75, 23.0, 26.75, 29.25], [23.5, 23.25, 23.0, 22.25, 22.5, 22.75, 25.25, 29.25], [23.0, 23.5, 23.5, 22.25, 22.75, 22.5, 23.25, 27.5]] | threshold=30.0
[2026-06-03 20:33:19] sense.sensor_fuser [INFO] [_push_snapshot:194] SensorSnapshot: pushed to sense_queue | timestamp=2026-06-03T20:33:19.795858 | triggered_sensors=['heat_grid']
[2026-06-03 20:33:20] werkzeug [INFO] [_log:97] 127.0.0.1 - - [03/Jun/2026 20:33:20] "GET /api/camera/snapshot?t=1780507994294 HTTP/1.1" 200 -
[2026-06-03 20:33:20] werkzeug [INFO] [_log:97] 127.0.0.1 - - [03/Jun/2026 20:33:20] "GET /api/camera/snapshot?t=1780507995044 HTTP/1.1" 200 -
[2026-06-03 20:33:20] werkzeug [INFO] [_log:97] 127.0.0.1 - - [03/Jun/2026 20:33:20] "GET /api/camera/snapshot?t=1780507995644 HTTP/1.1" 200 -
[2026-06-03 20:33:20] werkzeug [INFO] [_log:97] 127.0.0.1 - - [03/Jun/2026 20:33:20] "GET /api/camera/snapshot?t=1780507995794 HTTP/1.1" 200 -
[2026-06-03 20:33:20] werkzeug [INFO] [_log:97] 127.0.0.1 - - [03/Jun/2026 20:33:20] "GET /api/camera/snapshot?t=1780507995494 HTTP/1.1" 200 -
[2026-06-03 20:33:20] werkzeug [INFO] [_log:97] 127.0.0.1 - - [03/Jun/2026 20:33:20] "GET /api/camera/snapshot?t=1780507995194 HTTP/1.1" 200 -
[2026-06-03 20:33:20] werkzeug [INFO] [_log:97] 127.0.0.1 - - [03/Jun/2026 20:33:20] "GET /api/camera/snapshot?t=1780507995944 HTTP/1.1" 200 -
[2026-06-03 20:33:20] sense.sensor_fuser [INFO] [_sensor_loop:145] Sensor heat_grid: threshold_crossed | value=[[25.75, 25.0, 24.5, 24.75, 25.0, 24.75, 26.75, 28.25], [26.5, 28.25, 27.25, 25.5, 24.5, 25.5, 27.5, 27.25], [28.25, 30.25, 28.0, 26.5, 24.5, 25.75, 26.75, 27.25], [28.25, 25.75, 24.75, 23.0, 23.5, 25.0, 26.5, 27.25], [25.25, 24.25, 22.75, 22.75, 23.0, 23.25, 26.75, 28.0], [24.0, 23.5, 22.5, 22.5, 22.75, 23.25, 27.25, 29.5], [23.75, 23.25, 22.75, 23.0, 23.0, 23.25, 25.25, 28.75], [23.25, 24.0, 23.75, 22.25, 22.75, 23.25, 23.25, 28.0]] | threshold=30.0
[2026-06-03 20:33:20] sense.sensor_fuser [INFO] [_push_snapshot:194] SensorSnapshot: pushed to sense_queue | timestamp=2026-06-03T20:33:20.834995 | triggered_sensors=['heat_grid']
[2026-06-03 20:33:21] sense.sensor_fuser [INFO] [_sensor_loop:145] Sensor heat_grid: threshold_crossed | value=[[25.75, 25.25, 24.75, 25.25, 25.5, 26.0, 27.5, 28.5], [27.0, 29.0, 27.0, 26.25, 25.0, 26.25, 28.0, 28.25], [28.75, 30.5, 28.5, 26.75, 25.0, 26.0, 27.25, 27.75], [28.75, 26.25, 24.75, 23.5, 24.0, 25.25, 26.75, 27.75], [25.75, 24.5, 23.5, 23.0, 23.25, 23.75, 27.25, 28.25], [24.25, 23.75, 23.25, 23.5, 23.25, 23.5, 27.25, 30.0], [23.75, 23.75, 23.5, 22.75, 23.25, 23.25, 25.0, 29.25], [23.75, 23.5, 23.75, 23.0, 22.75, 23.25, 24.0, 28.0]] | threshold=30.0
[2026-06-03 20:33:21] sense.sensor_fuser [INFO] [_push_snapshot:194] SensorSnapshot: pushed to sense_queue | timestamp=2026-06-03T20:33:21.877166 | triggered_sensors=['heat_grid']
[2026-06-03 20:33:22] werkzeug [INFO] [_log:97] 127.0.0.1 - - [03/Jun/2026 20:33:22] "GET /api/camera/snapshot?t=1780507994894 HTTP/1.1" 200 -
[2026-06-03 20:33:22] sense.sensor_fuser [INFO] [_sensor_loop:145] Sensor heat_grid: threshold_crossed | value=[[26.0, 25.25, 25.0, 24.5, 25.5, 25.25, 27.75, 28.0], [27.25, 28.75, 27.25, 26.0, 25.25, 25.75, 27.75, 28.25], [28.5, 30.25, 28.75, 27.25, 24.75, 25.75, 27.5, 28.0], [28.5, 26.0, 24.75, 23.5, 24.0, 25.5, 26.75, 28.0], [25.5, 24.25, 23.0, 23.0, 23.5, 24.5, 27.75, 28.5], [24.25, 24.0, 22.5, 23.0, 23.25, 24.0, 27.75, 30.0], [24.0, 23.5, 23.75, 23.0, 23.25, 23.0, 25.75, 29.5], [23.25, 24.0, 23.5, 22.75, 23.0, 23.25, 23.25, 28.25]] | threshold=30.0
[2026-06-03 20:33:22] sense.sensor_fuser [INFO] [_push_snapshot:194] SensorSnapshot: pushed to sense_queue | timestamp=2026-06-03T20:33:22.917851 | triggered_sensors=['heat_grid']
[2026-06-03 20:33:23] sense.sensor_fuser [INFO] [_sensor_loop:145] Sensor heat_grid: threshold_crossed | value=[[25.5, 25.75, 24.75, 24.75, 25.5, 25.5, 28.0, 28.0], [26.75, 28.5, 26.5, 25.75, 24.75, 26.0, 27.75, 28.25], [28.75, 30.5, 28.0, 26.5, 24.75, 25.5, 27.25, 27.75], [28.5, 26.0, 24.5, 23.25, 23.5, 25.5, 26.25, 27.75], [25.75, 24.5, 23.25, 23.0, 23.0, 23.5, 27.25, 28.0], [24.25, 23.75, 23.0, 22.75, 23.0, 23.25, 27.0, 30.0], [23.5, 23.25, 23.25, 23.25, 23.0, 23.25, 25.0, 29.75], [23.25, 23.25, 23.5, 23.0, 23.0, 23.0, 23.75, 28.0]] | threshold=30.0
[2026-06-03 20:33:23] sense.sensor_fuser [INFO] [_push_snapshot:194] SensorSnapshot: pushed to sense_queue | timestamp=2026-06-03T20:33:23.954447 | triggered_sensors=['heat_grid']
[2026-06-03 20:33:25] werkzeug [INFO] [_log:97] 127.0.0.1 - - [03/Jun/2026 20:33:25] "GET /api/camera/snapshot?t=1780507994594 HTTP/1.1" 200 -
[2026-06-03 20:33:25] werkzeug [INFO] [_log:97] 127.0.0.1 - - [03/Jun/2026 20:33:25] "GET /api/camera/snapshot?t=1780507994744 HTTP/1.1" 200 -
[2026-06-03 20:33:28] werkzeug [INFO] [_log:97] 127.0.0.1 - - [03/Jun/2026 20:33:28] "GET /api/camera/snapshot?t=1780507994144 HTTP/1.1" 200 -
[2026-06-03 20:33:30] werkzeug [INFO] [_log:97] 127.0.0.1 - - [03/Jun/2026 20:33:30] "GET /api/camera/snapshot?t=1780507996844 HTTP/1.1" 200 -
[2026-06-03 20:33:30] werkzeug [INFO] [_log:97] 127.0.0.1 - - [03/Jun/2026 20:33:30] "GET /api/camera/snapshot?t=1780507997144 HTTP/1.1" 200 -
[2026-06-03 20:33:30] werkzeug [INFO] [_log:97] 127.0.0.1 - - [03/Jun/2026 20:33:30] "GET /api/camera/snapshot?t=1780507996994 HTTP/1.1" 200 -
[2026-06-03 20:33:31] werkzeug [INFO] [_log:97] 127.0.0.1 - - [03/Jun/2026 20:33:31] "GET /api/camera/snapshot?t=1780507996244 HTTP/1.1" 200 -
[2026-06-03 20:33:31] werkzeug [INFO] [_log:97] 127.0.0.1 - - [03/Jun/2026 20:33:31] "GET /api/camera/snapshot?t=1780507997444 HTTP/1.1" 200 -
[2026-06-03 20:33:31] werkzeug [INFO] [_log:97] 127.0.0.1 - - [03/Jun/2026 20:33:31] "GET /api/camera/snapshot?t=1780507996394 HTTP/1.1" 200 -
[2026-06-03 20:33:31] werkzeug [INFO] [_log:97] 127.0.0.1 - - [03/Jun/2026 20:33:31] "GET /api/camera/snapshot?t=1780507997594 HTTP/1.1" 200 -
[2026-06-03 20:33:31] werkzeug [INFO] [_log:97] 127.0.0.1 - - [03/Jun/2026 20:33:31] "GET /api/camera/snapshot?t=1780507996694 HTTP/1.1" 200 -
[2026-06-03 20:33:31] werkzeug [INFO] [_log:97] 127.0.0.1 - - [03/Jun/2026 20:33:31] "GET /api/camera/snapshot?t=1780507997744 HTTP/1.1" 200 -
[2026-06-03 20:33:31] werkzeug [INFO] [_log:97] 127.0.0.1 - - [03/Jun/2026 20:33:31] "GET /api/camera/snapshot?t=1780507998344 HTTP/1.1" 200 -
[2026-06-03 20:33:31] werkzeug [INFO] [_log:97] 127.0.0.1 - - [03/Jun/2026 20:33:31] "GET /api/camera/snapshot?t=1780507998044 HTTP/1.1" 200 -
[2026-06-03 20:33:31] werkzeug [INFO] [_log:97] 127.0.0.1 - - [03/Jun/2026 20:33:31] "GET /api/camera/snapshot?t=1780507998644 HTTP/1.1" 200 -
[2026-06-03 20:33:31] werkzeug [INFO] [_log:97] 127.0.0.1 - - [03/Jun/2026 20:33:31] "GET /api/camera/snapshot?t=1780507998944 HTTP/1.1" 200 -
[2026-06-03 20:33:31] werkzeug [INFO] [_log:97] 127.0.0.1 - - [03/Jun/2026 20:33:31] "GET /api/camera/snapshot?t=1780507999244 HTTP/1.1" 200 -
[2026-06-03 20:33:31] werkzeug [INFO] [_log:97] 127.0.0.1 - - [03/Jun/2026 20:33:31] "GET /api/camera/snapshot?t=1780507998794 HTTP/1.1" 200 -
[2026-06-03 20:33:31] werkzeug [INFO] [_log:97] 127.0.0.1 - - [03/Jun/2026 20:33:31] "GET /api/camera/snapshot?t=1780507998494 HTTP/1.1" 200 -
[2026-06-03 20:33:31] werkzeug [INFO] [_log:97] 127.0.0.1 - - [03/Jun/2026 20:33:31] "GET /api/camera/snapshot?t=1780507998194 HTTP/1.1" 200 -
[2026-06-03 20:33:31] werkzeug [INFO] [_log:97] 127.0.0.1 - - [03/Jun/2026 20:33:31] "GET /api/camera/snapshot?t=1780507999544 HTTP/1.1" 200 -
[2026-06-03 20:33:31] werkzeug [INFO] [_log:97] 127.0.0.1 - - [03/Jun/2026 20:33:31] "GET /api/camera/snapshot?t=1780507999094 HTTP/1.1" 200 -
[2026-06-03 20:33:32] werkzeug [INFO] [_log:97] 127.0.0.1 - - [03/Jun/2026 20:33:32] "GET /api/camera/snapshot?t=1780507996544 HTTP/1.1" 200 -
[2026-06-03 20:33:32] werkzeug [INFO] [_log:97] 127.0.0.1 - - [03/Jun/2026 20:33:32] "GET /api/camera/snapshot?t=1780507995344 HTTP/1.1" 200 -
[2026-06-03 20:33:34] werkzeug [INFO] [_log:97] 127.0.0.1 - - [03/Jun/2026 20:33:34] "GET /api/camera/snapshot?t=1780507997894 HTTP/1.1" 200 -
[2026-06-03 20:33:37] werkzeug [INFO] [_log:97] 127.0.0.1 - - [03/Jun/2026 20:33:37] "GET /api/camera/snapshot?t=1780507999694 HTTP/1.1" 200 -
[2026-06-03 20:33:37] werkzeug [INFO] [_log:97] 127.0.0.1 - - [03/Jun/2026 20:33:37] "GET /api/camera/snapshot?t=1780507999394 HTTP/1.1" 200 -
[2026-06-03 20:33:37] werkzeug [INFO] [_log:97] 127.0.0.1 - - [03/Jun/2026 20:33:37] "GET /api/camera/snapshot?t=1780507999844 HTTP/1.1" 200 -
[2026-06-03 20:33:37] werkzeug [INFO] [_log:97] 127.0.0.1 - - [03/Jun/2026 20:33:37] "GET /api/camera/snapshot?t=1780508000294 HTTP/1.1" 200 -
[2026-06-03 20:33:37] werkzeug [INFO] [_log:97] 127.0.0.1 - - [03/Jun/2026 20:33:37] "GET /api/camera/snapshot?t=1780508000444 HTTP/1.1" 200 -
[2026-06-03 20:33:37] werkzeug [INFO] [_log:97] 127.0.0.1 - - [03/Jun/2026 20:33:37] "GET /api/camera/snapshot?t=1780508000594 HTTP/1.1" 200 -
[2026-06-03 20:33:37] werkzeug [INFO] [_log:97] 127.0.0.1 - - [03/Jun/2026 20:33:37] "GET /api/camera/snapshot?t=1780508001194 HTTP/1.1" 200 -
[2026-06-03 20:33:37] werkzeug [INFO] [_log:97] 127.0.0.1 - - [03/Jun/2026 20:33:37] "GET /api/camera/snapshot?t=1780508001494 HTTP/1.1" 200 -
[2026-06-03 20:33:37] werkzeug [INFO] [_log:97] 127.0.0.1 - - [03/Jun/2026 20:33:37] "GET /api/camera/snapshot?t=1780508001044 HTTP/1.1" 200 -
[2026-06-03 20:33:37] werkzeug [INFO] [_log:97] 127.0.0.1 - - [03/Jun/2026 20:33:37] "GET /api/camera/snapshot?t=1780507997294 HTTP/1.1" 200 -
[2026-06-03 20:33:37] werkzeug [INFO] [_log:97] 127.0.0.1 - - [03/Jun/2026 20:33:37] "GET /api/camera/snapshot?t=1780508000894 HTTP/1.1" 200 -
[2026-06-03 20:33:37] werkzeug [INFO] [_log:97] 127.0.0.1 - - [03/Jun/2026 20:33:37] "GET /api/camera/snapshot?t=1780508001644 HTTP/1.1" 200 -
[2026-06-03 20:33:37] werkzeug [INFO] [_log:97] 127.0.0.1 - - [03/Jun/2026 20:33:37] "GET /api/camera/snapshot?t=1780507996094 HTTP/1.1" 200 -
[2026-06-03 20:33:37] werkzeug [INFO] [_log:97] 127.0.0.1 - - [03/Jun/2026 20:33:37] "GET /api/camera/snapshot?t=1780508002094 HTTP/1.1" 200 -
[2026-06-03 20:33:37] werkzeug [INFO] [_log:97] 127.0.0.1 - - [03/Jun/2026 20:33:37] "GET /api/camera/snapshot?t=1780508001944 HTTP/1.1" 200 -
[2026-06-03 20:33:37] werkzeug [INFO] [_log:97] 127.0.0.1 - - [03/Jun/2026 20:33:37] "GET /api/camera/snapshot?t=1780508002544 HTTP/1.1" 200 -
[2026-06-03 20:33:37] werkzeug [INFO] [_log:97] 127.0.0.1 - - [03/Jun/2026 20:33:37] "GET /api/camera/snapshot?t=1780508002394 HTTP/1.1" 200 -
[2026-06-03 20:33:37] werkzeug [INFO] [_log:97] 127.0.0.1 - - [03/Jun/2026 20:33:37] "GET /api/camera/snapshot?t=1780508002694 HTTP/1.1" 200 -
[2026-06-03 20:33:37] werkzeug [INFO] [_log:97] 127.0.0.1 - - [03/Jun/2026 20:33:37] "GET /api/camera/snapshot?t=1780508003144 HTTP/1.1" 200 -
[2026-06-03 20:33:37] werkzeug [INFO] [_log:97] 127.0.0.1 - - [03/Jun/2026 20:33:37] "GET /api/camera/snapshot?t=1780508003444 HTTP/1.1" 200 -
[2026-06-03 20:33:37] werkzeug [INFO] [_log:97] 127.0.0.1 - - [03/Jun/2026 20:33:37] "GET /api/camera/snapshot?t=1780508002994 HTTP/1.1" 200 -
[2026-06-03 20:33:38] werkzeug [INFO] [_log:97] 127.0.0.1 - - [03/Jun/2026 20:33:38] "GET /api/camera/snapshot?t=1780508003594 HTTP/1.1" 200 -
[2026-06-03 20:33:38] werkzeug [INFO] [_log:97] 127.0.0.1 - - [03/Jun/2026 20:33:38] "GET /api/camera/snapshot?t=1780508003744 HTTP/1.1" 200 -
[2026-06-03 20:33:38] werkzeug [INFO] [_log:97] 127.0.0.1 - - [03/Jun/2026 20:33:38] "GET /api/camera/snapshot?t=1780508004194 HTTP/1.1" 200 -
[2026-06-03 20:33:38] werkzeug [INFO] [_log:97] 127.0.0.1 - - [03/Jun/2026 20:33:38] "GET /api/camera/snapshot?t=1780508004344 HTTP/1.1" 200 -
[2026-06-03 20:33:38] werkzeug [INFO] [_log:97] 127.0.0.1 - - [03/Jun/2026 20:33:38] "GET /api/camera/snapshot?t=1780508004044 HTTP/1.1" 200 -
[2026-06-03 20:33:38] werkzeug [INFO] [_log:97] 127.0.0.1 - - [03/Jun/2026 20:33:38] "GET /api/camera/snapshot?t=1780508004794 HTTP/1.1" 200 -
[2026-06-03 20:33:38] werkzeug [INFO] [_log:97] 127.0.0.1 - - [03/Jun/2026 20:33:38] "GET /api/camera/snapshot?t=1780508004944 HTTP/1.1" 200 -
[2026-06-03 20:33:38] werkzeug [INFO] [_log:97] 127.0.0.1 - - [03/Jun/2026 20:33:38] "GET /api/camera/snapshot?t=1780508004644 HTTP/1.1" 200 -
[2026-06-03 20:33:38] werkzeug [INFO] [_log:97] 127.0.0.1 - - [03/Jun/2026 20:33:38] "GET /api/camera/snapshot?t=1780508006144 HTTP/1.1" 200 -
[2026-06-03 20:33:38] werkzeug [INFO] [_log:97] 127.0.0.1 - - [03/Jun/2026 20:33:38] "GET /api/camera/snapshot?t=1780508005244 HTTP/1.1" 200 -
[2026-06-03 20:33:38] werkzeug [INFO] [_log:97] 127.0.0.1 - - [03/Jun/2026 20:33:38] "GET /api/camera/snapshot?t=1780508005544 HTTP/1.1" 200 -
[2026-06-03 20:33:38] werkzeug [INFO] [_log:97] 127.0.0.1 - - [03/Jun/2026 20:33:38] "GET /api/camera/snapshot?t=1780508005994 HTTP/1.1" 200 -
[2026-06-03 20:33:38] werkzeug [INFO] [_log:97] 127.0.0.1 - - [03/Jun/2026 20:33:38] "GET /api/camera/snapshot?t=1780508005394 HTTP/1.1" 200 -
[2026-06-03 20:33:38] werkzeug [INFO] [_log:97] 127.0.0.1 - - [03/Jun/2026 20:33:38] "GET /api/camera/snapshot?t=1780508005844 HTTP/1.1" 200 -
[2026-06-03 20:33:38] werkzeug [INFO] [_log:97] 127.0.0.1 - - [03/Jun/2026 20:33:38] "GET /api/camera/snapshot?t=1780508007044 HTTP/1.1" 200 -
[2026-06-03 20:33:38] werkzeug [INFO] [_log:97] 127.0.0.1 - - [03/Jun/2026 20:33:38] "GET /api/camera/snapshot?t=1780508006594 HTTP/1.1" 200 -
[2026-06-03 20:33:38] werkzeug [INFO] [_log:97] 127.0.0.1 - - [03/Jun/2026 20:33:38] "GET /api/camera/snapshot?t=1780508006744 HTTP/1.1" 200 -
[2026-06-03 20:33:38] werkzeug [INFO] [_log:97] 127.0.0.1 - - [03/Jun/2026 20:33:38] "GET /api/camera/snapshot?t=1780508007344 HTTP/1.1" 200 -
[2026-06-03 20:33:38] werkzeug [INFO] [_log:97] 127.0.0.1 - - [03/Jun/2026 20:33:38] "GET /api/camera/snapshot?t=1780508007194 HTTP/1.1" 200 -
[2026-06-03 20:33:38] werkzeug [INFO] [_log:97] 127.0.0.1 - - [03/Jun/2026 20:33:38] "GET /api/camera/snapshot?t=1780508006444 HTTP/1.1" 200 -
[2026-06-03 20:33:39] werkzeug [INFO] [_log:97] 127.0.0.1 - - [03/Jun/2026 20:33:39] "GET /api/camera/snapshot?t=1780508001344 HTTP/1.1" 200 -
[2026-06-03 20:33:39] werkzeug [INFO] [_log:97] 127.0.0.1 - - [03/Jun/2026 20:33:39] "GET /api/camera/snapshot?t=1780508000744 HTTP/1.1" 200 -
[2026-06-03 20:33:39] werkzeug [INFO] [_log:97] 127.0.0.1 - - [03/Jun/2026 20:33:39] "GET /api/camera/snapshot?t=1780507999994 HTTP/1.1" 200 -
[2026-06-03 20:33:39] werkzeug [INFO] [_log:97] 127.0.0.1 - - [03/Jun/2026 20:33:39] "GET /api/camera/snapshot?t=1780508000144 HTTP/1.1" 200 -
[2026-06-03 20:33:40] werkzeug [INFO] [_log:97] 127.0.0.1 - - [03/Jun/2026 20:33:40] "GET /api/camera/snapshot?t=1780508003294 HTTP/1.1" 200 -
[2026-06-03 20:33:40] werkzeug [INFO] [_log:97] 127.0.0.1 - - [03/Jun/2026 20:33:40] "GET /api/camera/snapshot?t=1780508001794 HTTP/1.1" 200 -
[2026-06-03 20:33:40] werkzeug [INFO] [_log:97] 127.0.0.1 - - [03/Jun/2026 20:33:40] "GET /api/camera/snapshot?t=1780508002844 HTTP/1.1" 200 -
[2026-06-03 20:33:40] werkzeug [INFO] [_log:97] 127.0.0.1 - - [03/Jun/2026 20:33:40] "GET /api/camera/snapshot?t=1780508002244 HTTP/1.1" 200 -
[2026-06-03 20:33:40] werkzeug [INFO] [_log:97] 127.0.0.1 - - [03/Jun/2026 20:33:40] "GET /api/camera/snapshot?t=1780508005694 HTTP/1.1" 200 -
[2026-06-03 20:33:40] werkzeug [INFO] [_log:97] 127.0.0.1 - - [03/Jun/2026 20:33:40] "GET /api/camera/snapshot?t=1780508006294 HTTP/1.1" 200 -
[2026-06-03 20:33:40] werkzeug [INFO] [_log:97] 127.0.0.1 - - [03/Jun/2026 20:33:40] "GET /api/camera/snapshot?t=1780508006894 HTTP/1.1" 200 -
[2026-06-03 20:33:40] werkzeug [INFO] [_log:97] 127.0.0.1 - - [03/Jun/2026 20:33:40] "GET /api/camera/snapshot?t=1780508007494 HTTP/1.1" 200 -
[2026-06-03 20:33:40] werkzeug [INFO] [_log:97] 127.0.0.1 - - [03/Jun/2026 20:33:40] "GET /api/camera/snapshot?t=1780508004494 HTTP/1.1" 200 -
[2026-06-03 20:33:40] werkzeug [INFO] [_log:97] 127.0.0.1 - - [03/Jun/2026 20:33:40] "GET /api/camera/snapshot?t=1780508005094 HTTP/1.1" 200 -
[2026-06-03 20:33:40] werkzeug [INFO] [_log:97] 127.0.0.1 - - [03/Jun/2026 20:33:40] "GET /api/camera/snapshot?t=1780508008094 HTTP/1.1" 200 -
[2026-06-03 20:33:40] werkzeug [INFO] [_log:97] 127.0.0.1 - - [03/Jun/2026 20:33:40] "GET /api/camera/snapshot?t=1780508008244 HTTP/1.1" 200 -
[2026-06-03 20:33:40] werkzeug [INFO] [_log:97] 127.0.0.1 - - [03/Jun/2026 20:33:40] "GET /api/camera/snapshot?t=1780508007944 HTTP/1.1" 200 -
[2026-06-03 20:33:40] werkzeug [INFO] [_log:97] 127.0.0.1 - - [03/Jun/2026 20:33:40] "GET /api/camera/snapshot?t=1780508008544 HTTP/1.1" 200 -
[2026-06-03 20:33:40] werkzeug [INFO] [_log:97] 127.0.0.1 - - [03/Jun/2026 20:33:40] "GET /api/camera/snapshot?t=1780508008844 HTTP/1.1" 200 -
[2026-06-03 20:33:40] werkzeug [INFO] [_log:97] 127.0.0.1 - - [03/Jun/2026 20:33:40] "GET /api/camera/snapshot?t=1780508008694 HTTP/1.1" 200 -
[2026-06-03 20:33:40] werkzeug [INFO] [_log:97] 127.0.0.1 - - [03/Jun/2026 20:33:40] "GET /api/camera/snapshot?t=1780508003894 HTTP/1.1" 200 -
[2026-06-03 20:33:40] werkzeug [INFO] [_log:97] 127.0.0.1 - - [03/Jun/2026 20:33:40] "GET /api/camera/snapshot?t=1780508009144 HTTP/1.1" 200 -
[2026-06-03 20:33:41] werkzeug [INFO] [_log:97] 127.0.0.1 - - [03/Jun/2026 20:33:41] "GET /api/camera/snapshot?t=1780508008994 HTTP/1.1" 200 -
[2026-06-03 20:33:41] werkzeug [INFO] [_log:97] 127.0.0.1 - - [03/Jun/2026 20:33:41] "GET /api/camera/snapshot?t=1780508008394 HTTP/1.1" 200 -
[2026-06-03 20:33:42] werkzeug [INFO] [_log:97] 127.0.0.1 - - [03/Jun/2026 20:33:42] "GET /api/camera/snapshot?t=1780508009294 HTTP/1.1" 200 -
[2026-06-03 20:33:42] werkzeug [INFO] [_log:97] 127.0.0.1 - - [03/Jun/2026 20:33:42] "GET /api/camera/snapshot?t=1780508009444 HTTP/1.1" 200 -
[2026-06-03 20:33:42] werkzeug [INFO] [_log:97] 127.0.0.1 - - [03/Jun/2026 20:33:42] "GET /api/camera/snapshot?t=1780508007794 HTTP/1.1" 200 -
[2026-06-03 20:33:42] werkzeug [INFO] [_log:97] 127.0.0.1 - - [03/Jun/2026 20:33:42] "GET /api/camera/snapshot?t=1780508007644 HTTP/1.1" 200 -
[2026-06-03 20:33:52] werkzeug [INFO] [_log:97] 127.0.0.1 - - [03/Jun/2026 20:33:52] "GET /api/camera/snapshot?t=1780508009594 HTTP/1.1" 200 -
[2026-06-03 20:33:53] werkzeug [INFO] [_log:97] 127.0.0.1 - - [03/Jun/2026 20:33:53] "GET /api/camera/snapshot?t=1780508009744 HTTP/1.1" 200 -
[2026-06-03 20:33:55] werkzeug [INFO] [_log:97] 127.0.0.1 - - [03/Jun/2026 20:33:55] "GET /api/camera/snapshot?t=1780508009894 HTTP/1.1" 200 -
[2026-06-03 20:33:55] sense.sensor_fuser [INFO] [_sensor_loop:145] Sensor heat_grid: threshold_crossed | value=[[26.75, 26.25, 25.25, 24.75, 25.25, 24.5, 25.5, 26.25], [29.25, 30.5, 28.25, 27.75, 26.5, 26.5, 26.25, 26.75], [28.0, 29.25, 27.5, 25.75, 24.75, 26.25, 27.25, 27.0], [28.0, 25.25, 23.75, 22.25, 22.75, 24.25, 25.25, 26.5], [24.75, 23.75, 22.25, 22.25, 21.75, 22.0, 22.25, 25.5], [23.25, 22.75, 21.75, 22.0, 22.0, 21.5, 21.5, 22.25], [22.75, 22.75, 22.0, 21.75, 22.0, 21.75, 21.75, 24.5], [23.25, 22.75, 22.5, 21.25, 22.0, 22.0, 22.25, 26.5]] | threshold=30.0
[2026-06-03 20:33:55] sense.sensor_fuser [INFO] [_push_snapshot:194] SensorSnapshot: pushed to sense_queue | timestamp=2026-06-03T20:33:55.099691 | triggered_sensors=['heat_grid']
[2026-06-03 20:33:56] sense.sensor_fuser [INFO] [_sensor_loop:145] Sensor heat_grid: threshold_crossed | value=[[26.25, 26.5, 25.5, 25.25, 25.5, 25.25, 26.0, 26.5], [29.25, 30.5, 29.25, 28.0, 27.0, 26.75, 26.75, 27.0], [28.25, 29.75, 27.75, 26.0, 24.75, 26.5, 27.5, 27.25], [28.0, 25.25, 24.0, 22.75, 23.0, 24.25, 25.5, 26.75], [25.5, 23.75, 22.25, 22.25, 22.5, 22.25, 22.5, 26.25], [23.0, 23.0, 22.25, 22.5, 22.5, 22.5, 21.5, 24.25], [22.5, 22.5, 22.0, 21.75, 22.5, 22.0, 22.0, 27.0], [22.5, 22.75, 22.75, 21.75, 21.75, 22.25, 22.5, 27.5]] | threshold=30.0
[2026-06-03 20:33:56] sense.sensor_fuser [INFO] [_push_snapshot:194] SensorSnapshot: pushed to sense_queue | timestamp=2026-06-03T20:33:56.137998 | triggered_sensors=['heat_grid']
[2026-06-03 20:33:57] sense.sensor_fuser [INFO] [_sensor_loop:145] Sensor heat_grid: threshold_crossed | value=[[25.0, 24.75, 24.25, 24.25, 26.25, 26.0, 27.0, 26.75], [26.75, 28.5, 26.75, 26.75, 27.0, 26.5, 27.0, 26.0], [28.5, 30.0, 28.0, 27.0, 25.25, 25.75, 26.75, 27.25], [28.0, 25.5, 24.0, 23.25, 23.0, 26.0, 27.0, 27.25], [24.75, 23.75, 22.5, 22.25, 22.5, 26.0, 25.25, 27.75], [23.25, 23.0, 22.25, 22.0, 22.75, 26.25, 28.5, 30.0], [22.75, 22.75, 22.25, 22.0, 22.5, 23.25, 26.0, 29.5], [22.5, 23.0, 22.5, 22.0, 22.25, 22.75, 25.25, 28.5]] | threshold=30.0
[2026-06-03 20:33:57] sense.sensor_fuser [INFO] [_push_snapshot:194] SensorSnapshot: pushed to sense_queue | timestamp=2026-06-03T20:33:57.173620 | triggered_sensors=['heat_grid']
[2026-06-03 20:33:58] sense.sensor_fuser [INFO] [_sensor_loop:145] Sensor heat_grid: threshold_crossed | value=[[25.25, 24.75, 24.5, 25.0, 26.25, 26.75, 27.0, 26.75], [26.5, 28.5, 27.0, 27.25, 26.75, 27.0, 27.25, 27.0], [28.25, 29.75, 28.5, 27.5, 25.25, 25.75, 27.0, 27.75], [28.25, 25.5, 24.0, 22.75, 23.5, 26.0, 27.25, 27.25], [25.0, 24.0, 22.75, 22.0, 22.75, 25.25, 25.75, 27.5], [24.0, 22.75, 22.75, 22.5, 22.75, 24.5, 28.0, 30.0], [22.75, 23.0, 22.25, 22.25, 22.5, 23.25, 24.5, 29.25], [22.75, 23.5, 23.0, 21.75, 22.5, 23.25, 25.25, 29.75]] | threshold=30.0
[2026-06-03 20:33:58] sense.sensor_fuser [INFO] [_push_snapshot:194] SensorSnapshot: pushed to sense_queue | timestamp=2026-06-03T20:33:58.209619 | triggered_sensors=['heat_grid']
[2026-06-03 20:33:59] werkzeug [INFO] [_log:97] 127.0.0.1 - - [03/Jun/2026 20:33:59] "GET /api/camera/snapshot?t=1780508010044 HTTP/1.1" 200 -
[2026-06-03 20:33:59] sense.sensor_fuser [INFO] [_sensor_loop:145] Sensor heat_grid: threshold_crossed | value=[[25.0, 24.75, 24.5, 24.75, 26.75, 27.25, 27.75, 27.5], [27.0, 28.0, 27.0, 27.25, 27.0, 27.0, 27.5, 27.25], [28.5, 30.25, 28.75, 27.5, 25.75, 26.5, 27.25, 28.0], [28.5, 25.75, 24.25, 23.5, 23.5, 26.0, 27.25, 27.5], [25.5, 24.5, 22.75, 23.0, 23.25, 25.75, 26.25, 28.0], [23.5, 23.0, 22.75, 22.75, 23.25, 24.75, 28.5, 30.25], [23.0, 23.5, 23.5, 23.25, 22.25, 23.5, 25.0, 29.5], [23.0, 23.75, 23.0, 22.0, 22.5, 23.25, 24.75, 29.75]] | threshold=30.0
[2026-06-03 20:33:59] sense.sensor_fuser [INFO] [_push_snapshot:194] SensorSnapshot: pushed to sense_queue | timestamp=2026-06-03T20:33:59.246633 | triggered_sensors=['heat_grid']
[2026-06-03 20:33:59] werkzeug [INFO] [_log:97] 127.0.0.1 - - [03/Jun/2026 20:33:59] "GET /api/camera/snapshot?t=1780508010194 HTTP/1.1" 200 -
[2026-06-03 20:33:59] werkzeug [INFO] [_log:97] 127.0.0.1 - - [03/Jun/2026 20:33:59] "GET /api/camera/snapshot?t=1780508010344 HTTP/1.1" 200 -
[2026-06-03 20:34:00] sense.sensor_fuser [INFO] [_sensor_loop:145] Sensor heat_grid: threshold_crossed | value=[[25.5, 25.75, 24.75, 24.5, 27.0, 27.25, 27.25, 27.0], [26.75, 28.25, 26.75, 26.75, 27.25, 26.75, 27.25, 27.0], [28.5, 30.25, 28.25, 27.75, 25.5, 26.25, 26.75, 27.75], [28.5, 25.5, 24.25, 22.75, 23.5, 26.0, 27.5, 28.0], [25.0, 24.0, 22.5, 22.5, 23.0, 25.0, 26.25, 28.0], [23.75, 23.25, 22.25, 22.75, 22.75, 24.5, 28.5, 30.5], [23.5, 23.5, 22.75, 22.5, 23.25, 23.5, 24.5, 29.75], [22.75, 23.75, 23.25, 22.5, 22.5, 22.75, 24.75, 28.75]] | threshold=30.0
[2026-06-03 20:34:00] sense.sensor_fuser [INFO] [_push_snapshot:194] SensorSnapshot: pushed to sense_queue | timestamp=2026-06-03T20:34:00.282950 | triggered_sensors=['heat_grid']
[2026-06-03 20:34:01] sense.sensor_fuser [INFO] [_sensor_loop:145] Sensor heat_grid: threshold_crossed | value=[[24.75, 24.75, 24.5, 24.75, 26.5, 26.5, 27.75, 27.75], [26.75, 28.75, 27.0, 26.75, 26.75, 26.75, 27.5, 27.25], [28.25, 30.25, 28.5, 27.25, 25.5, 25.75, 27.75, 28.0], [28.5, 25.75, 24.25, 23.5, 23.5, 26.0, 27.25, 27.5], [25.0, 24.0, 23.0, 22.75, 22.75, 25.25, 26.25, 28.0], [24.0, 23.25, 22.75, 22.5, 23.0, 24.0, 28.75, 30.25], [23.5, 23.5, 22.75, 22.5, 22.5, 23.5, 24.75, 29.0], [23.0, 23.5, 23.25, 22.0, 22.75, 23.0, 24.75, 28.75]] | threshold=30.0
[2026-06-03 20:34:01] sense.sensor_fuser [INFO] [_push_snapshot:194] SensorSnapshot: pushed to sense_queue | timestamp=2026-06-03T20:34:01.320282 | triggered_sensors=['heat_grid']
[2026-06-03 20:34:02] sense.sensor_fuser [INFO] [_sensor_loop:145] Sensor heat_grid: threshold_crossed | value=[[25.0, 25.25, 24.25, 24.5, 26.25, 27.0, 27.5, 27.0], [26.75, 28.25, 26.5, 27.25, 26.5, 26.75, 27.5, 27.25], [28.5, 29.5, 28.0, 27.0, 25.25, 26.25, 27.0, 27.75], [28.25, 25.0, 24.25, 23.5, 23.25, 26.25, 27.25, 27.75], [25.5, 24.25, 22.75, 22.5, 22.5, 25.0, 26.0, 28.0], [24.0, 23.75, 22.25, 22.25, 23.0, 23.75, 28.75, 31.0], [23.25, 23.0, 22.5, 22.75, 22.5, 23.25, 24.75, 29.25], [23.0, 23.75, 23.5, 22.25, 22.25, 23.0, 25.25, 29.5]] | threshold=30.0
[2026-06-03 20:34:02] sense.sensor_fuser [INFO] [_push_snapshot:194] SensorSnapshot: pushed to sense_queue | timestamp=2026-06-03T20:34:02.357634 | triggered_sensors=['heat_grid']
[2026-06-03 20:34:03] sense.sensor_fuser [INFO] [_sensor_loop:145] Sensor heat_grid: threshold_crossed | value=[[25.75, 24.75, 24.5, 24.5, 26.75, 27.0, 27.5, 27.25], [26.75, 28.5, 27.25, 27.25, 26.5, 27.0, 28.0, 27.5], [28.5, 30.0, 28.5, 27.5, 25.75, 26.5, 27.25, 28.25], [29.0, 26.0, 24.75, 23.25, 23.75, 26.0, 27.0, 27.75], [25.5, 24.0, 22.75, 22.75, 23.25, 25.25, 27.0, 27.75], [24.25, 23.5, 22.75, 23.0, 22.75, 24.0, 28.5, 31.0], [23.5, 23.25, 22.75, 23.0, 23.0, 23.25, 25.0, 29.5], [23.5, 23.75, 23.5, 22.75, 22.75, 23.5, 25.75, 29.5]] | threshold=30.0
[2026-06-03 20:34:03] sense.sensor_fuser [INFO] [_push_snapshot:194] SensorSnapshot: pushed to sense_queue | timestamp=2026-06-03T20:34:03.394593 | triggered_sensors=['heat_grid']
[2026-06-03 20:34:04] sense.sensor_fuser [INFO] [_sensor_loop:145] Sensor heat_grid: threshold_crossed | value=[[26.0, 25.5, 25.0, 25.5, 27.5, 27.5, 28.0, 27.75], [27.25, 29.25, 27.5, 27.75, 27.75, 27.75, 28.25, 28.0], [29.0, 31.0, 29.0, 28.0, 26.25, 27.0, 27.75, 28.5], [29.0, 26.0, 25.0, 23.75, 24.5, 26.5, 28.0, 28.5], [26.0, 25.0, 23.5, 23.75, 23.5, 26.0, 27.25, 28.5], [25.0, 24.0, 23.5, 23.25, 23.75, 25.25, 29.75, 31.25], [23.75, 24.0, 23.75, 23.0, 23.5, 23.5, 25.25, 29.75], [24.0, 24.0, 24.0, 23.25, 23.0, 23.75, 25.75, 29.5]] | threshold=30.0
[2026-06-03 20:34:04] sense.sensor_fuser [INFO] [_push_snapshot:194] SensorSnapshot: pushed to sense_queue | timestamp=2026-06-03T20:34:04.431335 | triggered_sensors=['heat_grid']
[2026-06-03 20:34:05] werkzeug [INFO] [_log:97] 127.0.0.1 - - [03/Jun/2026 20:34:05] "GET /api/camera/snapshot?t=1780508010494 HTTP/1.1" 200 -
[2026-06-03 20:34:05] sense.sensor_fuser [INFO] [_sensor_loop:145] Sensor heat_grid: threshold_crossed | value=[[26.5, 26.0, 25.5, 25.75, 27.25, 28.25, 28.5, 28.5], [27.5, 29.25, 27.5, 28.0, 27.5, 27.75, 28.0, 28.75], [29.25, 30.75, 29.5, 28.25, 26.5, 27.25, 28.25, 28.5], [29.25, 26.25, 25.5, 23.75, 24.5, 27.0, 27.75, 28.75], [26.0, 25.0, 23.75, 23.25, 24.0, 26.5, 28.0, 28.5], [24.5, 24.0, 23.5, 23.75, 23.75, 25.25, 29.25, 31.5], [24.25, 24.0, 23.75, 23.5, 24.0, 24.25, 25.25, 30.25], [23.25, 24.0, 23.75, 23.0, 23.5, 23.25, 26.0, 30.0]] | threshold=30.0
[2026-06-03 20:34:05] sense.sensor_fuser [INFO] [_push_snapshot:194] SensorSnapshot: pushed to sense_queue | timestamp=2026-06-03T20:34:05.466869 | triggered_sensors=['heat_grid']
[2026-06-03 20:34:06] sense.sensor_fuser [INFO] [_sensor_loop:145] Sensor heat_grid: threshold_crossed | value=[[26.0, 25.75, 25.75, 25.5, 27.25, 28.0, 28.5, 28.5], [27.5, 29.75, 28.25, 28.25, 28.5, 28.0, 28.25, 28.25], [29.25, 31.25, 29.5, 28.5, 27.0, 27.5, 28.25, 28.75], [29.5, 27.0, 25.25, 24.5, 24.5, 27.25, 28.5, 28.75], [26.25, 25.0, 24.25, 23.5, 24.0, 26.5, 27.5, 29.0], [25.0, 24.0, 23.5, 24.0, 24.0, 25.25, 29.5, 31.75], [24.25, 24.25, 23.75, 24.0, 24.0, 24.75, 25.75, 30.75], [24.0, 23.75, 24.0, 23.75, 23.75, 24.25, 25.75, 30.5]] | threshold=30.0
[2026-06-03 20:34:06] sense.sensor_fuser [INFO] [_push_snapshot:194] SensorSnapshot: pushed to sense_queue | timestamp=2026-06-03T20:34:06.502280 | triggered_sensors=['heat_grid']
[2026-06-03 20:34:07] sense.sensor_fuser [INFO] [_sensor_loop:145] Sensor heat_grid: threshold_crossed | value=[[26.0, 25.75, 25.5, 25.25, 27.75, 28.5, 28.5, 27.75], [27.5, 29.25, 27.5, 28.0, 28.0, 28.0, 28.25, 28.0], [29.25, 31.25, 29.25, 28.0, 26.25, 27.0, 28.0, 29.0], [29.5, 26.75, 25.0, 24.25, 24.75, 27.0, 28.0, 29.0], [26.25, 25.5, 24.0, 24.0, 23.75, 26.25, 27.25, 28.75], [24.25, 24.25, 23.5, 23.75, 23.75, 25.0, 29.75, 31.75], [24.25, 24.5, 23.75, 23.5, 23.25, 24.25, 26.0, 30.5], [23.75, 24.25, 23.75, 23.5, 23.5, 24.25, 26.5, 30.0]] | threshold=30.0
[2026-06-03 20:34:07] sense.sensor_fuser [INFO] [_push_snapshot:194] SensorSnapshot: pushed to sense_queue | timestamp=2026-06-03T20:34:07.538814 | triggered_sensors=['heat_grid']
[2026-06-03 20:34:08] sense.sensor_fuser [INFO] [_sensor_loop:145] Sensor heat_grid: threshold_crossed | value=[[26.0, 26.0, 25.5, 25.5, 27.75, 28.25, 28.75, 28.0], [27.5, 29.5, 28.25, 28.25, 28.25, 28.0, 28.75, 28.5], [29.5, 31.0, 29.25, 28.5, 26.5, 27.5, 28.25, 28.75], [29.25, 26.5, 25.5, 24.0, 24.75, 27.25, 28.25, 28.5], [26.5, 25.25, 24.0, 23.5, 24.0, 28.25, 26.25, 28.5], [25.0, 24.25, 23.5, 23.75, 24.0, 27.5, 30.5, 30.25], [24.0, 24.25, 23.75, 23.5, 23.75, 24.0, 25.25, 30.75], [23.75, 24.0, 24.25, 23.0, 23.5, 24.0, 24.25, 29.5]] | threshold=30.0
[2026-06-03 20:34:08] sense.sensor_fuser [INFO] [_push_snapshot:194] SensorSnapshot: pushed to sense_queue | timestamp=2026-06-03T20:34:08.575136 | triggered_sensors=['heat_grid']
[2026-06-03 20:34:09] sense.sensor_fuser [INFO] [_sensor_loop:145] Sensor heat_grid: threshold_crossed | value=[[26.25, 26.0, 25.5, 25.75, 27.5, 28.25, 28.25, 28.5], [27.75, 29.5, 28.5, 28.5, 28.25, 28.0, 28.75, 28.5], [29.25, 31.25, 29.25, 28.5, 27.0, 27.75, 28.25, 28.5], [29.25, 26.5, 25.5, 24.5, 25.25, 28.0, 28.0, 29.5], [26.0, 25.5, 23.75, 24.0, 24.5, 28.75, 25.75, 28.75], [24.25, 24.0, 24.0, 23.75, 24.75, 29.75, 30.25, 29.0], [24.25, 24.25, 24.0, 23.5, 24.0, 26.5, 27.0, 30.5], [24.25, 25.0, 24.25, 23.25, 24.0, 24.5, 24.75, 29.25]] | threshold=30.0
[2026-06-03 20:34:09] sense.sensor_fuser [INFO] [_push_snapshot:194] SensorSnapshot: pushed to sense_queue | timestamp=2026-06-03T20:34:09.611069 | triggered_sensors=['heat_grid']
[2026-06-03 20:34:10] sense.sensor_fuser [INFO] [_sensor_loop:145] Sensor heat_grid: threshold_crossed | value=[[26.5, 26.25, 25.25, 25.5, 27.0, 28.25, 28.0, 28.0], [27.5, 29.5, 27.75, 28.25, 28.0, 28.0, 28.25, 28.25], [29.0, 31.0, 29.5, 28.5, 26.25, 27.75, 28.25, 28.75], [29.25, 26.5, 25.25, 24.25, 24.5, 27.25, 28.75, 29.0], [26.25, 25.0, 24.25, 23.75, 24.25, 27.25, 27.5, 28.5], [24.75, 24.0, 24.0, 24.0, 23.75, 26.0, 30.25, 30.75], [24.25, 24.25, 23.75, 23.5, 24.0, 24.5, 27.75, 30.75], [23.75, 24.5, 24.0, 23.0, 23.75, 24.25, 24.75, 29.5]] | threshold=30.0
[2026-06-03 20:34:10] sense.sensor_fuser [INFO] [_push_snapshot:194] SensorSnapshot: pushed to sense_queue | timestamp=2026-06-03T20:34:10.647478 | triggered_sensors=['heat_grid']
[2026-06-03 20:34:11] sense.sensor_fuser [INFO] [_sensor_loop:145] Sensor heat_grid: threshold_crossed | value=[[26.0, 26.25, 25.5, 25.75, 27.0, 28.25, 28.25, 28.25], [27.25, 29.0, 28.0, 28.25, 28.25, 28.0, 28.25, 28.5], [29.5, 31.25, 29.75, 28.5, 26.5, 27.25, 28.0, 28.75], [29.25, 27.0, 25.25, 23.75, 24.5, 26.5, 28.25, 28.5], [26.0, 25.25, 24.0, 24.0, 24.0, 25.25, 29.5, 29.5], [24.75, 24.0, 23.5, 23.75, 23.75, 23.5, 28.5, 31.0], [24.25, 23.75, 23.5, 23.25, 24.0, 24.75, 27.25, 30.75], [24.25, 24.25, 24.0, 23.0, 23.75, 23.5, 25.25, 30.0]] | threshold=30.0
[2026-06-03 20:34:11] sense.sensor_fuser [INFO] [_push_snapshot:194] SensorSnapshot: pushed to sense_queue | timestamp=2026-06-03T20:34:11.683406 | triggered_sensors=['heat_grid']
[2026-06-03 20:34:12] sense.sensor_fuser [INFO] [_sensor_loop:145] Sensor heat_grid: threshold_crossed | value=[[26.0, 26.5, 25.5, 26.0, 27.5, 28.25, 28.75, 28.75], [27.75, 29.5, 27.75, 28.0, 27.75, 28.25, 28.75, 30.5], [29.25, 31.25, 29.5, 28.25, 26.75, 26.75, 28.0, 29.25], [29.75, 26.75, 25.25, 24.25, 24.75, 26.0, 27.25, 28.5], [26.5, 25.25, 24.0, 23.75, 24.25, 24.5, 24.0, 28.0], [24.5, 24.5, 23.75, 23.75, 23.5, 23.75, 23.25, 26.75], [24.0, 24.75, 23.75, 23.75, 23.75, 24.0, 24.0, 29.5], [24.5, 24.75, 24.25, 23.25, 24.0, 24.0, 24.25, 29.0]] | threshold=30.0
[2026-06-03 20:34:12] sense.sensor_fuser [INFO] [_push_snapshot:194] SensorSnapshot: pushed to sense_queue | timestamp=2026-06-03T20:34:12.719119 | triggered_sensors=['heat_grid']
[2026-06-03 20:34:13] sense.sensor_fuser [INFO] [_sensor_loop:145] Sensor heat_grid: threshold_crossed | value=[[26.5, 26.25, 25.5, 26.0, 27.75, 28.5, 29.5, 31.5], [27.5, 29.5, 28.25, 28.5, 28.25, 28.0, 30.0, 30.75], [29.5, 31.5, 29.5, 28.75, 26.5, 27.5, 28.5, 29.25], [30.0, 27.25, 25.5, 24.75, 25.0, 26.5, 26.75, 28.75], [26.5, 25.25, 24.5, 23.75, 24.25, 24.75, 24.75, 28.25], [25.25, 24.5, 24.0, 24.25, 24.0, 24.0, 23.25, 27.25], [24.5, 24.25, 24.25, 23.75, 23.5, 24.25, 24.25, 29.25], [24.0, 25.25, 24.5, 23.25, 24.25, 24.25, 24.5, 29.5]] | threshold=30.0
[2026-06-03 20:34:13] sense.sensor_fuser [INFO] [_push_snapshot:194] SensorSnapshot: pushed to sense_queue | timestamp=2026-06-03T20:34:13.754682 | triggered_sensors=['heat_grid']
[2026-06-03 20:34:14] sense.sensor_fuser [INFO] [_sensor_loop:145] Sensor heat_grid: threshold_crossed | value=[[26.25, 26.0, 25.5, 26.0, 26.75, 28.0, 29.25, 29.5], [27.75, 29.75, 28.5, 27.5, 28.5, 28.25, 29.25, 30.0], [29.5, 31.75, 30.0, 30.5, 29.75, 27.5, 28.5, 30.0], [30.0, 27.0, 26.25, 27.5, 27.25, 27.0, 27.25, 28.5], [26.5, 25.75, 24.5, 24.25, 24.75, 24.75, 24.5, 27.75], [25.0, 25.0, 24.5, 24.0, 24.5, 24.25, 24.25, 25.0], [24.5, 24.5, 24.25, 24.0, 23.75, 24.0, 24.25, 28.0], [24.0, 25.0, 24.75, 23.5, 24.0, 24.25, 24.25, 28.75]] | threshold=30.0
[2026-06-03 20:34:14] sense.sensor_fuser [INFO] [_push_snapshot:194] SensorSnapshot: pushed to sense_queue | timestamp=2026-06-03T20:34:14.790445 | triggered_sensors=['heat_grid']
[2026-06-03 20:34:15] sense.sensor_fuser [INFO] [_sensor_loop:145] Sensor heat_grid: threshold_crossed | value=[[28.75, 27.75, 27.25, 26.75, 27.25, 27.5, 28.0, 28.5], [31.75, 32.25, 31.0, 30.25, 29.5, 29.0, 28.75, 29.25], [30.5, 31.5, 29.75, 28.25, 27.0, 28.25, 29.5, 29.25], [29.75, 27.25, 26.5, 24.25, 25.0, 26.75, 26.75, 28.75], [27.0, 25.25, 24.25, 24.0, 24.25, 24.75, 24.25, 27.0], [24.75, 24.5, 24.25, 24.0, 24.0, 23.75, 23.5, 23.5], [24.25, 24.5, 23.75, 24.0, 24.0, 24.5, 24.0, 23.5], [24.75, 25.5, 24.5, 23.25, 23.5, 24.0, 24.0, 25.0]] | threshold=30.0
[2026-06-03 20:34:15] sense.sensor_fuser [INFO] [_push_snapshot:194] SensorSnapshot: pushed to sense_queue | timestamp=2026-06-03T20:34:15.826033 | triggered_sensors=['heat_grid']
[2026-06-03 20:34:16] sense.sensor_fuser [INFO] [_sensor_loop:145] Sensor heat_grid: threshold_crossed | value=[[30.25, 29.5, 27.5, 27.0, 27.5, 27.0, 27.5, 28.5], [31.0, 32.0, 30.5, 29.5, 29.0, 28.5, 28.5, 28.25], [29.5, 31.0, 29.25, 28.0, 26.25, 28.0, 29.25, 28.5], [29.25, 27.25, 25.25, 24.0, 24.5, 26.0, 26.5, 28.0], [26.5, 25.25, 24.0, 24.0, 23.75, 24.25, 24.25, 27.0], [25.0, 24.5, 23.75, 24.0, 24.0, 23.75, 23.5, 23.75], [24.25, 24.25, 24.0, 23.5, 24.0, 23.75, 23.25, 24.5], [24.0, 25.0, 24.75, 23.5, 22.75, 23.5, 23.5, 26.25]] | threshold=30.0
[2026-06-03 20:34:16] sense.sensor_fuser [INFO] [_push_snapshot:194] SensorSnapshot: pushed to sense_queue | timestamp=2026-06-03T20:34:16.864375 | triggered_sensors=['heat_grid']
[2026-06-03 20:34:17] sense.sensor_fuser [INFO] [_sensor_loop:145] Sensor heat_grid: threshold_crossed | value=[[30.0, 29.25, 27.75, 26.75, 27.0, 27.0, 27.5, 28.0], [30.75, 31.75, 29.5, 28.75, 28.75, 28.25, 28.0, 28.5], [29.5, 31.25, 29.0, 27.5, 26.0, 27.25, 29.25, 28.75], [29.75, 27.0, 25.25, 24.0, 24.5, 25.75, 26.25, 28.0], [26.5, 24.75, 23.75, 23.5, 23.75, 24.25, 24.0, 26.25], [24.5, 24.25, 24.0, 23.75, 23.25, 23.5, 23.25, 23.25], [24.25, 24.25, 24.0, 23.25, 23.5, 23.5, 23.0, 24.75], [23.75, 24.75, 24.0, 23.0, 23.25, 23.75, 23.25, 26.5]] | threshold=30.0
[2026-06-03 20:34:17] sense.sensor_fuser [INFO] [_push_snapshot:194] SensorSnapshot: pushed to sense_queue | timestamp=2026-06-03T20:34:17.903294 | triggered_sensors=['heat_grid']
[2026-06-03 20:34:18] sense.sensor_fuser [INFO] [_sensor_loop:145] Sensor heat_grid: threshold_crossed | value=[[30.25, 29.5, 27.25, 26.75, 26.75, 26.75, 27.5, 28.5], [30.5, 31.75, 30.0, 29.5, 29.0, 29.0, 28.25, 28.25], [29.5, 31.0, 29.25, 27.75, 26.25, 28.0, 29.25, 28.75], [29.0, 26.75, 25.75, 23.75, 24.25, 26.0, 26.25, 28.5], [26.25, 25.25, 23.5, 23.75, 24.0, 23.75, 24.0, 26.75], [25.0, 24.5, 24.0, 24.0, 23.5, 24.0, 23.25, 23.75], [24.25, 24.0, 24.0, 23.25, 23.5, 23.75, 23.25, 24.75], [24.0, 25.0, 23.75, 23.25, 23.25, 23.25, 23.75, 27.0]] | threshold=30.0
[2026-06-03 20:34:18] sense.sensor_fuser [INFO] [_push_snapshot:194] SensorSnapshot: pushed to sense_queue | timestamp=2026-06-03T20:34:18.940275 | triggered_sensors=['heat_grid']
[2026-06-03 20:34:19] sense.sensor_fuser [INFO] [_sensor_loop:145] Sensor heat_grid: threshold_crossed | value=[[30.75, 30.0, 27.75, 27.25, 27.75, 27.0, 27.5, 28.25], [30.5, 31.5, 30.25, 29.25, 28.75, 29.0, 28.5, 28.5], [29.75, 31.25, 29.5, 27.75, 26.25, 28.0, 29.5, 29.0], [29.5, 26.25, 25.5, 24.25, 24.5, 26.25, 26.5, 28.25], [26.75, 25.25, 24.0, 24.0, 23.75, 24.25, 24.0, 27.25], [24.5, 24.5, 23.75, 23.5, 23.75, 23.75, 23.25, 23.75], [23.75, 24.5, 24.0, 23.75, 23.75, 23.75, 23.5, 25.25], [24.25, 25.0, 24.25, 23.75, 23.25, 24.0, 24.0, 26.5]] | threshold=30.0
[2026-06-03 20:34:19] sense.sensor_fuser [INFO] [_push_snapshot:194] SensorSnapshot: pushed to sense_queue | timestamp=2026-06-03T20:34:19.977333 | triggered_sensors=['heat_grid']
[2026-06-03 20:34:21] sense.sensor_fuser [INFO] [_sensor_loop:145] Sensor heat_grid: threshold_crossed | value=[[30.5, 29.75, 28.0, 26.75, 27.5, 27.0, 27.25, 28.25], [30.5, 32.0, 30.25, 29.5, 29.0, 28.75, 29.25, 29.0], [29.75, 31.5, 30.0, 28.0, 26.5, 28.0, 29.25, 28.75], [29.75, 27.25, 25.75, 24.25, 24.75, 26.5, 27.0, 28.25], [27.0, 25.75, 24.0, 24.25, 24.0, 24.75, 24.5, 27.25], [24.75, 24.75, 24.0, 24.0, 24.0, 24.25, 23.25, 24.25], [24.75, 24.75, 24.0, 24.0, 23.75, 24.25, 23.5, 25.75], [24.75, 25.0, 25.0, 23.5, 23.5, 23.75, 23.5, 27.75]] | threshold=30.0
[2026-06-03 20:34:21] sense.sensor_fuser [INFO] [_push_snapshot:194] SensorSnapshot: pushed to sense_queue | timestamp=2026-06-03T20:34:21.111647 | triggered_sensors=['heat_grid']
[2026-06-03 20:34:22] sense.sensor_fuser [INFO] [_sensor_loop:145] Sensor heat_grid: threshold_crossed | value=[[30.5, 28.75, 28.25, 27.75, 28.25, 27.25, 27.25, 28.75], [31.5, 32.5, 30.5, 29.75, 29.0, 29.25, 28.5, 29.0], [29.5, 31.25, 30.0, 28.5, 26.75, 28.0, 29.75, 29.25], [29.5, 27.25, 25.75, 24.5, 25.0, 26.5, 27.0, 28.25], [26.25, 25.25, 24.0, 24.25, 24.5, 24.75, 24.0, 27.0], [25.0, 24.75, 24.25, 24.5, 24.5, 24.25, 23.75, 23.75], [24.5, 24.5, 24.25, 24.25, 24.0, 24.25, 23.25, 25.5], [24.25, 25.0, 24.0, 23.5, 23.75, 24.0, 24.0, 27.5]] | threshold=30.0
[2026-06-03 20:34:22] sense.sensor_fuser [INFO] [_push_snapshot:194] SensorSnapshot: pushed to sense_queue | timestamp=2026-06-03T20:34:22.151353 | triggered_sensors=['heat_grid']
[2026-06-03 20:34:23] sense.sensor_fuser [INFO] [_sensor_loop:145] Sensor heat_grid: threshold_crossed | value=[[30.25, 29.75, 28.25, 27.5, 27.5, 27.75, 28.0, 28.75], [31.5, 32.5, 30.5, 29.75, 29.5, 29.5, 29.0, 29.0], [30.5, 32.0, 30.25, 28.5, 26.75, 28.5, 29.25, 29.25], [30.0, 27.75, 26.0, 24.75, 25.0, 26.75, 26.75, 28.5], [27.0, 25.5, 24.5, 24.25, 24.5, 24.5, 24.5, 27.5], [25.25, 24.75, 24.0, 24.0, 24.25, 24.5, 23.75, 24.25], [24.75, 24.75, 24.25, 24.0, 24.0, 24.5, 23.75, 26.0], [24.0, 25.75, 25.0, 23.5, 24.25, 24.0, 24.0, 27.5]] | threshold=30.0
[2026-06-03 20:34:23] sense.sensor_fuser [INFO] [_push_snapshot:194] SensorSnapshot: pushed to sense_queue | timestamp=2026-06-03T20:34:23.187480 | triggered_sensors=['heat_grid']
[2026-06-03 20:34:23] werkzeug [INFO] [_log:97] 127.0.0.1 - - [03/Jun/2026 20:34:23] "GET /api/camera/snapshot?t=1780508010644 HTTP/1.1" 200 -
[2026-06-03 20:34:24] sense.sensor_fuser [INFO] [_sensor_loop:145] Sensor heat_grid: threshold_crossed | value=[[30.0, 29.5, 28.0, 27.75, 27.5, 27.0, 28.0, 28.75], [31.75, 32.5, 30.5, 29.5, 29.25, 28.5, 29.0, 28.75], [30.5, 31.75, 30.0, 28.5, 27.0, 28.25, 29.5, 28.75], [29.75, 27.5, 25.75, 24.75, 25.0, 26.5, 27.0, 28.25], [27.0, 25.75, 24.5, 24.5, 24.25, 24.75, 24.25, 27.0], [25.0, 24.75, 24.25, 24.25, 24.25, 24.25, 23.75, 24.0], [24.25, 24.75, 24.5, 24.0, 24.0, 24.25, 23.75, 25.5], [24.75, 25.25, 24.5, 23.5, 24.0, 23.75, 24.25, 27.75]] | threshold=30.0
[2026-06-03 20:34:24] sense.sensor_fuser [INFO] [_push_snapshot:194] SensorSnapshot: pushed to sense_queue | timestamp=2026-06-03T20:34:24.223851 | triggered_sensors=['heat_grid']
[2026-06-03 20:34:25] sense.sensor_fuser [INFO] [_sensor_loop:145] Sensor heat_grid: threshold_crossed | value=[[31.0, 30.0, 28.0, 27.5, 27.75, 27.75, 27.75, 28.25], [31.0, 32.0, 30.75, 29.5, 29.25, 29.25, 28.75, 29.25], [30.25, 31.5, 30.25, 28.25, 26.75, 28.25, 29.5, 29.5], [30.25, 27.0, 26.25, 25.0, 25.25, 26.25, 27.0, 28.5], [26.75, 26.0, 24.5, 24.25, 24.75, 24.75, 24.5, 27.75], [24.75, 24.75, 24.5, 24.25, 24.25, 24.25, 23.25, 24.0], [24.75, 24.75, 24.0, 24.0, 24.5, 24.25, 23.75, 25.5], [24.25, 25.75, 24.5, 23.5, 24.0, 23.75, 24.25, 28.0]] | threshold=30.0
[2026-06-03 20:34:25] sense.sensor_fuser [INFO] [_push_snapshot:194] SensorSnapshot: pushed to sense_queue | timestamp=2026-06-03T20:34:25.266289 | triggered_sensors=['heat_grid']
[2026-06-03 20:34:26] sense.sensor_fuser [INFO] [_sensor_loop:145] Sensor heat_grid: threshold_crossed | value=[[30.5, 29.5, 27.75, 28.0, 27.75, 27.0, 28.25, 28.5], [31.25, 32.5, 30.75, 29.75, 29.5, 29.0, 29.0, 29.0], [30.0, 31.5, 29.75, 28.5, 26.5, 28.25, 29.75, 29.5], [30.0, 27.25, 26.0, 24.75, 24.5, 26.75, 27.0, 28.75], [26.75, 25.75, 24.25, 24.25, 24.5, 24.75, 24.0, 27.25], [25.5, 24.75, 24.25, 24.75, 24.5, 24.25, 23.5, 24.25], [24.5, 25.0, 24.25, 24.0, 24.25, 24.25, 23.5, 25.5], [25.0, 25.25, 24.5, 23.75, 23.75, 23.75, 23.75, 27.25]] | threshold=30.0
[2026-06-03 20:34:26] sense.sensor_fuser [INFO] [_push_snapshot:194] SensorSnapshot: pushed to sense_queue | timestamp=2026-06-03T20:34:26.303683 | triggered_sensors=['heat_grid']
[2026-06-03 20:34:26] werkzeug [INFO] [_log:97] 127.0.0.1 - - [03/Jun/2026 20:34:26] "GET /api/camera/snapshot?t=1780508010794 HTTP/1.1" 200 -
[2026-06-03 20:34:27] sense.sensor_fuser [INFO] [_sensor_loop:145] Sensor heat_grid: threshold_crossed | value=[[30.75, 29.75, 28.5, 27.25, 27.75, 27.5, 28.5, 29.25], [32.0, 32.75, 30.25, 29.75, 29.0, 29.25, 29.0, 28.75], [30.5, 31.75, 30.0, 28.5, 26.75, 28.0, 29.25, 29.0], [30.5, 27.25, 26.25, 24.75, 25.0, 27.0, 27.0, 29.25], [27.0, 25.5, 24.75, 24.25, 24.75, 25.0, 24.75, 27.5], [25.0, 24.75, 24.0, 24.25, 24.0, 24.5, 23.75, 24.25], [25.25, 24.5, 24.25, 24.0, 24.25, 24.25, 24.0, 26.0], [24.5, 25.25, 24.75, 23.5, 23.75, 24.0, 23.75, 28.25]] | threshold=30.0
[2026-06-03 20:34:27] sense.sensor_fuser [INFO] [_push_snapshot:194] SensorSnapshot: pushed to sense_queue | timestamp=2026-06-03T20:34:27.342480 | triggered_sensors=['heat_grid']
[2026-06-03 20:34:28] sense.sensor_fuser [INFO] [_sensor_loop:145] Sensor heat_grid: threshold_crossed | value=[[31.25, 29.75, 28.0, 27.5, 27.5, 27.75, 27.5, 28.75], [31.25, 32.25, 30.5, 29.75, 29.0, 29.0, 28.75, 28.75], [30.25, 31.75, 29.75, 28.25, 26.75, 28.0, 29.75, 29.0], [29.75, 27.5, 25.75, 24.5, 25.0, 26.75, 26.75, 28.75], [27.25, 25.5, 24.5, 24.25, 24.5, 24.25, 24.25, 27.5], [25.0, 25.0, 24.0, 24.25, 24.5, 23.75, 23.5, 24.0], [24.5, 24.75, 24.25, 23.5, 24.0, 24.5, 23.25, 25.75], [24.5, 25.5, 24.0, 23.5, 24.0, 24.75, 24.0, 27.75]] | threshold=30.0
[2026-06-03 20:34:28] sense.sensor_fuser [INFO] [_push_snapshot:194] SensorSnapshot: pushed to sense_queue | timestamp=2026-06-03T20:34:28.381367 | triggered_sensors=['heat_grid']
[2026-06-03 20:34:29] sense.sensor_fuser [INFO] [_sensor_loop:145] Sensor heat_grid: threshold_crossed | value=[[31.0, 29.25, 28.0, 27.0, 27.0, 26.5, 27.5, 28.5], [31.25, 32.0, 30.25, 29.25, 29.0, 28.25, 28.5, 28.75], [29.75, 31.5, 30.0, 27.75, 26.25, 28.0, 29.0, 29.25], [29.5, 26.5, 25.25, 24.25, 24.5, 26.0, 26.5, 28.75], [26.5, 25.0, 24.0, 24.25, 24.25, 23.75, 24.25, 27.0], [25.0, 24.75, 23.5, 23.75, 24.5, 23.75, 23.5, 23.25], [24.25, 24.5, 23.75, 23.75, 23.5, 24.0, 23.25, 25.0], [24.0, 25.0, 24.25, 23.5, 23.25, 23.75, 23.5, 27.25]] | threshold=30.0
[2026-06-03 20:34:29] sense.sensor_fuser [INFO] [_push_snapshot:194] SensorSnapshot: pushed to sense_queue | timestamp=2026-06-03T20:34:29.418170 | triggered_sensors=['heat_grid']
[2026-06-03 20:34:30] sense.sensor_fuser [INFO] [_sensor_loop:145] Sensor heat_grid: threshold_crossed | value=[[30.0, 28.75, 28.0, 27.25, 27.25, 27.25, 27.5, 28.5], [31.5, 31.75, 30.75, 29.25, 29.0, 28.5, 28.25, 28.5], [29.5, 31.5, 29.75, 27.5, 26.25, 27.25, 29.0, 28.75], [29.5, 26.75, 25.5, 24.0, 24.25, 26.25, 26.5, 28.25], [26.5, 25.25, 24.0, 24.0, 23.75, 24.25, 24.25, 27.0], [25.0, 24.5, 24.25, 23.75, 24.0, 23.75, 23.5, 24.0], [24.5, 24.25, 23.75, 23.75, 23.5, 24.25, 23.0, 24.5], [24.0, 25.0, 24.5, 23.25, 23.75, 23.5, 23.5, 27.0]] | threshold=30.0
[2026-06-03 20:34:30] sense.sensor_fuser [INFO] [_push_snapshot:194] SensorSnapshot: pushed to sense_queue | timestamp=2026-06-03T20:34:30.453949 | triggered_sensors=['heat_grid']
[2026-06-03 20:34:30] werkzeug [INFO] [_log:97] 127.0.0.1 - - [03/Jun/2026 20:34:30] "GET /api/camera/snapshot?t=1780508010944 HTTP/1.1" 200 -
[2026-06-03 20:34:31] sense.sensor_fuser [INFO] [_sensor_loop:145] Sensor heat_grid: threshold_crossed | value=[[29.75, 28.5, 28.0, 27.5, 27.25, 27.25, 27.25, 28.25], [31.75, 32.5, 30.25, 29.0, 28.5, 28.25, 28.5, 28.5], [30.25, 31.75, 29.25, 28.0, 26.0, 28.0, 29.0, 28.75], [30.0, 26.75, 25.75, 24.5, 24.25, 26.0, 27.0, 28.5], [26.5, 25.25, 24.25, 23.5, 24.25, 24.0, 24.25, 27.0], [25.0, 24.5, 24.0, 24.0, 24.0, 23.5, 23.0, 23.75], [25.0, 24.5, 23.75, 23.5, 24.0, 23.5, 24.0, 24.5], [24.0, 25.0, 24.25, 23.25, 24.25, 23.5, 23.25, 26.5]] | threshold=30.0
[2026-06-03 20:34:31] sense.sensor_fuser [INFO] [_push_snapshot:194] SensorSnapshot: pushed to sense_queue | timestamp=2026-06-03T20:34:31.489595 | triggered_sensors=['heat_grid']
[2026-06-03 20:34:32] sense.sensor_fuser [INFO] [_sensor_loop:145] Sensor heat_grid: threshold_crossed | value=[[30.0, 29.0, 27.75, 26.75, 26.75, 26.75, 27.0, 28.0], [31.0, 31.5, 29.5, 28.75, 28.25, 28.0, 28.0, 28.25], [29.5, 31.25, 29.25, 27.5, 26.0, 27.5, 28.75, 28.0], [29.25, 26.75, 24.75, 23.5, 24.25, 25.75, 26.25, 28.25], [26.5, 25.0, 23.5, 23.75, 24.0, 23.75, 23.75, 26.75], [24.25, 24.25, 24.0, 23.5, 23.25, 23.5, 23.25, 23.0], [24.0, 24.0, 23.25, 23.0, 22.75, 23.5, 22.75, 24.5], [24.0, 24.5, 23.75, 23.0, 23.0, 24.0, 23.5, 26.75]] | threshold=30.0
[2026-06-03 20:34:32] sense.sensor_fuser [INFO] [_push_snapshot:194] SensorSnapshot: pushed to sense_queue | timestamp=2026-06-03T20:34:32.525365 | triggered_sensors=['heat_grid']
[2026-06-03 20:34:33] sense.sensor_fuser [INFO] [_sensor_loop:145] Sensor heat_grid: threshold_crossed | value=[[30.25, 29.25, 27.5, 27.0, 27.0, 26.75, 27.0, 28.0], [30.5, 31.75, 29.5, 28.75, 28.25, 27.75, 27.75, 28.0], [29.25, 31.0, 29.0, 27.25, 26.0, 27.5, 28.0, 28.25], [29.5, 26.5, 25.0, 24.25, 23.75, 25.5, 25.25, 28.0], [25.75, 24.5, 23.25, 23.0, 23.25, 23.75, 23.0, 26.5], [24.0, 24.0, 23.25, 23.0, 23.0, 23.25, 22.5, 22.75], [24.25, 23.75, 23.5, 22.75, 22.75, 23.0, 23.0, 24.0], [23.25, 24.5, 23.75, 22.5, 22.75, 23.0, 23.25, 26.25]] | threshold=30.0
[2026-06-03 20:34:33] sense.sensor_fuser [INFO] [_push_snapshot:194] SensorSnapshot: pushed to sense_queue | timestamp=2026-06-03T20:34:33.561568 | triggered_sensors=['heat_grid']
[2026-06-03 20:34:34] sense.sensor_fuser [INFO] [_sensor_loop:145] Sensor heat_grid: threshold_crossed | value=[[28.5, 28.75, 27.0, 26.5, 26.5, 26.25, 26.5, 27.0], [30.5, 31.0, 29.5, 28.5, 27.5, 27.5, 27.0, 28.25], [28.75, 30.25, 28.5, 26.75, 25.5, 26.5, 28.0, 27.75], [28.75, 26.0, 24.25, 23.25, 23.5, 25.0, 25.0, 27.0], [25.25, 24.25, 22.75, 22.75, 23.0, 22.75, 22.75, 25.75], [23.75, 23.5, 23.0, 23.0, 22.75, 22.5, 22.0, 22.25], [24.25, 23.75, 22.75, 22.75, 23.0, 22.75, 22.5, 23.75], [23.5, 24.0, 23.25, 22.5, 22.75, 22.5, 23.0, 25.75]] | threshold=30.0
[2026-06-03 20:34:34] sense.sensor_fuser [INFO] [_push_snapshot:194] SensorSnapshot: pushed to sense_queue | timestamp=2026-06-03T20:34:34.598490 | triggered_sensors=['heat_grid']
[2026-06-03 20:34:35] sense.sensor_fuser [INFO] [_sensor_loop:145] Sensor heat_grid: threshold_crossed | value=[[29.25, 29.0, 27.25, 25.75, 25.75, 26.0, 26.25, 27.0], [29.25, 30.25, 29.0, 28.0, 27.25, 27.0, 27.5, 27.5], [28.5, 30.75, 28.0, 26.75, 24.75, 26.0, 27.25, 27.75], [28.5, 25.25, 24.25, 23.0, 23.25, 24.75, 25.5, 27.0], [25.5, 24.5, 22.75, 22.5, 22.5, 23.0, 23.0, 25.5], [23.5, 23.5, 22.5, 22.75, 22.5, 22.25, 21.25, 22.25], [23.75, 22.75, 22.75, 22.0, 22.0, 22.25, 21.75, 23.5], [23.0, 23.5, 23.5, 21.75, 22.25, 22.5, 22.25, 26.0]] | threshold=30.0
[2026-06-03 20:34:35] sense.sensor_fuser [INFO] [_push_snapshot:194] SensorSnapshot: pushed to sense_queue | timestamp=2026-06-03T20:34:35.639597 | triggered_sensors=['heat_grid']
[2026-06-03 20:34:36] sense.sensor_fuser [INFO] [_sensor_loop:145] Sensor heat_grid: threshold_crossed | value=[[29.25, 28.75, 26.0, 26.0, 25.5, 25.0, 26.75, 26.25], [30.75, 30.75, 29.25, 28.25, 27.0, 27.0, 27.25, 27.25], [29.0, 29.75, 28.25, 26.0, 25.25, 26.0, 27.5, 27.5], [28.5, 25.25, 24.0, 22.75, 23.0, 24.5, 25.0, 26.75], [25.25, 24.0, 22.5, 22.25, 22.0, 23.0, 22.5, 26.0], [23.25, 23.0, 22.5, 22.25, 22.25, 22.0, 22.0, 22.75], [23.5, 23.0, 22.75, 22.25, 22.5, 22.5, 22.25, 23.5], [22.75, 24.0, 23.25, 22.5, 22.0, 22.25, 22.0, 26.25]] | threshold=30.0
[2026-06-03 20:34:36] sense.sensor_fuser [INFO] [_push_snapshot:194] SensorSnapshot: pushed to sense_queue | timestamp=2026-06-03T20:34:36.675966 | triggered_sensors=['heat_grid']
[2026-06-03 20:34:37] sense.sensor_fuser [INFO] [_sensor_loop:145] Sensor heat_grid: threshold_crossed | value=[[26.5, 26.75, 26.0, 25.25, 25.5, 25.0, 26.0, 26.5], [30.75, 30.5, 28.75, 27.5, 27.0, 27.0, 26.75, 27.0], [28.5, 29.5, 27.75, 26.0, 24.75, 25.75, 26.75, 27.0], [28.0, 25.5, 23.75, 22.5, 22.75, 24.5, 24.75, 26.75], [25.0, 23.5, 22.25, 22.25, 22.0, 22.25, 22.5, 25.75], [23.25, 22.75, 22.5, 22.0, 21.5, 22.5, 21.5, 22.5], [23.0, 23.0, 22.0, 21.75, 21.75, 22.5, 21.25, 25.0], [22.75, 23.25, 22.5, 21.25, 22.25, 22.5, 21.75, 26.75]] | threshold=30.0
[2026-06-03 20:34:37] sense.sensor_fuser [INFO] [_push_snapshot:194] SensorSnapshot: pushed to sense_queue | timestamp=2026-06-03T20:34:37.713378 | triggered_sensors=['heat_grid']
[2026-06-03 20:34:38] sense.sensor_fuser [INFO] [_sensor_loop:145] Sensor heat_grid: threshold_crossed | value=[[26.0, 26.5, 25.25, 25.0, 25.25, 24.75, 25.75, 26.0], [30.25, 30.25, 28.75, 27.25, 26.75, 26.25, 26.5, 26.5], [28.25, 29.5, 27.75, 25.75, 24.0, 25.75, 27.0, 26.75], [28.25, 25.0, 23.75, 22.0, 22.25, 24.0, 24.75, 27.0], [25.25, 23.25, 22.5, 21.75, 22.25, 22.5, 22.25, 25.0], [23.5, 22.75, 22.25, 21.75, 21.75, 22.0, 21.5, 23.0], [22.75, 22.75, 22.25, 21.75, 22.0, 22.5, 21.75, 26.25], [22.75, 23.25, 22.75, 21.5, 22.25, 22.0, 21.75, 27.0]] | threshold=30.0
[2026-06-03 20:34:38] sense.sensor_fuser [INFO] [_push_snapshot:194] SensorSnapshot: pushed to sense_queue | timestamp=2026-06-03T20:34:38.751672 | triggered_sensors=['heat_grid']
[2026-06-03 20:34:41] werkzeug [INFO] [_log:97] 127.0.0.1 - - [03/Jun/2026 20:34:41] "GET /api/camera/snapshot?t=1780508011094 HTTP/1.1" 200 -
[2026-06-03 20:34:44] werkzeug [INFO] [_log:97] 127.0.0.1 - - [03/Jun/2026 20:34:44] "GET /api/camera/snapshot?t=1780508011244 HTTP/1.1" 200 -
[2026-06-03 20:34:45] werkzeug [INFO] [_log:97] 127.0.0.1 - - [03/Jun/2026 20:34:45] "GET /api/camera/snapshot?t=1780508011394 HTTP/1.1" 200 -
[2026-06-03 20:34:46] werkzeug [INFO] [_log:97] 127.0.0.1 - - [03/Jun/2026 20:34:46] "GET /api/camera/snapshot?t=1780508011544 HTTP/1.1" 200 -
[2026-06-03 20:34:48] werkzeug [INFO] [_log:97] 127.0.0.1 - - [03/Jun/2026 20:34:48] "GET /api/camera/snapshot?t=1780508011694 HTTP/1.1" 200 -
[2026-06-03 20:34:48] werkzeug [INFO] [_log:97] 127.0.0.1 - - [03/Jun/2026 20:34:48] "GET /api/camera/snapshot?t=1780508011844 HTTP/1.1" 200 -
[2026-06-03 20:34:49] sense.sensor_fuser [INFO] [_sensor_loop:145] Sensor heat_grid: threshold_crossed | value=[[25.5, 24.75, 24.5, 25.25, 27.5, 26.75, 27.5, 27.25], [26.5, 28.75, 26.5, 28.0, 27.0, 27.0, 27.25, 27.0], [28.25, 30.0, 28.25, 27.25, 26.5, 27.0, 27.5, 28.0], [28.0, 25.5, 24.25, 23.0, 25.0, 27.0, 27.5, 27.75], [25.0, 24.0, 22.75, 22.5, 24.0, 26.5, 25.25, 28.5], [23.5, 23.0, 22.25, 22.25, 23.75, 28.75, 27.75, 30.25], [23.25, 23.25, 22.5, 22.0, 23.0, 25.75, 30.0, 30.25], [23.25, 23.75, 23.25, 22.0, 22.75, 23.25, 27.75, 30.0]] | threshold=30.0
[2026-06-03 20:34:49] sense.sensor_fuser [INFO] [_push_snapshot:194] SensorSnapshot: pushed to sense_queue | timestamp=2026-06-03T20:34:49.828262 | triggered_sensors=['heat_grid']
[2026-06-03 20:34:50] sense.sensor_fuser [INFO] [_sensor_loop:145] Sensor heat_grid: threshold_crossed | value=[[25.5, 25.0, 25.0, 25.0, 27.5, 27.25, 27.75, 27.25], [27.25, 28.75, 27.25, 28.5, 27.75, 27.75, 27.75, 27.25], [29.0, 30.5, 28.5, 27.75, 27.0, 27.5, 28.25, 28.0], [28.75, 25.75, 24.5, 23.5, 25.5, 27.25, 27.75, 28.25], [25.25, 24.25, 23.25, 23.0, 24.5, 27.25, 25.75, 29.0], [24.0, 23.5, 23.0, 23.0, 23.75, 29.5, 28.25, 31.0], [23.5, 23.5, 23.0, 22.75, 23.0, 25.5, 30.0, 30.25], [23.75, 23.75, 23.25, 22.5, 23.0, 23.75, 28.25, 30.0]] | threshold=30.0
[2026-06-03 20:34:50] sense.sensor_fuser [INFO] [_push_snapshot:194] SensorSnapshot: pushed to sense_queue | timestamp=2026-06-03T20:34:50.865702 | triggered_sensors=['heat_grid']
[2026-06-03 20:34:51] sense.sensor_fuser [INFO] [_sensor_loop:145] Sensor heat_grid: threshold_crossed | value=[[26.25, 25.75, 26.0, 26.0, 28.5, 28.0, 28.5, 27.5], [27.25, 29.25, 28.0, 29.0, 28.5, 28.0, 28.0, 27.75], [28.75, 31.0, 29.25, 28.25, 27.75, 27.5, 28.5, 28.5], [29.0, 26.25, 24.75, 23.5, 26.0, 27.5, 28.0, 28.75], [25.5, 24.75, 23.5, 23.5, 24.5, 27.75, 26.0, 29.25], [24.25, 23.75, 23.25, 23.25, 24.0, 30.0, 28.75, 31.25], [24.0, 23.5, 23.5, 23.25, 23.5, 25.75, 30.5, 30.75], [23.75, 24.0, 24.0, 22.5, 23.5, 24.5, 28.75, 30.75]] | threshold=30.0
[2026-06-03 20:34:51] sense.sensor_fuser [INFO] [_push_snapshot:194] SensorSnapshot: pushed to sense_queue | timestamp=2026-06-03T20:34:51.902883 | triggered_sensors=['heat_grid']
[2026-06-03 20:34:52] werkzeug [INFO] [_log:97] 127.0.0.1 - - [03/Jun/2026 20:34:52] "GET /api/camera/snapshot?t=1780508011994 HTTP/1.1" 200 -
[2026-06-03 20:34:52] sense.sensor_fuser [INFO] [_sensor_loop:145] Sensor heat_grid: threshold_crossed | value=[[26.0, 26.0, 24.75, 26.25, 28.5, 28.0, 28.0, 28.5], [27.75, 29.0, 28.0, 28.75, 28.0, 28.25, 28.0, 28.5], [28.75, 30.75, 28.75, 28.0, 27.75, 28.0, 28.5, 28.5], [29.25, 26.0, 25.0, 23.75, 25.75, 27.5, 28.0, 28.5], [25.75, 25.25, 23.5, 23.5, 24.75, 27.75, 26.25, 29.25], [24.25, 24.0, 23.25, 23.75, 24.0, 30.25, 29.0, 31.25], [24.0, 24.0, 23.5, 22.75, 23.5, 26.25, 30.5, 30.75], [23.25, 23.75, 23.5, 23.0, 23.5, 24.25, 28.5, 30.5]] | threshold=30.0
[2026-06-03 20:34:52] sense.sensor_fuser [INFO] [_push_snapshot:194] SensorSnapshot: pushed to sense_queue | timestamp=2026-06-03T20:34:52.941155 | triggered_sensors=['heat_grid']
[2026-06-03 20:34:53] sense.sensor_fuser [INFO] [_sensor_loop:145] Sensor heat_grid: threshold_crossed | value=[[26.0, 25.5, 25.75, 26.25, 28.5, 27.75, 28.5, 27.75], [27.25, 29.25, 28.0, 28.75, 28.25, 28.0, 27.75, 28.25], [29.25, 30.75, 29.5, 28.5, 27.75, 28.0, 28.5, 28.25], [29.0, 26.25, 24.75, 24.0, 26.0, 27.75, 27.5, 29.0], [26.0, 24.75, 23.75, 23.5, 24.75, 28.0, 26.0, 29.5], [24.25, 23.75, 23.25, 23.25, 24.0, 30.25, 28.75, 31.0], [24.25, 24.0, 23.5, 23.25, 23.75, 25.75, 30.25, 31.5], [24.0, 24.0, 24.0, 23.25, 23.5, 23.75, 28.5, 30.25]] | threshold=30.0
[2026-06-03 20:34:53] sense.sensor_fuser [INFO] [_push_snapshot:194] SensorSnapshot: pushed to sense_queue | timestamp=2026-06-03T20:34:53.979913 | triggered_sensors=['heat_grid']
[2026-06-03 20:34:55] sense.sensor_fuser [INFO] [_sensor_loop:145] Sensor heat_grid: threshold_crossed | value=[[26.25, 26.0, 25.75, 26.75, 28.75, 28.5, 28.5, 28.25], [27.75, 29.25, 28.25, 29.0, 28.5, 28.5, 28.25, 28.75], [29.5, 31.0, 29.25, 28.75, 28.25, 28.5, 29.0, 29.0], [29.5, 26.75, 25.75, 24.0, 26.75, 28.0, 29.0, 29.0], [26.5, 25.0, 24.0, 24.5, 25.5, 28.0, 26.5, 30.25], [24.5, 24.25, 23.5, 23.75, 24.75, 30.5, 29.25, 32.0], [24.0, 24.25, 24.0, 23.75, 24.0, 26.25, 30.75, 30.5], [23.5, 24.75, 24.5, 23.0, 23.5, 24.5, 28.5, 30.75]] | threshold=30.0
[2026-06-03 20:34:55] sense.sensor_fuser [INFO] [_push_snapshot:194] SensorSnapshot: pushed to sense_queue | timestamp=2026-06-03T20:34:55.017540 | triggered_sensors=['heat_grid']
[2026-06-03 20:34:55] werkzeug [INFO] [_log:97] 127.0.0.1 - - [03/Jun/2026 20:34:55] "GET /api/camera/snapshot?t=1780508012144 HTTP/1.1" 200 -
[2026-06-03 20:34:56] sense.sensor_fuser [INFO] [_sensor_loop:145] Sensor heat_grid: threshold_crossed | value=[[26.5, 26.0, 26.25, 26.25, 28.75, 28.75, 28.75, 28.75], [27.25, 29.25, 28.0, 29.0, 28.25, 28.25, 28.25, 28.5], [29.5, 31.25, 29.5, 28.75, 27.75, 28.5, 28.5, 29.25], [29.5, 27.0, 25.0, 24.25, 26.5, 28.25, 28.5, 29.25], [26.5, 25.25, 23.75, 23.5, 25.25, 28.25, 26.5, 29.75], [25.0, 24.25, 24.0, 24.0, 24.25, 30.5, 29.25, 31.0], [24.5, 23.75, 24.0, 23.75, 23.5, 26.25, 30.5, 31.25], [24.0, 24.25, 24.0, 23.5, 23.75, 24.5, 28.75, 31.0]] | threshold=30.0
[2026-06-03 20:34:56] sense.sensor_fuser [INFO] [_push_snapshot:194] SensorSnapshot: pushed to sense_queue | timestamp=2026-06-03T20:34:56.057949 | triggered_sensors=['heat_grid']
[2026-06-03 20:34:57] sense.sensor_fuser [INFO] [_sensor_loop:145] Sensor heat_grid: threshold_crossed | value=[[26.25, 25.75, 25.5, 25.75, 28.5, 27.75, 28.5, 28.0], [27.5, 29.25, 28.0, 29.25, 28.25, 27.5, 28.25, 28.25], [29.5, 30.75, 29.0, 28.25, 27.5, 27.75, 28.5, 28.25], [29.5, 26.5, 24.75, 24.0, 26.5, 27.5, 28.5, 28.25], [25.75, 24.5, 23.75, 23.5, 25.0, 27.75, 26.25, 29.5], [24.0, 23.75, 23.25, 23.75, 24.0, 30.0, 28.5, 31.75], [24.0, 23.75, 23.5, 23.75, 23.75, 26.25, 30.5, 31.0], [23.75, 24.0, 23.75, 23.5, 23.5, 24.5, 28.75, 30.5]] | threshold=30.0
[2026-06-03 20:34:57] sense.sensor_fuser [INFO] [_push_snapshot:194] SensorSnapshot: pushed to sense_queue | timestamp=2026-06-03T20:34:57.097687 | triggered_sensors=['heat_grid']
[2026-06-03 20:34:58] werkzeug [INFO] [_log:97] 127.0.0.1 - - [03/Jun/2026 20:34:58] "GET /api/camera/snapshot?t=1780508012294 HTTP/1.1" 200 -
[2026-06-03 20:34:58] sense.sensor_fuser [INFO] [_sensor_loop:145] Sensor heat_grid: threshold_crossed | value=[[26.0, 26.0, 25.25, 26.0, 27.75, 28.0, 28.0, 28.0], [27.25, 29.25, 27.75, 28.75, 28.25, 27.5, 28.0, 28.0], [28.75, 30.5, 29.25, 28.0, 27.5, 27.75, 28.5, 28.25], [29.0, 26.25, 25.0, 24.0, 26.0, 27.75, 27.75, 28.75], [25.75, 24.5, 23.5, 23.0, 25.0, 27.75, 26.5, 29.5], [24.5, 24.0, 23.25, 23.75, 24.0, 29.75, 28.5, 31.0], [24.0, 24.0, 23.5, 23.5, 23.75, 26.0, 30.0, 31.0], [23.75, 24.0, 23.5, 23.25, 23.5, 24.75, 28.25, 30.5]] | threshold=30.0
[2026-06-03 20:34:58] sense.sensor_fuser [INFO] [_push_snapshot:194] SensorSnapshot: pushed to sense_queue | timestamp=2026-06-03T20:34:58.137233 | triggered_sensors=['heat_grid']
[2026-06-03 20:34:58] werkzeug [INFO] [_log:97] 127.0.0.1 - - [03/Jun/2026 20:34:58] "GET /api/camera/snapshot?t=1780508010944 HTTP/1.1" 200 -
[2026-06-03 20:34:59] sense.sensor_fuser [INFO] [_sensor_loop:145] Sensor heat_grid: threshold_crossed | value=[[26.0, 25.75, 25.5, 26.5, 27.75, 28.25, 28.5, 28.5], [27.25, 29.25, 28.0, 29.0, 28.75, 27.75, 28.25, 27.75], [29.0, 30.75, 28.75, 28.0, 27.5, 27.75, 28.5, 28.0], [29.0, 26.5, 24.75, 23.75, 26.25, 27.75, 28.0, 28.75], [26.5, 24.75, 23.25, 23.25, 25.0, 27.75, 26.0, 29.25], [24.25, 23.75, 23.0, 23.25, 24.25, 29.75, 28.25, 31.5], [23.75, 23.5, 23.5, 23.0, 23.75, 26.0, 30.5, 31.0], [23.75, 24.0, 23.5, 22.75, 23.25, 24.25, 28.0, 30.5]] | threshold=30.0
[2026-06-03 20:34:59] sense.sensor_fuser [INFO] [_push_snapshot:194] SensorSnapshot: pushed to sense_queue | timestamp=2026-06-03T20:34:59.176299 | triggered_sensors=['heat_grid']
[2026-06-03 20:34:59] werkzeug [INFO] [_log:97] 127.0.0.1 - - [03/Jun/2026 20:34:59] "GET /api/camera/snapshot?t=1780508012444 HTTP/1.1" 200 -
[2026-06-03 20:34:59] werkzeug [INFO] [_log:97] 127.0.0.1 - - [03/Jun/2026 20:34:59] "GET /api/camera/snapshot?t=1780508012594 HTTP/1.1" 200 -
[2026-06-03 20:35:00] werkzeug [INFO] [_log:97] 127.0.0.1 - - [03/Jun/2026 20:35:00] "GET /api/camera/snapshot?t=1780508012744 HTTP/1.1" 200 -
[2026-06-03 20:35:00] werkzeug [INFO] [_log:97] 127.0.0.1 - - [03/Jun/2026 20:35:00] "GET /api/camera/snapshot?t=1780508012894 HTTP/1.1" 200 -
[2026-06-03 20:35:00] sense.sensor_fuser [INFO] [_sensor_loop:145] Sensor heat_grid: threshold_crossed | value=[[30.5, 28.0, 26.5, 26.0, 27.0, 26.25, 27.0, 27.75], [27.75, 30.0, 30.25, 30.25, 29.75, 28.5, 28.5, 27.75], [29.5, 31.0, 29.5, 27.75, 26.25, 27.0, 28.5, 28.25], [29.5, 26.75, 25.0, 24.0, 24.5, 25.75, 25.75, 28.0], [25.75, 24.5, 24.0, 23.5, 23.75, 24.0, 23.25, 26.0], [24.75, 24.0, 23.5, 23.0, 23.75, 23.0, 23.0, 22.25], [24.0, 24.0, 24.0, 23.25, 23.5, 23.25, 23.0, 23.25], [23.25, 24.25, 23.5, 23.0, 22.75, 23.25, 23.0, 23.75]] | threshold=30.0
[2026-06-03 20:35:00] sense.sensor_fuser [INFO] [_push_snapshot:194] SensorSnapshot: pushed to sense_queue | timestamp=2026-06-03T20:35:00.213681 | triggered_sensors=['heat_grid']
[2026-06-03 20:35:00] werkzeug [INFO] [_log:97] 127.0.0.1 - - [03/Jun/2026 20:35:00] "GET /api/camera/snapshot?t=1780508013194 HTTP/1.1" 200 -
[2026-06-03 20:35:01] sense.sensor_fuser [INFO] [_sensor_loop:145] Sensor heat_grid: threshold_crossed | value=[[27.25, 28.0, 29.25, 27.75, 27.25, 26.5, 27.25, 27.75], [28.0, 31.75, 30.5, 28.75, 28.75, 28.25, 28.0, 28.0], [29.5, 31.0, 29.25, 27.5, 25.5, 27.25, 28.75, 27.75], [29.75, 26.25, 25.75, 24.25, 24.25, 25.75, 26.0, 28.0], [26.25, 25.0, 24.0, 23.5, 23.75, 23.75, 23.75, 25.75], [24.5, 24.25, 23.5, 23.25, 23.25, 23.5, 23.25, 22.75], [24.25, 24.0, 23.25, 23.5, 23.25, 23.75, 23.25, 23.5], [23.75, 24.25, 23.5, 22.75, 23.0, 23.25, 22.75, 25.5]] | threshold=30.0
[2026-06-03 20:35:01] sense.sensor_fuser [INFO] [_push_snapshot:194] SensorSnapshot: pushed to sense_queue | timestamp=2026-06-03T20:35:01.253100 | triggered_sensors=['heat_grid']
[2026-06-03 20:35:02] sense.sensor_fuser [INFO] [_sensor_loop:145] Sensor heat_grid: threshold_crossed | value=[[27.0, 27.75, 28.25, 27.25, 27.25, 26.25, 27.25, 27.5], [28.0, 31.75, 30.5, 29.25, 28.75, 28.5, 27.75, 27.75], [29.25, 31.0, 29.25, 27.5, 25.5, 27.0, 28.75, 28.0], [29.25, 26.75, 25.0, 23.5, 24.0, 25.75, 25.5, 28.25], [26.0, 24.75, 23.5, 23.25, 23.75, 23.75, 23.5, 25.5], [24.5, 24.0, 23.25, 23.25, 23.5, 23.25, 22.5, 22.75], [24.25, 23.75, 23.5, 23.25, 23.25, 23.0, 22.5, 24.75], [23.5, 24.0, 24.0, 22.75, 23.0, 23.25, 22.75, 26.0]] | threshold=30.0
[2026-06-03 20:35:02] sense.sensor_fuser [INFO] [_push_snapshot:194] SensorSnapshot: pushed to sense_queue | timestamp=2026-06-03T20:35:02.294199 | triggered_sensors=['heat_grid']
[2026-06-03 20:35:02] __main__ [INFO] [handle_signal:76] Signal SIGINT — shutting down
[2026-06-03 20:35:02] __main__ [INFO] [handle_signal:76] Signal SIGINT — shutting down
[2026-06-03 20:35:02] __main__ [INFO] [handle_signal:76] Signal SIGINT — shutting down
[2026-06-03 20:35:02] __main__ [INFO] [handle_signal:76] Signal SIGINT — shutting down
[2026-06-03 20:35:02] __main__ [INFO] [handle_signal:76] Signal SIGINT — shutting down
[2026-06-03 20:35:03] __main__ [INFO] [main:103] Shutting down...
[2026-06-03 20:35:03] core.orchestrator [INFO] [shutdown:180] Orchestrator: full shutdown initiated
[2026-06-03 20:35:03] core.orchestrator [INFO] [stop:155] Orchestrator: stopping system | signaling all processes
[2026-06-03 20:35:03] sense.sensor_fuser [INFO] [start:80] SensorFuser: stopped
[2026-06-03 20:35:03] picamera2.picamera2 [INFO] [stop_:1391] Camera stopped
[2026-06-03 20:35:03] see.vision_fuser [INFO] [_main_loop:212] VisionFuser: stopped
[2026-06-03 20:35:03] __main__ [INFO] [handle_signal:76] Signal SIGTERM — shutting down
[2026-06-03 20:35:03] picamera2.picamera2 [INFO] [close:734] Camera closed successfully.
[2026-06-03 20:35:03] notify.notification_service [INFO] [_log_notification:173] [orchestrator] NOTIFY | event=system_stopped | severity=info | payload={}
[2026-06-03 20:35:03] notify.notification_service [ERROR] [_insert_notification:202] NotificationService: DB insert failed - OperationalError: SSL error: decryption failed or bad record mac

[2026-06-03 20:35:03] core.orchestrator [INFO] [stop:176] Orchestrator: all processes stopped
[2026-06-03 20:35:03] core.orchestrator [INFO] [shutdown:186] Orchestrator: multiprocessing manager shutdown
[2026-06-03 20:35:03] __main__ [INFO] [main:105] Stopped cleanly.
