triggered_sensors,sensor_readings,sensor_normalized,composite_label,glimpsed_fire,human_near_fire,fire_count,smoke_count,fire_union_area,smoke_union_area,cluster_count,scene_label,scene_confidence,fire_clusters,raw_detections,frame_image_url,true_danger_level,true_action,danger_label,danger_level,recommended_action,validated
[],"{""smoke"": 0, ""heat_grid"": [[24.0, 24.0, 24.0, 24.0, 24.0, 24.0, 24.0, 24.0], [24.0, 24.0, 24.0, 24.0, 24.0, 24.0, 24.0, 24.0], [24.0, 24.0, 24.0, 24.0, 24.0, 24.0, 24.0, 24.0], [24.0, 24.0, 24.0, 24.0, 24.0, 24.0, 24.0, 24.0], [24.0, 24.0, 24.0, 24.0, 24.0, 24.0, 24.0, 24.0], [24.0, 24.0, 24.0, 24.0, 24.0, 24.0, 24.0, 24.0], [24.0, 24.0, 24.0, 24.0, 24.0, 24.0, 24.0, 24.0], [24.0, 24.0, 24.0, 24.0, 24.0, 24.0, 24.0, 24.0]]}","{""smoke"": -1, ""heat_grid"": -1}",none,0,0,0,0,0.0,0.0,0,clear,0.3777,[],[],,1,monitor,MINIMAL,1,monitor,True
"[""heat_grid"", ""smoke""]","{""smoke"": 1037.5372, ""heat_grid"": [[23.14, 23.82, 24.13, 23.96, 23.31, 23.03, 23.65, 23.95], [24.28, 23.24, 23.66, 22.91, 22.5, 22.83, 22.35, 23.34], [23.07, 23.68, 23.55, 22.66, 23.67, 22.7, 22.33, 33.55], [22.37, 23.0, 23.6, 23.06, 23.08, 23.77, 23.53, 23.36], [24.09, 22.54, 23.26, 22.8, 22.39, 24.28, 23.79, 22.75], [23.13, 22.77, 23.69, 23.02, 24.16, 22.74, 23.02, 24.18], [24.09, 22.91, 23.29, 24.09, 23.66, 23.6, 23.64, 24.16], [23.36, 22.68, 23.27, 23.78, 23.31, 22.95, 23.65, 23.22]]}","{""smoke"": 0.103754, ""heat_grid"": 0.419399}",fire,1,0,2,1,0.087511,0.057732,2,fire,0.3465,[],[],,4,"alert,suppress",HIGH,4,"alert,suppress",True
"[""heat_grid"", ""smoke""]","{""smoke"": 0, ""heat_grid"": [[24.0, 24.0, 24.0, 24.0, 24.0, 24.0, 24.0, 24.0], [24.0, 24.0, 24.0, 24.0, 24.0, 24.0, 24.0, 24.0], [24.0, 24.0, 24.0, 24.0, 24.0, 24.0, 24.0, 24.0], [24.0, 24.0, 24.0, 24.0, 24.0, 24.0, 24.0, 24.0], [24.0, 24.0, 24.0, 24.0, 24.0, 24.0, 24.0, 24.0], [24.0, 24.0, 24.0, 24.0, 24.0, 24.0, 24.0, 24.0], [24.0, 24.0, 24.0, 24.0, 24.0, 24.0, 24.0, 24.0], [24.0, 24.0, 24.0, 24.0, 24.0, 24.0, 24.0, 24.0]]}","{""smoke"": -1, ""heat_grid"": -1}",fire_smoke,1,0,2,3,0.102262,0.007538,3,fire,0.4423,[],[],,5,"alert,suppress,evacuate",CRITICAL,5,"alert,suppress,evacuate",True
[],"{""smoke"": 72.9271, ""heat_grid"": [[24.39, 24.54, 23.45, 23.66, 23.51, 24.84, 24.98, 23.68], [23.75, 23.95, 24.49, 24.55, 24.68, 25.12, 23.9, 24.63], [24.43, 23.92, 25.12, 23.5, 24.73, 24.76, 25.14, 24.35], [23.95, 24.96, 24.85, 24.31, 24.84, 23.84, 24.49, 25.04], [23.94, 24.28, 25.21, 24.9, 25.08, 24.08, 25.3, 23.61], [24.35, 24.27, 24.9, 25.13, 24.77, 24.56, 24.16, 24.33], [24.33, 23.35, 24.31, 25.02, 24.73, 24.9, 24.09, 24.37], [23.38, 23.5, 24.26, 23.82, 23.37, 24.69, 24.18, 24.14]]}","{""smoke"": 0.007293, ""heat_grid"": 0.29371}",none,0,0,0,0,0.0,0.0,0,clear,0.3576,[],[],,1,monitor,MINIMAL,1,monitor,True
[],"{""smoke"": 0, ""heat_grid"": [[24.0, 24.0, 24.0, 24.0, 24.0, 24.0, 24.0, 24.0], [24.0, 24.0, 24.0, 24.0, 24.0, 24.0, 24.0, 24.0], [24.0, 24.0, 24.0, 24.0, 24.0, 24.0, 24.0, 24.0], [24.0, 24.0, 24.0, 24.0, 24.0, 24.0, 24.0, 24.0], [24.0, 24.0, 24.0, 24.0, 24.0, 24.0, 24.0, 24.0], [24.0, 24.0, 24.0, 24.0, 24.0, 24.0, 24.0, 24.0], [24.0, 24.0, 24.0, 24.0, 24.0, 24.0, 24.0, 24.0], [24.0, 24.0, 24.0, 24.0, 24.0, 24.0, 24.0, 24.0]]}","{""smoke"": -1, ""heat_grid"": -1}",fire,1,0,1,0,0.040555,0.0,1,fire,0.5075,[],[],,2,monitor,LOW,2,monitor,True
"[""heat_grid""]","{""smoke"": 207.7837, ""heat_grid"": [[22.58, 23.37, 22.86, 24.38, 22.66, 23.64, 23.41, 23.6], [24.36, 23.13, 23.94, 23.34, 23.77, 23.18, 22.9, 22.61], [22.65, 24.37, 24.02, 22.94, 23.51, 23.88, 23.15, 23.33], [23.88, 22.9, 23.5, 22.87, 22.45, 23.83, 23.86, 24.44], [22.81, 23.93, 24.34, 23.74, 24.37, 24.44, 24.05, 24.45], [23.7, 23.44, 24.28, 24.11, 22.67, 23.05, 22.97, 28.84], [22.91, 23.06, 23.48, 22.6, 24.37, 23.43, 22.83, 22.99], [24.04, 23.72, 23.38, 23.11, 24.25, 23.99, 23.88, 23.34]]}","{""smoke"": 0.020778, ""heat_grid"": 0.360487}",fire,1,0,1,1,0.041008,0.072239,1,fire,0.8374,[],[],,3,alert,MODERATE,3,alert,True
[],"{""smoke"": 0, ""heat_grid"": [[24.0, 24.0, 24.0, 24.0, 24.0, 24.0, 24.0, 24.0], [24.0, 24.0, 24.0, 24.0, 24.0, 24.0, 24.0, 24.0], [24.0, 24.0, 24.0, 24.0, 24.0, 24.0, 24.0, 24.0], [24.0, 24.0, 24.0, 24.0, 24.0, 24.0, 24.0, 24.0], [24.0, 24.0, 24.0, 24.0, 24.0, 24.0, 24.0, 24.0], [24.0, 24.0, 24.0, 24.0, 24.0, 24.0, 24.0, 24.0], [24.0, 24.0, 24.0, 24.0, 24.0, 24.0, 24.0, 24.0], [24.0, 24.0, 24.0, 24.0, 24.0, 24.0, 24.0, 24.0]]}","{""smoke"": -1, ""heat_grid"": -1}",none,0,0,0,0,0.0,0.0,0,clear,0.2585,[],[],,1,monitor,MINIMAL,1,monitor,True
"[""heat_grid"", ""smoke""]","{""smoke"": 1461.1055, ""heat_grid"": [[23.68, 24.85, 24.49, 22.97, 23.15, 23.35, 23.08, 23.88], [23.59, 24.86, 23.86, 23.34, 24.85, 23.94, 23.06, 23.07], [24.26, 23.9, 24.16, 24.61, 24.28, 24.64, 24.4, 24.26], [23.18, 23.88, 23.78, 23.99, 23.69, 24.15, 23.7, 24.03], [23.7, 24.72, 23.66, 24.37, 24.14, 23.68, 24.53, 24.77], [24.43, 24.81, 23.79, 24.74, 24.67, 24.44, 24.58, 24.37], [23.94, 24.02, 32.98, 24.24, 23.56, 24.39, 23.92, 23.62], [23.21, 23.42, 24.19, 23.65, 22.98, 23.57, 23.65, 23.38]]}","{""smoke"": 0.146111, ""heat_grid"": 0.412247}",fire_smoke,0,0,0,2,0.0,0.075895,2,smoky,0.8753,[],[],,4,"alert,suppress",HIGH,4,"alert,suppress",True
[],"{""smoke"": 47.3984, ""heat_grid"": [[23.41, 24.17, 23.68, 24.32, 23.83, 24.99, 24.06, 24.55], [23.77, 23.31, 24.08, 24.34, 24.19, 25.19, 24.68, 25.26], [24.15, 24.85, 24.38, 24.49, 25.24, 24.58, 25.07, 24.72], [23.52, 24.67, 24.24, 25.11, 24.88, 23.48, 23.54, 23.41], [24.26, 23.43, 24.72, 24.37, 24.94, 23.83, 24.31, 23.5], [25.04, 23.62, 23.47, 23.68, 24.88, 23.48, 24.5, 24.76], [24.77, 23.65, 23.39, 24.17, 23.67, 24.67, 23.98, 24.17], [23.5, 24.4, 23.64, 24.63, 23.41, 25.22, 24.64, 23.63]]}","{""smoke"": 0.00474, ""heat_grid"": 0.301901}",none,0,0,0,0,0.0,0.0,0,clear,0.3169,[],[],,1,monitor,MINIMAL,1,monitor,True
"[""heat_grid"", ""smoke""]","{""smoke"": 449.1836, ""heat_grid"": [[23.52, 23.17, 24.35, 23.94, 24.64, 23.92, 24.65, 23.97], [28.37, 24.4, 23.49, 23.58, 24.76, 23.42, 24.35, 23.25], [24.47, 23.4, 24.14, 24.09, 23.36, 23.94, 24.72, 24.32], [24.94, 24.53, 24.24, 24.08, 24.83, 24.01, 23.76, 24.63], [24.84, 23.91, 23.23, 24.17, 24.44, 23.7, 24.45, 24.02], [23.56, 24.22, 23.73, 24.53, 22.96, 24.59, 23.57, 24.88], [24.48, 23.44, 24.91, 23.96, 24.0, 24.78, 24.79, 24.35], [24.91, 23.61, 23.42, 23.02, 23.65, 24.16, 23.57, 24.12]]}","{""smoke"": 0.044918, ""heat_grid"": 0.354659}",smoke,1,0,1,0,0.06858,0.0,1,fire,0.3626,[],[],,3,alert,MODERATE,3,alert,True
[],"{""smoke"": 21.6633, ""heat_grid"": [[24.22, 23.12, 24.02, 22.5, 23.83, 24.32, 24.04, 23.51], [23.6, 23.05, 23.71, 23.89, 24.34, 23.33, 22.47, 23.54], [22.59, 22.84, 23.01, 23.81, 22.72, 22.68, 23.81, 24.09], [23.73, 22.43, 22.4, 23.47, 22.91, 23.54, 23.22, 24.19], [22.92, 23.71, 22.46, 24.26, 24.31, 23.83, 23.28, 22.79], [23.97, 23.82, 22.79, 23.25, 23.27, 24.0, 23.72, 23.63], [23.65, 22.89, 23.09, 22.44, 23.92, 23.21, 23.22, 22.84], [22.77, 23.52, 22.81, 22.48, 23.88, 23.1, 23.11, 23.21]]}","{""smoke"": 0.002166, ""heat_grid"": 0.297571}",none,0,0,0,0,0.0,0.0,0,clear,0.3142,[],[],,1,monitor,MINIMAL,1,monitor,True
[],"{""smoke"": 0, ""heat_grid"": [[24.0, 24.0, 24.0, 24.0, 24.0, 24.0, 24.0, 24.0], [24.0, 24.0, 24.0, 24.0, 24.0, 24.0, 24.0, 24.0], [24.0, 24.0, 24.0, 24.0, 24.0, 24.0, 24.0, 24.0], [24.0, 24.0, 24.0, 24.0, 24.0, 24.0, 24.0, 24.0], [24.0, 24.0, 24.0, 24.0, 24.0, 24.0, 24.0, 24.0], [24.0, 24.0, 24.0, 24.0, 24.0, 24.0, 24.0, 24.0], [24.0, 24.0, 24.0, 24.0, 24.0, 24.0, 24.0, 24.0], [24.0, 24.0, 24.0, 24.0, 24.0, 24.0, 24.0, 24.0]]}","{""smoke"": -1, ""heat_grid"": -1}",none,0,0,0,0,0.0,0.0,0,clear,0.4408,[],[],,1,monitor,MINIMAL,1,monitor,True
[],"{""smoke"": 0, ""heat_grid"": [[24.0, 24.0, 24.0, 24.0, 24.0, 24.0, 24.0, 24.0], [24.0, 24.0, 24.0, 24.0, 24.0, 24.0, 24.0, 24.0], [24.0, 24.0, 24.0, 24.0, 24.0, 24.0, 24.0, 24.0], [24.0, 24.0, 24.0, 24.0, 24.0, 24.0, 24.0, 24.0], [24.0, 24.0, 24.0, 24.0, 24.0, 24.0, 24.0, 24.0], [24.0, 24.0, 24.0, 24.0, 24.0, 24.0, 24.0, 24.0], [24.0, 24.0, 24.0, 24.0, 24.0, 24.0, 24.0, 24.0], [24.0, 24.0, 24.0, 24.0, 24.0, 24.0, 24.0, 24.0]]}","{""smoke"": -1, ""heat_grid"": -1}",none,0,0,0,0,0.0,0.0,0,clear,0.3714,[],[],,1,monitor,MINIMAL,1,monitor,True
"[""heat_grid"", ""smoke""]","{""smoke"": 5168.4453, ""heat_grid"": [[24.08, 22.47, 23.47, 22.7, 22.89, 24.34, 22.45, 23.06], [22.75, 23.59, 24.13, 23.23, 24.12, 23.33, 24.26, 24.14], [22.8, 24.21, 22.83, 23.43, 22.84, 23.22, 24.42, 41.9], [23.55, 24.32, 23.16, 22.79, 24.1, 22.47, 24.05, 22.49], [23.01, 23.16, 23.08, 22.93, 22.66, 22.45, 23.99, 23.36], [22.77, 22.61, 23.0, 23.15, 23.37, 22.65, 24.4, 22.98], [23.33, 23.86, 23.06, 22.61, 23.2, 23.55, 24.13, 23.18], [24.22, 23.54, 23.88, 22.5, 24.24, 22.87, 23.1, 23.49]]}","{""smoke"": 0.516845, ""heat_grid"": 0.523755}",fire_smoke,0,1,0,1,0.0,0.03146,1,smoky,0.8764,[],[],,5,"alert,suppress,evacuate",CRITICAL,5,"alert,suppress,evacuate",True
"[""heat_grid"", ""smoke""]","{""smoke"": 0, ""heat_grid"": [[24.0, 24.0, 24.0, 24.0, 24.0, 24.0, 24.0, 24.0], [24.0, 24.0, 24.0, 24.0, 24.0, 24.0, 24.0, 24.0], [24.0, 24.0, 24.0, 24.0, 24.0, 24.0, 24.0, 24.0], [24.0, 24.0, 24.0, 24.0, 24.0, 24.0, 24.0, 24.0], [24.0, 24.0, 24.0, 24.0, 24.0, 24.0, 24.0, 24.0], [24.0, 24.0, 24.0, 24.0, 24.0, 24.0, 24.0, 24.0], [24.0, 24.0, 24.0, 24.0, 24.0, 24.0, 24.0, 24.0], [24.0, 24.0, 24.0, 24.0, 24.0, 24.0, 24.0, 24.0]]}","{""smoke"": -1, ""heat_grid"": -1}",fire,0,0,0,0,0.0,0.0,0,hazy,0.8061,[],[],,4,"alert,suppress",HIGH,4,"alert,suppress",True
"[""heat_grid""]","{""smoke"": 248.6637, ""heat_grid"": [[22.51, 22.17, 21.47, 22.78, 21.61, 21.33, 22.67, 22.39], [21.96, 22.56, 23.0, 21.24, 22.43, 21.61, 22.12, 22.02], [21.95, 21.55, 22.78, 21.93, 22.95, 21.88, 22.85, 22.26], [21.95, 22.58, 22.75, 22.14, 22.02, 22.33, 22.34, 27.35], [22.69, 21.97, 22.08, 22.38, 23.15, 21.7, 21.64, 21.53], [22.55, 22.07, 21.95, 21.58, 22.96, 22.06, 22.39, 21.4], [21.39, 21.31, 21.91, 22.12, 21.66, 21.87, 21.19, 21.88], [21.41, 21.43, 21.18, 22.57, 23.04, 22.42, 21.37, 23.15]]}","{""smoke"": 0.024866, ""heat_grid"": 0.34185}",fire,1,0,1,0,0.010933,0.0,1,fire,0.7324,[],[],,2,monitor,LOW,2,monitor,True
[],"{""smoke"": 0, ""heat_grid"": [[24.0, 24.0, 24.0, 24.0, 24.0, 24.0, 24.0, 24.0], [24.0, 24.0, 24.0, 24.0, 24.0, 24.0, 24.0, 24.0], [24.0, 24.0, 24.0, 24.0, 24.0, 24.0, 24.0, 24.0], [24.0, 24.0, 24.0, 24.0, 24.0, 24.0, 24.0, 24.0], [24.0, 24.0, 24.0, 24.0, 24.0, 24.0, 24.0, 24.0], [24.0, 24.0, 24.0, 24.0, 24.0, 24.0, 24.0, 24.0], [24.0, 24.0, 24.0, 24.0, 24.0, 24.0, 24.0, 24.0], [24.0, 24.0, 24.0, 24.0, 24.0, 24.0, 24.0, 24.0]]}","{""smoke"": -1, ""heat_grid"": -1}",none,0,0,0,0,0.0,0.0,0,clear,0.4429,[],[],,1,monitor,MINIMAL,1,monitor,True
"[""heat_grid""]","{""smoke"": 126.5799, ""heat_grid"": [[22.83, 23.61, 23.08, 23.72, 22.7, 24.4, 23.95, 23.24], [23.01, 23.18, 23.85, 23.72, 28.4, 24.19, 23.32, 23.75], [23.29, 23.68, 23.36, 23.96, 22.42, 22.84, 23.0, 24.3], [23.42, 23.14, 23.22, 23.31, 24.14, 24.33, 24.1, 24.09], [22.81, 22.94, 23.6, 23.72, 22.81, 23.9, 22.81, 22.93], [23.02, 24.1, 23.87, 23.47, 24.05, 24.03, 23.19, 23.97], [22.82, 23.41, 22.64, 23.26, 23.45, 22.57, 23.33, 23.71], [23.64, 22.52, 22.6, 23.11, 24.09, 24.15, 23.03, 23.85]]}","{""smoke"": 0.012658, ""heat_grid"": 0.35502}",none,1,0,1,0,0.010205,0.0,1,fire,0.6287,[],[],,2,monitor,LOW,2,monitor,True
[],"{""smoke"": 263.784, ""heat_grid"": [[24.33, 23.1, 24.88, 24.76, 24.67, 24.12, 23.92, 23.95], [22.91, 23.88, 24.13, 24.2, 23.54, 23.82, 24.15, 23.73], [24.8, 24.29, 22.88, 22.92, 24.26, 23.7, 24.56, 23.22], [22.91, 23.65, 24.35, 24.82, 24.65, 23.85, 24.5, 23.02], [24.02, 24.73, 23.67, 24.8, 23.32, 23.09, 23.93, 24.69], [23.5, 24.48, 23.22, 24.37, 23.99, 23.23, 24.31, 24.31], [26.79, 23.33, 23.14, 24.79, 24.19, 24.5, 24.27, 24.54], [23.2, 23.87, 24.21, 23.09, 23.18, 24.15, 24.62, 24.2]]}","{""smoke"": 0.026378, ""heat_grid"": 0.334858}",fire,1,0,1,0,0.012673,0.0,1,fire,0.4395,[],[],,2,monitor,LOW,2,monitor,True
[],"{""smoke"": 54.3067, ""heat_grid"": [[21.85, 22.78, 21.69, 22.39, 22.0, 21.81, 23.01, 21.86], [21.65, 22.99, 22.67, 22.54, 21.27, 24.19, 22.45, 21.59], [21.63, 22.73, 21.75, 21.32, 21.25, 22.06, 22.41, 22.91], [21.4, 21.57, 22.24, 21.9, 22.14, 23.02, 22.27, 22.01], [23.15, 21.31, 23.04, 22.18, 22.18, 23.02, 22.19, 22.05], [21.72, 22.49, 22.31, 21.6, 22.59, 22.46, 21.97, 21.18], [22.07, 21.19, 21.33, 22.04, 21.34, 21.73, 22.49, 21.79], [23.17, 23.01, 22.35, 23.11, 22.91, 21.81, 22.67, 21.45]]}","{""smoke"": 0.005431, ""heat_grid"": 0.30234}",none,0,0,0,0,0.0,0.0,0,clear,0.3482,[],[],,1,monitor,MINIMAL,1,monitor,True
[],"{""smoke"": 66.1917, ""heat_grid"": [[23.47, 24.29, 22.99, 22.71, 22.84, 24.11, 23.58, 22.98], [23.66, 22.97, 24.05, 23.55, 23.42, 23.26, 23.92, 23.38], [22.84, 22.9, 24.58, 24.48, 24.06, 23.19, 24.6, 24.22], [24.09, 23.56, 23.21, 22.85, 24.47, 23.57, 23.07, 23.27], [23.82, 23.01, 24.37, 24.18, 24.1, 23.52, 23.92, 23.83], [23.96, 22.83, 23.49, 22.74, 23.65, 23.32, 22.95, 22.87], [23.84, 23.0, 23.57, 23.82, 23.35, 23.84, 22.71, 24.58], [23.63, 24.23, 22.83, 23.63, 23.64, 24.54, 23.8, 23.61]]}","{""smoke"": 0.006619, ""heat_grid"": 0.29468}",none,0,0,0,0,0.0,0.0,0,clear,0.3163,[],[],,1,monitor,MINIMAL,1,monitor,True
"[""heat_grid"", ""smoke""]","{""smoke"": 4794.0319, ""heat_grid"": [[22.03, 22.61, 21.61, 21.57, 21.58, 23.32, 22.86, 23.15], [23.41, 22.88, 22.51, 22.44, 22.97, 23.22, 23.14, 22.47], [23.03, 22.43, 22.25, 22.07, 21.59, 21.88, 22.94, 21.82], [23.28, 21.64, 21.58, 22.44, 21.92, 21.69, 21.6, 22.53], [22.0, 22.59, 21.78, 21.53, 21.53, 21.7, 23.07, 22.38], [22.73, 42.08, 21.9, 23.22, 22.97, 22.94, 23.22, 21.73], [22.56, 22.45, 22.81, 21.96, 21.73, 23.43, 22.41, 21.94], [21.74, 22.67, 21.77, 21.85, 23.38, 21.54, 21.85, 22.82]]}","{""smoke"": 0.479403, ""heat_grid"": 0.525972}",fire_smoke,1,0,2,0,0.085693,0.0,2,fire,0.7176,[],[],,5,"alert,suppress,evacuate",CRITICAL,5,"alert,suppress,evacuate",True
"[""heat_grid"", ""smoke""]","{""smoke"": 0, ""heat_grid"": [[24.0, 24.0, 24.0, 24.0, 24.0, 24.0, 24.0, 24.0], [24.0, 24.0, 24.0, 24.0, 24.0, 24.0, 24.0, 24.0], [24.0, 24.0, 24.0, 24.0, 24.0, 24.0, 24.0, 24.0], [24.0, 24.0, 24.0, 24.0, 24.0, 24.0, 24.0, 24.0], [24.0, 24.0, 24.0, 24.0, 24.0, 24.0, 24.0, 24.0], [24.0, 24.0, 24.0, 24.0, 24.0, 24.0, 24.0, 24.0], [24.0, 24.0, 24.0, 24.0, 24.0, 24.0, 24.0, 24.0], [24.0, 24.0, 24.0, 24.0, 24.0, 24.0, 24.0, 24.0]]}","{""smoke"": -1, ""heat_grid"": -1}",fire_smoke,1,0,2,0,0.030634,0.0,2,fire,0.8057,[],[],,5,"alert,suppress,evacuate",CRITICAL,5,"alert,suppress,evacuate",True
"[""heat_grid"", ""smoke""]","{""smoke"": 0, ""heat_grid"": [[24.0, 24.0, 24.0, 24.0, 24.0, 24.0, 24.0, 24.0], [24.0, 24.0, 24.0, 24.0, 24.0, 24.0, 24.0, 24.0], [24.0, 24.0, 24.0, 24.0, 24.0, 24.0, 24.0, 24.0], [24.0, 24.0, 24.0, 24.0, 24.0, 24.0, 24.0, 24.0], [24.0, 24.0, 24.0, 24.0, 24.0, 24.0, 24.0, 24.0], [24.0, 24.0, 24.0, 24.0, 24.0, 24.0, 24.0, 24.0], [24.0, 24.0, 24.0, 24.0, 24.0, 24.0, 24.0, 24.0], [24.0, 24.0, 24.0, 24.0, 24.0, 24.0, 24.0, 24.0]]}","{""smoke"": -1, ""heat_grid"": -1}",fire_smoke,1,1,1,1,0.061683,0.0978,1,fire,0.3052,[],[],,5,"alert,suppress,evacuate",CRITICAL,5,"alert,suppress,evacuate",True
"[""heat_grid"", ""smoke""]","{""smoke"": 802.9144, ""heat_grid"": [[21.97, 21.68, 21.54, 22.99, 21.44, 22.39, 22.7, 21.43], [22.58, 21.98, 22.98, 22.91, 22.9, 22.11, 22.96, 22.58], [22.07, 21.48, 21.45, 21.82, 21.91, 23.17, 23.32, 21.6], [23.2, 22.73, 22.31, 23.22, 22.74, 22.5, 21.73, 21.8], [23.14, 21.75, 21.38, 30.41, 22.28, 22.08, 23.19, 22.15], [23.09, 22.5, 22.36, 21.64, 21.86, 23.05, 22.88, 22.21], [23.13, 22.95, 21.54, 22.53, 22.91, 22.93, 21.5, 21.76], [22.14, 21.82, 21.53, 22.57, 22.33, 21.63, 22.49, 21.44]]}","{""smoke"": 0.080291, ""heat_grid"": 0.380148}",fire_smoke,1,1,2,2,0.107356,0.028297,2,fire,0.8157,[],[],,4,"alert,suppress",HIGH,4,"alert,suppress",True
"[""heat_grid"", ""smoke""]","{""smoke"": 3149.3862, ""heat_grid"": [[23.72, 23.34, 23.85, 22.45, 23.12, 22.27, 22.48, 22.91], [24.05, 23.0, 22.79, 23.58, 23.65, 23.21, 22.82, 22.85], [22.61, 22.97, 22.58, 23.53, 24.03, 22.75, 22.73, 24.04], [23.38, 23.7, 24.02, 23.57, 23.73, 23.02, 36.12, 23.65], [22.39, 23.43, 22.43, 23.29, 22.42, 23.5, 23.16, 23.35], [23.54, 22.74, 22.88, 23.21, 23.38, 24.09, 22.95, 23.43], [24.09, 23.68, 22.9, 23.07, 24.0, 23.12, 22.75, 23.29], [22.61, 23.41, 24.23, 24.18, 23.47, 24.02, 23.87, 24.14]]}","{""smoke"": 0.314939, ""heat_grid"": 0.451454}",fire_smoke,1,1,1,3,0.038284,0.023962,3,fire,0.3264,[],[],,5,"alert,suppress,evacuate",CRITICAL,5,"alert,suppress,evacuate",True
[],"{""smoke"": 8.1442, ""heat_grid"": [[23.38, 24.59, 23.34, 23.82, 23.2, 23.93, 23.62, 23.43], [23.1, 22.91, 22.93, 24.69, 23.51, 22.69, 24.6, 22.73], [23.53, 24.12, 24.52, 24.12, 23.62, 24.64, 22.77, 24.66], [24.39, 24.55, 23.2, 22.97, 24.02, 23.72, 23.74, 24.54], [23.93, 23.31, 23.49, 22.96, 23.07, 22.98, 24.31, 24.1], [23.75, 23.44, 24.03, 24.32, 24.45, 23.78, 25.22, 23.71], [23.64, 24.42, 23.46, 23.48, 23.3, 23.73, 23.78, 24.01], [23.55, 23.13, 24.42, 23.38, 24.54, 23.1, 23.81, 23.76]]}","{""smoke"": 0.000814, ""heat_grid"": 0.315312}",none,0,0,0,0,0.0,0.0,0,clear,0.2778,[],[],,1,monitor,MINIMAL,1,monitor,True
"[""heat_grid""]","{""smoke"": 256.2722, ""heat_grid"": [[21.97, 22.61, 22.32, 23.5, 21.81, 23.0, 23.55, 23.69], [23.03, 23.63, 21.88, 22.45, 21.75, 23.7, 23.54, 21.79], [21.77, 22.47, 22.25, 23.43, 22.05, 23.31, 22.84, 22.49], [22.02, 23.73, 22.97, 22.61, 22.48, 23.54, 23.38, 23.36], [22.97, 23.51, 22.33, 23.14, 22.54, 22.93, 23.73, 23.7], [22.76, 27.17, 23.53, 23.7, 23.29, 21.86, 22.38, 23.53], [23.27, 23.22, 23.07, 22.56, 22.54, 23.35, 22.32, 23.1], [23.19, 23.42, 22.37, 23.22, 21.95, 22.01, 22.57, 21.84]]}","{""smoke"": 0.025627, ""heat_grid"": 0.339647}",smoke,1,0,1,0,0.054604,0.0,1,fire,0.3294,[],[],,2,monitor,LOW,2,monitor,True
"[""heat_grid"", ""smoke""]","{""smoke"": 3929.8023, ""heat_grid"": [[22.37, 38.05, 22.16, 23.98, 23.98, 22.28, 23.2, 23.69], [23.03, 23.05, 24.04, 22.56, 23.15, 22.33, 22.7, 23.8], [23.53, 23.32, 22.32, 23.8, 22.69, 23.17, 22.56, 23.14], [23.22, 22.78, 23.11, 22.91, 23.49, 23.18, 23.85, 22.2], [22.15, 22.47, 22.33, 23.15, 22.5, 22.13, 22.66, 23.11], [23.52, 22.97, 24.02, 22.5, 23.12, 22.6, 23.71, 22.47], [24.02, 23.53, 23.21, 23.16, 22.82, 22.14, 23.93, 23.69], [22.37, 22.34, 22.71, 23.62, 23.1, 23.4, 22.11, 23.94]]}","{""smoke"": 0.39298, ""heat_grid"": 0.475636}",fire_smoke,0,0,0,1,0.0,0.118658,1,smoky,0.7397,[],[],,5,"alert,suppress,evacuate",CRITICAL,5,"alert,suppress,evacuate",True
"[""heat_grid"", ""smoke""]","{""smoke"": 0, ""heat_grid"": [[24.0, 24.0, 24.0, 24.0, 24.0, 24.0, 24.0, 24.0], [24.0, 24.0, 24.0, 24.0, 24.0, 24.0, 24.0, 24.0], [24.0, 24.0, 24.0, 24.0, 24.0, 24.0, 24.0, 24.0], [24.0, 24.0, 24.0, 24.0, 24.0, 24.0, 24.0, 24.0], [24.0, 24.0, 24.0, 24.0, 24.0, 24.0, 24.0, 24.0], [24.0, 24.0, 24.0, 24.0, 24.0, 24.0, 24.0, 24.0], [24.0, 24.0, 24.0, 24.0, 24.0, 24.0, 24.0, 24.0], [24.0, 24.0, 24.0, 24.0, 24.0, 24.0, 24.0, 24.0]]}","{""smoke"": -1, ""heat_grid"": -1}",fire,0,0,0,2,0.0,0.006325,2,smoky,0.5186,[],[],,4,"alert,suppress",HIGH,4,"alert,suppress",True
"[""heat_grid"", ""smoke""]","{""smoke"": 5451.668, ""heat_grid"": [[23.99, 23.87, 24.74, 24.55, 23.9, 24.14, 23.87, 23.88], [24.14, 25.25, 25.07, 24.43, 24.36, 23.47, 24.33, 24.65], [24.96, 24.11, 25.24, 25.08, 23.57, 25.21, 23.85, 25.25], [24.66, 24.23, 24.28, 24.53, 25.09, 25.08, 24.23, 25.1], [24.35, 24.24, 23.89, 25.06, 24.64, 24.26, 24.73, 25.12], [23.8, 24.19, 24.16, 23.55, 43.05, 24.93, 23.91, 25.02], [25.31, 23.85, 24.22, 23.66, 24.79, 24.37, 24.58, 24.96], [24.95, 24.43, 25.17, 25.27, 24.66, 23.48, 24.95, 25.19]]}","{""smoke"": 0.545167, ""heat_grid"": 0.538181}",fire_smoke,0,1,0,2,0.0,0.047725,2,smoky,0.6013,[],[],,5,"alert,suppress,evacuate",CRITICAL,5,"alert,suppress,evacuate",True
"[""heat_grid""]","{""smoke"": 191.6071, ""heat_grid"": [[23.43, 24.82, 22.94, 23.64, 24.64, 23.23, 23.15, 23.6], [23.73, 24.74, 24.54, 23.8, 24.82, 24.16, 24.62, 23.36], [23.85, 22.93, 22.89, 24.28, 23.11, 23.97, 24.26, 22.94], [23.77, 24.24, 24.65, 23.47, 24.82, 24.56, 24.17, 23.66], [24.29, 24.5, 23.48, 24.86, 24.69, 23.84, 24.32, 23.92], [24.39, 24.53, 22.92, 27.77, 23.54, 24.71, 23.67, 24.65], [23.8, 23.45, 24.67, 23.99, 23.59, 22.96, 23.09, 23.15], [23.6, 24.09, 23.49, 23.0, 23.4, 23.69, 24.86, 23.66]]}","{""smoke"": 0.019161, ""heat_grid"": 0.347087}",smoke,0,0,0,0,0.0,0.0,0,clear,0.6487,[],[],,2,monitor,LOW,2,monitor,True
[],"{""smoke"": 23.629, ""heat_grid"": [[21.73, 22.86, 22.93, 21.32, 22.02, 21.86, 22.08, 22.21], [21.14, 22.79, 23.05, 22.41, 22.42, 22.16, 21.77, 21.4], [22.27, 21.19, 22.75, 21.94, 21.93, 21.76, 23.04, 21.45], [21.4, 21.43, 22.42, 25.71, 21.57, 22.91, 21.66, 22.4], [21.18, 22.09, 22.41, 22.17, 21.58, 22.76, 23.04, 22.02], [22.37, 22.68, 21.59, 22.83, 21.66, 22.65, 21.33, 21.68], [22.17, 22.15, 22.8, 23.09, 21.32, 21.64, 21.82, 22.06], [22.09, 22.81, 22.64, 21.14, 22.01, 22.34, 22.02, 21.36]]}","{""smoke"": 0.002363, ""heat_grid"": 0.321437}",none,0,0,0,0,0.0,0.0,0,clear,0.3323,[],[],,1,monitor,MINIMAL,1,monitor,True
"[""heat_grid""]","{""smoke"": 281.4224, ""heat_grid"": [[25.02, 25.05, 25.0, 24.47, 23.87, 25.04, 23.43, 23.53], [24.06, 23.76, 24.42, 25.0, 24.17, 24.3, 24.03, 24.6], [23.39, 23.29, 24.47, 24.26, 24.0, 23.86, 23.29, 24.55], [24.03, 24.08, 24.98, 24.66, 23.63, 24.5, 23.45, 23.58], [24.62, 23.44, 23.75, 24.98, 24.66, 25.05, 24.95, 23.81], [24.45, 23.95, 24.58, 23.89, 23.19, 29.83, 24.73, 23.36], [24.39, 24.9, 24.67, 24.01, 23.61, 25.03, 24.32, 24.0], [25.07, 23.62, 24.07, 23.41, 23.44, 23.99, 24.59, 23.87]]}","{""smoke"": 0.028142, ""heat_grid"": 0.372885}",smoke,1,0,1,1,0.079594,0.00813,1,fire,0.7642,[],[],,3,alert,MODERATE,3,alert,True
"[""heat_grid""]","{""smoke"": 155.5535, ""heat_grid"": [[22.5, 23.73, 22.67, 23.87, 23.36, 22.97, 23.3, 23.25], [24.03, 22.61, 24.04, 22.25, 23.72, 24.02, 22.97, 22.33], [23.79, 23.87, 22.86, 23.22, 23.8, 22.57, 23.44, 23.04], [22.53, 23.85, 28.26, 24.05, 23.32, 23.21, 23.03, 22.98], [23.82, 23.54, 23.73, 23.03, 22.71, 22.36, 23.74, 23.01], [23.2, 23.12, 23.05, 23.55, 23.4, 24.13, 22.46, 23.33], [22.31, 23.8, 23.42, 23.04, 23.79, 23.09, 22.64, 23.13], [22.33, 23.98, 23.65, 23.7, 23.93, 23.77, 23.05, 22.42]]}","{""smoke"": 0.015555, ""heat_grid"": 0.353266}",none,1,0,1,0,0.0572,0.0,1,fire,0.7607,[],[],,2,monitor,LOW,2,monitor,True
"[""heat_grid"", ""smoke""]","{""smoke"": 1768.2936, ""heat_grid"": [[24.27, 24.02, 23.94, 22.7, 23.53, 22.68, 34.47, 23.69], [22.7, 24.44, 23.51, 24.01, 22.9, 24.3, 23.57, 23.73], [23.91, 23.69, 23.74, 24.1, 24.22, 23.22, 24.45, 23.32], [23.15, 23.23, 23.33, 23.24, 24.3, 23.73, 24.54, 22.78], [23.84, 22.8, 23.53, 23.37, 23.97, 24.1, 23.09, 23.0], [23.45, 23.09, 23.96, 23.64, 24.26, 24.57, 23.37, 24.43], [24.16, 22.91, 24.28, 23.57, 24.03, 24.01, 24.38, 24.13], [24.26, 23.25, 24.56, 23.93, 24.16, 24.33, 22.86, 23.28]]}","{""smoke"": 0.176829, ""heat_grid"": 0.430891}",fire_smoke,1,0,1,2,0.091951,0.050819,2,fire,0.4507,[],[],,4,"alert,suppress",HIGH,4,"alert,suppress",True
"[""heat_grid""]","{""smoke"": 164.0451, ""heat_grid"": [[21.76, 22.21, 21.82, 22.09, 21.66, 21.4, 21.21, 21.45], [23.04, 22.29, 22.11, 21.9, 22.55, 21.42, 21.69, 22.45], [22.09, 22.68, 22.93, 22.78, 21.5, 21.32, 21.47, 22.7], [22.96, 22.99, 21.73, 22.82, 22.21, 22.78, 22.23, 21.43], [21.29, 23.05, 21.99, 21.84, 21.85, 21.89, 23.03, 21.26], [21.37, 22.72, 22.23, 21.39, 21.21, 21.58, 21.66, 21.16], [21.57, 22.61, 22.85, 22.93, 21.92, 21.77, 23.14, 22.67], [22.21, 21.65, 21.78, 22.17, 28.56, 21.16, 23.05, 22.29]]}","{""smoke"": 0.016405, ""heat_grid"": 0.357057}",fire,1,0,1,0,0.047074,0.0,1,fire,0.7424,[],[],,2,monitor,LOW,2,monitor,True
"[""heat_grid"", ""smoke""]","{""smoke"": 0, ""heat_grid"": [[24.0, 24.0, 24.0, 24.0, 24.0, 24.0, 24.0, 24.0], [24.0, 24.0, 24.0, 24.0, 24.0, 24.0, 24.0, 24.0], [24.0, 24.0, 24.0, 24.0, 24.0, 24.0, 24.0, 24.0], [24.0, 24.0, 24.0, 24.0, 24.0, 24.0, 24.0, 24.0], [24.0, 24.0, 24.0, 24.0, 24.0, 24.0, 24.0, 24.0], [24.0, 24.0, 24.0, 24.0, 24.0, 24.0, 24.0, 24.0], [24.0, 24.0, 24.0, 24.0, 24.0, 24.0, 24.0, 24.0], [24.0, 24.0, 24.0, 24.0, 24.0, 24.0, 24.0, 24.0]]}","{""smoke"": -1, ""heat_grid"": -1}",fire_smoke,1,0,2,2,0.084207,0.06293,2,fire,0.812,[],[],,5,"alert,suppress,evacuate",CRITICAL,5,"alert,suppress,evacuate",True
"[""heat_grid"", ""smoke""]","{""smoke"": 1018.0083, ""heat_grid"": [[24.11, 22.63, 24.17, 22.68, 22.69, 24.13, 35.63, 23.63], [23.33, 24.27, 23.97, 23.07, 24.03, 22.85, 23.63, 23.91], [23.81, 23.72, 24.06, 23.51, 24.26, 22.69, 23.11, 23.97], [23.02, 23.29, 23.95, 23.48, 22.78, 22.75, 23.0, 23.01], [22.68, 24.07, 22.97, 24.01, 24.35, 23.07, 24.34, 22.78], [23.7, 24.38, 24.02, 22.86, 22.92, 22.93, 24.29, 22.89], [23.42, 23.1, 23.12, 23.22, 23.09, 23.6, 23.25, 23.28], [23.41, 23.11, 23.91, 23.41, 23.42, 22.82, 22.46, 24.02]]}","{""smoke"": 0.101801, ""heat_grid"": 0.445385}",fire,1,1,2,0,0.046404,0.0,2,fire,0.5148,[],[],,4,"alert,suppress",HIGH,4,"alert,suppress",True
"[""heat_grid"", ""smoke""]","{""smoke"": 762.2569, ""heat_grid"": [[22.31, 21.34, 22.44, 23.13, 22.0, 22.28, 21.72, 22.35], [22.87, 21.7, 22.37, 21.98, 22.76, 22.67, 22.66, 22.02], [22.47, 22.57, 22.63, 22.42, 23.0, 21.76, 21.38, 23.19], [21.39, 23.07, 28.31, 23.1, 22.4, 22.91, 22.71, 22.32], [21.99, 21.27, 21.77, 23.17, 21.82, 22.77, 22.28, 21.88], [23.25, 21.36, 22.43, 22.19, 21.42, 21.69, 22.66, 21.48], [22.87, 22.52, 21.47, 21.84, 21.54, 22.86, 22.33, 21.27], [22.35, 22.23, 22.55, 21.34, 21.34, 21.97, 22.64, 22.6]]}","{""smoke"": 0.076226, ""heat_grid"": 0.353825}",smoke,1,0,1,0,0.063066,0.0,1,fire,0.3163,[],[],,3,alert,MODERATE,3,alert,True
"[""heat_grid"", ""smoke""]","{""smoke"": 1029.9097, ""heat_grid"": [[23.47, 23.46, 22.84, 23.55, 23.01, 24.42, 23.38, 24.63], [24.08, 24.23, 24.61, 23.19, 23.85, 22.79, 22.91, 23.45], [24.08, 24.38, 23.23, 24.21, 23.16, 32.46, 22.82, 23.88], [23.71, 23.25, 22.73, 23.85, 24.35, 22.85, 24.19, 23.98], [23.67, 22.81, 24.56, 23.67, 23.51, 24.44, 24.4, 24.17], [24.37, 22.96, 24.24, 23.37, 24.45, 23.45, 22.82, 23.54], [24.23, 23.72, 24.24, 22.78, 23.07, 23.84, 23.48, 24.07], [24.64, 24.03, 23.55, 23.8, 24.54, 24.06, 24.32, 23.32]]}","{""smoke"": 0.102991, ""heat_grid"": 0.405757}",fire,1,1,1,0,0.091224,0.0,1,fire,0.8289,[],[],,4,"alert,suppress",HIGH,4,"alert,suppress",True
[],"{""smoke"": 55.024, ""heat_grid"": [[23.77, 23.7, 23.83, 23.1, 23.84, 22.68, 22.92, 22.56], [23.14, 22.99, 22.68, 23.71, 22.83, 22.75, 22.46, 23.08], [22.81, 22.94, 22.67, 23.73, 24.06, 23.2, 23.49, 23.94], [24.2, 23.43, 23.98, 24.02, 23.79, 23.12, 22.37, 22.23], [23.16, 23.19, 23.02, 23.34, 23.31, 23.88, 22.42, 22.65], [23.79, 23.9, 24.19, 23.95, 23.98, 22.83, 23.01, 22.74], [23.42, 24.08, 22.89, 23.32, 22.8, 22.54, 22.59, 22.32], [24.1, 23.01, 23.87, 23.57, 22.59, 22.55, 23.83, 22.91]]}","{""smoke"": 0.005502, ""heat_grid"": 0.286364}",none,0,0,0,0,0.0,0.0,0,clear,0.278,[],[],,1,monitor,MINIMAL,1,monitor,True
"[""heat_grid"", ""smoke""]","{""smoke"": 3762.3491, ""heat_grid"": [[23.81, 23.7, 22.99, 23.8, 22.91, 24.02, 23.49, 23.75], [24.31, 23.34, 22.79, 24.37, 23.32, 23.4, 23.18, 23.43], [23.63, 24.28, 24.03, 23.62, 24.12, 24.28, 22.71, 23.77], [22.68, 38.02, 24.11, 24.17, 24.36, 23.59, 22.76, 22.84], [23.08, 23.33, 23.64, 23.88, 22.91, 22.97, 22.94, 24.1], [23.19, 22.92, 23.45, 23.08, 23.33, 24.24, 23.26, 22.94], [23.05, 22.66, 24.39, 23.98, 23.52, 23.71, 23.1, 23.4], [23.23, 24.24, 24.08, 23.16, 24.11, 22.78, 22.99, 22.8]]}","{""smoke"": 0.376235, ""heat_grid"": 0.47519}",fire_smoke,1,0,1,0,0.13558,0.0,1,fire,0.4964,[],[],,5,"alert,suppress,evacuate",CRITICAL,5,"alert,suppress,evacuate",True
"[""heat_grid"", ""smoke""]","{""smoke"": 4812.0932, ""heat_grid"": [[23.35, 22.95, 23.42, 22.11, 22.69, 22.67, 22.58, 23.27], [22.99, 22.65, 22.95, 23.29, 23.23, 23.4, 23.58, 23.36], [22.24, 23.57, 22.54, 23.21, 23.86, 22.47, 22.42, 22.24], [23.85, 22.73, 23.45, 21.98, 22.24, 22.01, 23.51, 22.09], [23.73, 23.21, 23.7, 22.7, 22.93, 21.93, 22.81, 23.06], [22.08, 23.84, 21.89, 22.41, 23.11, 22.87, 22.36, 23.85], [22.26, 23.02, 22.11, 21.99, 22.85, 23.49, 22.94, 22.47], [21.91, 23.76, 22.3, 23.03, 39.39, 22.07, 22.22, 22.1]]}","{""smoke"": 0.481209, ""heat_grid"": 0.49239}",fire_smoke,0,0,0,1,0.0,0.101154,1,smoky,0.3697,[],[],,5,"alert,suppress,evacuate",CRITICAL,5,"alert,suppress,evacuate",True
[],"{""smoke"": 5.527, ""heat_grid"": [[22.94, 24.3, 24.39, 22.73, 22.74, 22.76, 23.77, 23.84], [24.23, 24.03, 24.17, 23.58, 24.52, 22.61, 23.33, 23.17], [24.42, 23.68, 24.14, 22.87, 24.48, 23.52, 23.51, 24.47], [23.29, 23.32, 23.7, 22.78, 23.17, 22.91, 22.73, 24.26], [23.7, 23.24, 23.34, 23.39, 23.79, 24.38, 24.39, 23.31], [23.18, 23.43, 23.66, 23.45, 23.84, 23.64, 23.17, 23.22], [23.28, 22.72, 22.86, 23.97, 23.3, 22.96, 23.65, 24.04], [23.04, 24.18, 24.38, 23.72, 23.86, 22.63, 24.42, 23.31]]}","{""smoke"": 0.000553, ""heat_grid"": 0.298038}",none,0,0,0,0,0.0,0.0,0,clear,0.3658,[],[],,1,monitor,MINIMAL,1,monitor,True
[],"{""smoke"": 259.7993, ""heat_grid"": [[22.93, 22.25, 22.11, 21.12, 22.89, 22.19, 22.75, 22.41], [22.69, 22.48, 22.94, 21.55, 21.5, 22.52, 22.1, 22.3], [22.52, 22.19, 22.67, 21.74, 22.82, 21.31, 22.37, 22.88], [21.6, 21.75, 21.71, 22.23, 21.92, 21.31, 22.88, 21.51], [22.17, 22.29, 21.18, 21.29, 23.04, 22.43, 21.17, 22.69], [22.12, 21.25, 22.46, 22.1, 21.51, 22.85, 21.68, 21.67], [21.64, 22.63, 22.51, 26.94, 21.56, 22.67, 22.24, 21.72], [21.17, 22.74, 21.58, 22.36, 22.2, 21.11, 23.09, 22.73]]}","{""smoke"": 0.02598, ""heat_grid"": 0.336762}",fire,0,0,0,0,0.0,0.0,0,clear,0.586,[],[],,2,monitor,LOW,2,monitor,True
"[""heat_grid"", ""smoke""]","{""smoke"": 715.3111, ""heat_grid"": [[24.34, 24.63, 23.61, 24.05, 24.07, 24.34, 23.69, 22.87], [24.61, 22.77, 24.58, 23.16, 23.64, 24.55, 24.01, 23.82], [23.31, 23.24, 22.72, 23.83, 23.51, 23.1, 23.42, 24.54], [24.35, 23.51, 24.61, 23.58, 23.35, 23.43, 24.4, 23.19], [23.1, 24.57, 24.12, 24.18, 34.69, 24.02, 22.84, 24.16], [23.15, 22.92, 24.62, 22.71, 22.72, 23.27, 24.34, 24.61], [22.89, 23.44, 24.12, 23.94, 23.12, 23.31, 23.84, 22.72], [24.17, 23.2, 24.31, 24.02, 23.94, 24.19, 22.8, 23.17]]}","{""smoke"": 0.071531, ""heat_grid"": 0.433656}",fire,1,0,2,2,0.102641,0.0413,2,fire,0.7762,[],[],,4,"alert,suppress",HIGH,4,"alert,suppress",True
[],"{""smoke"": 95.2297, ""heat_grid"": [[24.05, 24.72, 24.57, 24.86, 25.08, 24.65, 23.42, 23.65], [25.19, 25.22, 25.22, 23.36, 24.05, 24.8, 24.79, 23.46], [24.5, 23.57, 24.27, 23.76, 23.39, 23.45, 25.11, 24.77], [25.15, 24.23, 24.11, 24.0, 24.52, 23.99, 24.78, 24.89], [25.04, 23.77, 24.34, 23.73, 23.36, 24.7, 24.38, 24.73], [23.46, 25.28, 25.27, 24.22, 23.02, 23.77, 24.76, 25.04], [24.91, 24.91, 24.21, 24.93, 24.67, 23.55, 23.51, 24.83], [24.54, 24.32, 25.1, 24.6, 24.08, 24.11, 24.5, 24.81]]}","{""smoke"": 0.009523, ""heat_grid"": 0.287795}",none,0,0,0,0,0.0,0.0,0,clear,0.3518,[],[],,1,monitor,MINIMAL,1,monitor,True
[],"{""smoke"": 3.8723, ""heat_grid"": [[23.01, 22.85, 23.25, 23.22, 22.53, 22.58, 23.06, 23.08], [22.52, 22.55, 23.28, 23.19, 22.16, 22.77, 23.68, 21.96], [23.6, 22.22, 22.91, 22.74, 21.91, 23.72, 22.86, 23.8], [22.46, 23.62, 23.74, 23.0, 22.3, 23.26, 22.99, 23.78], [22.77, 22.43, 22.17, 23.29, 23.84, 21.95, 23.37, 23.74], [22.04, 22.11, 23.27, 23.19, 22.03, 23.56, 22.94, 23.71], [23.65, 23.52, 22.92, 22.39, 22.9, 22.09, 23.21, 22.16], [22.91, 22.0, 22.49, 22.35, 23.13, 23.46, 22.01, 23.59]]}","{""smoke"": 0.000387, ""heat_grid"": 0.285805}",none,0,0,0,0,0.0,0.0,0,clear,0.3185,[],[],,1,monitor,MINIMAL,1,monitor,True
"[""heat_grid"", ""smoke""]","{""smoke"": 5088.8046, ""heat_grid"": [[22.85, 22.44, 24.0, 22.67, 22.74, 22.91, 22.21, 22.71], [23.91, 22.2, 22.53, 22.49, 22.52, 23.96, 23.47, 23.89], [23.77, 23.3, 23.17, 23.07, 23.43, 23.46, 23.25, 22.95], [23.4, 22.37, 23.16, 23.09, 23.12, 23.07, 23.55, 23.57], [22.71, 22.75, 22.09, 22.28, 22.58, 23.58, 23.65, 22.55], [23.79, 22.8, 23.65, 22.99, 23.48, 22.77, 38.45, 22.56], [23.45, 23.89, 23.31, 23.59, 22.08, 23.57, 23.72, 22.88], [23.04, 22.16, 22.4, 22.17, 23.52, 23.65, 22.27, 23.9]]}","{""smoke"": 0.50888, ""heat_grid"": 0.480592}",fire_smoke,1,1,2,2,0.146852,0.110896,2,fire,0.4336,[],[],,5,"alert,suppress,evacuate",CRITICAL,5,"alert,suppress,evacuate",True
"[""heat_grid"", ""smoke""]","{""smoke"": 617.4271, ""heat_grid"": [[22.13, 23.1, 22.02, 21.48, 23.28, 22.72, 22.44, 23.02], [22.18, 23.33, 23.07, 21.92, 22.1, 21.91, 22.68, 22.64], [22.4, 23.29, 22.3, 22.93, 22.67, 22.39, 21.44, 30.14], [22.64, 21.61, 22.95, 22.29, 22.01, 23.01, 22.05, 22.6], [22.59, 21.46, 22.2, 21.8, 21.76, 22.67, 21.38, 23.3], [22.15, 21.96, 23.2, 22.33, 22.59, 22.75, 23.1, 21.62], [21.52, 23.35, 21.38, 22.77, 22.58, 22.46, 22.93, 23.34], [21.45, 22.59, 22.79, 21.97, 23.14, 22.27, 21.69, 23.07]]}","{""smoke"": 0.061743, ""heat_grid"": 0.376737}",smoke,1,0,2,0,0.068893,0.0,2,fire,0.429,[],[],,3,alert,MODERATE,3,alert,True
"[""heat_grid"", ""smoke""]","{""smoke"": 548.978, ""heat_grid"": [[22.71, 23.58, 23.01, 23.9, 24.03, 24.23, 24.52, 23.45], [23.87, 22.57, 24.34, 23.76, 23.38, 23.4, 24.05, 24.2], [24.15, 23.55, 23.28, 24.42, 23.8, 23.62, 23.73, 23.79], [23.96, 23.64, 24.28, 24.25, 23.42, 22.87, 23.69, 23.77], [28.49, 24.31, 22.72, 23.11, 24.26, 24.41, 23.39, 22.92], [23.37, 23.45, 23.57, 23.08, 23.16, 23.84, 23.78, 23.86], [23.29, 23.21, 23.24, 24.44, 23.32, 23.75, 23.58, 24.29], [23.27, 23.4, 24.22, 22.86, 23.72, 23.33, 24.5, 23.98]]}","{""smoke"": 0.054898, ""heat_grid"": 0.356093}",fire,0,0,0,1,0.0,0.054223,1,smoky,0.6366,[],[],,3,alert,MODERATE,3,alert,True
[],"{""smoke"": 42.9423, ""heat_grid"": [[23.9, 23.68, 25.2, 24.91, 23.97, 24.97, 24.33, 23.98], [24.97, 24.79, 23.88, 24.5, 24.03, 23.29, 25.21, 24.39], [24.48, 24.49, 24.39, 23.87, 25.23, 24.53, 24.63, 24.2], [23.86, 23.42, 23.99, 23.4, 24.61, 25.05, 23.89, 23.95], [24.63, 23.59, 25.15, 24.02, 23.49, 23.64, 25.15, 23.78], [24.61, 23.6, 23.68, 25.05, 23.58, 23.33, 24.29, 25.01], [23.94, 23.54, 25.25, 24.64, 24.99, 24.79, 24.68, 24.06], [23.94, 24.72, 24.72, 25.19, 24.43, 23.88, 24.27, 24.52]]}","{""smoke"": 0.004294, ""heat_grid"": 0.292478}",none,0,0,0,0,0.0,0.0,0,clear,0.4082,[],[],,1,monitor,MINIMAL,1,monitor,True
"[""heat_grid"", ""smoke""]","{""smoke"": 2816.5011, ""heat_grid"": [[22.51, 22.64, 22.83, 38.31, 23.42, 24.16, 22.76, 22.89], [22.28, 22.98, 23.59, 24.16, 23.72, 22.47, 24.01, 23.91], [22.61, 24.1, 23.66, 23.8, 23.15, 22.64, 23.83, 23.19], [24.17, 22.54, 22.95, 23.71, 23.38, 23.1, 23.64, 23.7], [23.39, 22.87, 23.47, 23.33, 23.83, 23.54, 23.23, 22.27], [22.57, 22.91, 23.44, 23.82, 24.15, 23.43, 23.69, 23.48], [23.1, 23.45, 23.04, 23.14, 24.06, 23.36, 22.44, 23.28], [24.14, 22.43, 24.18, 24.21, 23.36, 22.9, 22.25, 22.27]]}","{""smoke"": 0.28165, ""heat_grid"": 0.478918}",fire_smoke,1,0,1,3,0.141644,0.023573,3,fire,0.5927,[],[],,5,"alert,suppress,evacuate",CRITICAL,5,"alert,suppress,evacuate",True
"[""heat_grid"", ""smoke""]","{""smoke"": 0, ""heat_grid"": [[24.0, 24.0, 24.0, 24.0, 24.0, 24.0, 24.0, 24.0], [24.0, 24.0, 24.0, 24.0, 24.0, 24.0, 24.0, 24.0], [24.0, 24.0, 24.0, 24.0, 24.0, 24.0, 24.0, 24.0], [24.0, 24.0, 24.0, 24.0, 24.0, 24.0, 24.0, 24.0], [24.0, 24.0, 24.0, 24.0, 24.0, 24.0, 24.0, 24.0], [24.0, 24.0, 24.0, 24.0, 24.0, 24.0, 24.0, 24.0], [24.0, 24.0, 24.0, 24.0, 24.0, 24.0, 24.0, 24.0], [24.0, 24.0, 24.0, 24.0, 24.0, 24.0, 24.0, 24.0]]}","{""smoke"": -1, ""heat_grid"": -1}",fire_smoke,1,1,2,3,0.024334,0.060736,3,fire,0.6553,[],[],,5,"alert,suppress,evacuate",CRITICAL,5,"alert,suppress,evacuate",True
"[""heat_grid"", ""smoke""]","{""smoke"": 0, ""heat_grid"": [[24.0, 24.0, 24.0, 24.0, 24.0, 24.0, 24.0, 24.0], [24.0, 24.0, 24.0, 24.0, 24.0, 24.0, 24.0, 24.0], [24.0, 24.0, 24.0, 24.0, 24.0, 24.0, 24.0, 24.0], [24.0, 24.0, 24.0, 24.0, 24.0, 24.0, 24.0, 24.0], [24.0, 24.0, 24.0, 24.0, 24.0, 24.0, 24.0, 24.0], [24.0, 24.0, 24.0, 24.0, 24.0, 24.0, 24.0, 24.0], [24.0, 24.0, 24.0, 24.0, 24.0, 24.0, 24.0, 24.0], [24.0, 24.0, 24.0, 24.0, 24.0, 24.0, 24.0, 24.0]]}","{""smoke"": -1, ""heat_grid"": -1}",fire,1,0,1,0,0.084611,0.0,1,fire,0.4818,[],[],,3,alert,MODERATE,3,alert,True
"[""heat_grid""]","{""smoke"": 154.342, ""heat_grid"": [[23.11, 23.29, 22.24, 22.14, 22.13, 21.7, 22.16, 21.65], [23.17, 22.11, 22.98, 22.68, 23.27, 23.52, 22.33, 28.43], [23.1, 21.64, 22.04, 21.7, 23.39, 21.61, 22.58, 22.44], [22.9, 22.18, 23.34, 23.06, 22.46, 22.31, 23.23, 23.11], [22.39, 22.28, 21.67, 21.76, 21.7, 21.64, 21.9, 23.31], [23.19, 23.29, 22.84, 22.84, 21.84, 22.99, 22.16, 22.63], [23.51, 23.34, 22.06, 23.07, 21.8, 21.65, 21.65, 21.94], [22.99, 22.32, 21.63, 23.57, 22.66, 22.38, 22.63, 22.64]]}","{""smoke"": 0.015434, ""heat_grid"": 0.355431}",none,0,0,0,0,0.0,0.0,0,clear,0.6678,[],[],,2,monitor,LOW,2,monitor,True
"[""heat_grid""]","{""smoke"": 77.1592, ""heat_grid"": [[22.81, 24.09, 23.46, 23.8, 22.68, 24.01, 23.62, 23.87], [23.26, 22.92, 23.49, 24.51, 23.08, 23.98, 22.72, 24.06], [23.1, 23.53, 23.36, 22.85, 23.32, 23.32, 23.67, 24.57], [23.56, 24.45, 23.55, 22.84, 23.08, 23.44, 23.27, 24.36], [23.98, 23.78, 23.61, 23.42, 23.85, 22.87, 22.95, 23.23], [22.97, 23.98, 22.67, 22.94, 24.43, 24.62, 23.6, 23.61], [24.17, 22.7, 23.48, 22.82, 23.43, 28.7, 24.13, 24.59], [24.12, 23.84, 24.13, 23.94, 23.55, 23.21, 23.66, 23.14]]}","{""smoke"": 0.007716, ""heat_grid"": 0.358754}",none,0,0,0,0,0.0,0.0,0,clear,0.3877,[],[],,2,monitor,LOW,2,monitor,True
"[""heat_grid""]","{""smoke"": 165.7638, ""heat_grid"": [[22.64, 23.2, 23.02, 23.61, 23.14, 23.83, 23.13, 22.75], [22.82, 22.36, 23.35, 23.94, 23.81, 23.15, 22.67, 24.0], [22.39, 23.07, 23.99, 23.06, 22.51, 22.81, 23.47, 22.58], [23.58, 23.15, 22.94, 22.76, 23.92, 23.07, 23.75, 23.15], [22.46, 23.15, 23.29, 27.67, 23.91, 24.1, 23.85, 23.44], [23.36, 23.56, 22.85, 23.9, 23.99, 22.81, 24.08, 23.97], [23.12, 24.09, 22.51, 22.33, 22.97, 23.4, 22.98, 24.16], [22.78, 22.84, 23.54, 22.28, 23.73, 23.03, 24.23, 23.66]]}","{""smoke"": 0.016576, ""heat_grid"": 0.345847}",none,0,0,0,0,0.0,0.0,0,clear,0.3556,[],[],,2,monitor,LOW,2,monitor,True
[],"{""smoke"": 193.4317, ""heat_grid"": [[24.07, 24.01, 22.58, 23.58, 22.64, 23.86, 23.48, 22.8], [22.71, 23.07, 23.81, 23.8, 22.28, 22.82, 23.06, 23.38], [22.51, 26.83, 23.98, 23.17, 23.7, 23.18, 23.14, 23.46], [22.73, 22.71, 24.19, 23.95, 23.69, 22.49, 22.27, 22.56], [24.09, 23.85, 23.26, 24.15, 22.51, 23.33, 22.58, 22.83], [24.09, 23.95, 22.42, 22.71, 23.4, 22.34, 23.31, 23.38], [22.79, 22.8, 22.67, 24.08, 22.99, 23.38, 22.82, 23.62], [22.42, 22.36, 23.7, 23.67, 22.74, 22.92, 24.13, 22.42]]}","{""smoke"": 0.019343, ""heat_grid"": 0.335366}",smoke,0,0,0,0,0.0,0.0,0,clear,0.558,[],[],,2,monitor,LOW,2,monitor,True
[],"{""smoke"": 0, ""heat_grid"": [[24.0, 24.0, 24.0, 24.0, 24.0, 24.0, 24.0, 24.0], [24.0, 24.0, 24.0, 24.0, 24.0, 24.0, 24.0, 24.0], [24.0, 24.0, 24.0, 24.0, 24.0, 24.0, 24.0, 24.0], [24.0, 24.0, 24.0, 24.0, 24.0, 24.0, 24.0, 24.0], [24.0, 24.0, 24.0, 24.0, 24.0, 24.0, 24.0, 24.0], [24.0, 24.0, 24.0, 24.0, 24.0, 24.0, 24.0, 24.0], [24.0, 24.0, 24.0, 24.0, 24.0, 24.0, 24.0, 24.0], [24.0, 24.0, 24.0, 24.0, 24.0, 24.0, 24.0, 24.0]]}","{""smoke"": -1, ""heat_grid"": -1}",none,0,0,0,0,0.0,0.0,0,clear,0.3239,[],[],,1,monitor,MINIMAL,1,monitor,True
"[""heat_grid""]","{""smoke"": 256.2377, ""heat_grid"": [[23.21, 24.38, 23.13, 24.76, 24.21, 23.92, 23.9, 23.3], [23.63, 24.39, 24.02, 23.99, 23.32, 24.31, 23.72, 23.3], [24.82, 23.95, 23.99, 24.9, 23.67, 24.82, 24.32, 24.2], [23.4, 23.04, 23.81, 22.95, 23.08, 24.12, 24.38, 23.27], [24.4, 24.83, 24.42, 24.5, 24.33, 28.34, 23.66, 24.83], [24.26, 24.51, 24.87, 23.4, 23.58, 24.22, 22.98, 24.08], [24.55, 24.15, 23.52, 24.38, 23.23, 24.72, 23.14, 24.66], [23.93, 23.79, 23.93, 23.33, 23.85, 24.63, 24.54, 23.26]]}","{""smoke"": 0.025624, ""heat_grid"": 0.354291}",none,0,0,0,0,0.0,0.0,0,clear,0.7919,[],[],,2,monitor,LOW,2,monitor,True
"[""heat_grid"", ""smoke""]","{""smoke"": 648.9831, ""heat_grid"": [[24.25, 22.97, 22.92, 22.77, 23.49, 22.81, 24.14, 23.01], [23.38, 23.46, 23.01, 23.88, 28.57, 23.92, 23.61, 23.32], [23.3, 23.83, 23.15, 23.27, 22.73, 23.76, 22.55, 24.38], [22.69, 23.16, 22.87, 22.98, 23.04, 23.84, 22.75, 22.93], [22.6, 23.06, 24.28, 23.16, 23.95, 23.32, 23.3, 24.05], [22.45, 24.13, 23.37, 23.1, 24.21, 23.08, 24.35, 24.27], [22.93, 23.08, 24.02, 22.79, 23.86, 22.66, 22.81, 23.4], [23.89, 23.88, 23.62, 22.94, 23.23, 22.89, 22.95, 23.05]]}","{""smoke"": 0.064898, ""heat_grid"": 0.357149}",smoke,0,0,0,0,0.0,0.0,0,hazy,0.3255,[],[],,3,alert,MODERATE,3,alert,True
"[""heat_grid"", ""smoke""]","{""smoke"": 1902.2852, ""heat_grid"": [[21.19, 22.65, 21.29, 22.61, 21.73, 22.58, 21.13, 21.71], [21.99, 22.28, 22.7, 21.51, 22.34, 21.33, 22.62, 22.89], [39.1, 21.19, 22.6, 22.79, 22.32, 21.95, 22.56, 21.63], [23.01, 22.72, 22.8, 22.74, 22.89, 21.15, 22.84, 21.52], [21.74, 21.77, 21.49, 21.9, 22.04, 21.32, 21.74, 21.72], [22.37, 22.19, 22.46, 22.59, 22.36, 21.51, 22.03, 21.96], [21.17, 22.81, 21.21, 22.98, 21.09, 22.49, 21.6, 22.84], [22.67, 21.08, 21.07, 22.23, 21.32, 21.05, 22.96, 22.29]]}","{""smoke"": 0.190229, ""heat_grid"": 0.488731}",fire_smoke,1,0,1,1,0.027843,0.101622,1,fire,0.3172,[],[],,5,"alert,suppress,evacuate",CRITICAL,5,"alert,suppress,evacuate",True
"[""heat_grid"", ""smoke""]","{""smoke"": 0, ""heat_grid"": [[24.0, 24.0, 24.0, 24.0, 24.0, 24.0, 24.0, 24.0], [24.0, 24.0, 24.0, 24.0, 24.0, 24.0, 24.0, 24.0], [24.0, 24.0, 24.0, 24.0, 24.0, 24.0, 24.0, 24.0], [24.0, 24.0, 24.0, 24.0, 24.0, 24.0, 24.0, 24.0], [24.0, 24.0, 24.0, 24.0, 24.0, 24.0, 24.0, 24.0], [24.0, 24.0, 24.0, 24.0, 24.0, 24.0, 24.0, 24.0], [24.0, 24.0, 24.0, 24.0, 24.0, 24.0, 24.0, 24.0], [24.0, 24.0, 24.0, 24.0, 24.0, 24.0, 24.0, 24.0]]}","{""smoke"": -1, ""heat_grid"": -1}",fire_smoke,1,0,1,3,0.084611,0.105204,3,fire,0.6466,[],[],,5,"alert,suppress,evacuate",CRITICAL,5,"alert,suppress,evacuate",True
[],"{""smoke"": 80.1802, ""heat_grid"": [[23.63, 24.3, 23.46, 24.24, 24.19, 24.52, 23.09, 24.01], [24.11, 24.47, 24.41, 23.74, 23.75, 22.93, 24.55, 23.11], [24.05, 24.19, 23.48, 23.02, 22.97, 24.31, 23.62, 22.78], [24.03, 23.1, 24.35, 23.21, 23.0, 22.77, 23.62, 23.5], [24.1, 23.52, 23.28, 23.12, 23.15, 24.45, 22.93, 24.57], [23.25, 22.77, 23.09, 22.71, 24.18, 23.62, 23.27, 25.32], [23.86, 24.48, 24.52, 23.96, 24.23, 24.18, 23.58, 24.0], [22.75, 24.11, 24.52, 22.77, 24.27, 24.46, 23.05, 23.65]]}","{""smoke"": 0.008018, ""heat_grid"": 0.316513}",none,0,0,0,0,0.0,0.0,0,clear,0.442,[],[],,1,monitor,MINIMAL,1,monitor,True
"[""heat_grid"", ""smoke""]","{""smoke"": 5111.8666, ""heat_grid"": [[23.15, 23.85, 22.88, 23.73, 23.27, 22.06, 22.99, 22.46], [22.34, 22.51, 23.46, 23.29, 23.11, 23.03, 22.82, 23.81], [23.9, 23.57, 22.61, 23.87, 23.68, 22.29, 22.72, 22.69], [23.5, 23.09, 22.57, 22.5, 22.95, 23.37, 23.06, 22.56], [23.28, 40.56, 22.39, 23.09, 22.79, 22.47, 23.79, 23.95], [22.74, 22.73, 22.22, 23.27, 22.09, 23.03, 22.34, 23.38], [23.9, 22.22, 23.59, 23.7, 22.39, 23.88, 23.28, 23.11], [23.38, 22.61, 22.09, 22.92, 23.52, 23.87, 22.9, 22.56]]}","{""smoke"": 0.511187, ""heat_grid"": 0.506985}",fire_smoke,1,0,1,3,0.038487,0.114329,3,fire,0.4103,[],[],,5,"alert,suppress,evacuate",CRITICAL,5,"alert,suppress,evacuate",True
"[""heat_grid"", ""smoke""]","{""smoke"": 3343.3636, ""heat_grid"": [[23.51, 24.89, 24.58, 25.31, 24.49, 23.94, 24.94, 25.35], [25.19, 23.97, 24.07, 24.89, 24.57, 23.4, 23.66, 23.55], [23.73, 23.99, 25.31, 24.73, 23.49, 24.59, 24.25, 24.88], [25.14, 23.51, 25.34, 23.49, 24.84, 25.18, 24.88, 23.68], [23.79, 23.46, 23.64, 23.5, 23.48, 24.5, 23.53, 24.23], [24.8, 23.41, 24.65, 24.89, 24.45, 24.33, 40.77, 24.44], [24.4, 24.98, 25.05, 24.11, 24.21, 24.98, 24.47, 24.75], [23.53, 23.57, 24.44, 25.02, 24.01, 25.3, 24.9, 24.94]]}","{""smoke"": 0.334336, ""heat_grid"": 0.50961}",fire_smoke,1,0,1,1,0.052897,0.019212,1,fire,0.5282,[],[],,5,"alert,suppress,evacuate",CRITICAL,5,"alert,suppress,evacuate",True
[],"{""smoke"": 47.5333, ""heat_grid"": [[22.65, 22.32, 23.1, 22.41, 23.26, 22.42, 23.53, 22.47], [23.87, 22.13, 23.12, 22.72, 22.53, 23.02, 23.76, 23.91], [22.69, 22.39, 23.52, 23.24, 22.48, 23.6, 23.12, 23.39], [22.8, 22.96, 22.44, 23.59, 22.39, 23.64, 23.68, 23.57], [22.12, 22.63, 23.02, 23.27, 23.92, 22.83, 23.83, 22.41], [22.82, 22.18, 23.56, 22.38, 22.87, 23.63, 23.15, 22.11], [22.08, 23.1, 22.69, 22.44, 23.31, 22.54, 23.26, 22.84], [22.45, 22.36, 22.55, 22.14, 22.7, 23.88, 23.74, 22.82]]}","{""smoke"": 0.004753, ""heat_grid"": 0.285907}",none,0,0,0,0,0.0,0.0,0,clear,0.3635,[],[],,1,monitor,MINIMAL,1,monitor,True
"[""heat_grid""]","{""smoke"": 193.6021, ""heat_grid"": [[22.53, 23.35, 23.77, 23.35, 23.23, 23.87, 22.2, 23.41], [22.99, 22.56, 24.13, 22.98, 22.85, 29.6, 24.17, 23.89], [22.32, 23.31, 22.47, 23.61, 23.14, 22.4, 23.29, 24.0], [22.86, 22.28, 24.07, 22.46, 23.13, 23.26, 22.65, 22.53], [22.4, 22.32, 23.19, 23.86, 22.43, 23.58, 23.0, 22.25], [23.25, 22.68, 23.39, 22.87, 23.51, 24.01, 22.66, 24.05], [22.58, 22.32, 22.56, 23.81, 23.53, 24.12, 23.59, 23.0], [23.96, 24.09, 23.76, 23.29, 23.83, 22.53, 23.98, 24.17]]}","{""smoke"": 0.01936, ""heat_grid"": 0.369971}",smoke,1,0,1,0,0.017277,0.0,1,fire,0.8756,[],[],,3,alert,MODERATE,3,alert,True
"[""heat_grid"", ""smoke""]","{""smoke"": 555.3907, ""heat_grid"": [[23.61, 24.48, 25.22, 23.48, 24.34, 28.9, 24.52, 24.94], [23.6, 25.04, 24.04, 25.12, 24.31, 23.56, 25.4, 25.03], [24.17, 24.01, 24.65, 25.45, 24.05, 25.37, 24.13, 24.88], [24.23, 23.64, 25.34, 23.8, 25.36, 23.68, 24.0, 25.31], [24.79, 23.85, 24.65, 23.83, 25.22, 23.57, 24.53, 23.6], [24.86, 25.34, 25.13, 24.21, 23.94, 23.71, 25.22, 23.63], [24.73, 24.2, 25.46, 24.49, 24.57, 25.31, 25.41, 24.64], [25.06, 24.74, 24.33, 23.59, 24.91, 24.87, 23.7, 23.93]]}","{""smoke"": 0.055539, ""heat_grid"": 0.361243}",fire,1,0,1,0,0.063729,0.0,1,fire,0.7308,[],[],,3,alert,MODERATE,3,alert,True
[],"{""smoke"": 0, ""heat_grid"": [[24.0, 24.0, 24.0, 24.0, 24.0, 24.0, 24.0, 24.0], [24.0, 24.0, 24.0, 24.0, 24.0, 24.0, 24.0, 24.0], [24.0, 24.0, 24.0, 24.0, 24.0, 24.0, 24.0, 24.0], [24.0, 24.0, 24.0, 24.0, 24.0, 24.0, 24.0, 24.0], [24.0, 24.0, 24.0, 24.0, 24.0, 24.0, 24.0, 24.0], [24.0, 24.0, 24.0, 24.0, 24.0, 24.0, 24.0, 24.0], [24.0, 24.0, 24.0, 24.0, 24.0, 24.0, 24.0, 24.0], [24.0, 24.0, 24.0, 24.0, 24.0, 24.0, 24.0, 24.0]]}","{""smoke"": -1, ""heat_grid"": -1}",none,0,0,0,0,0.0,0.0,0,clear,0.4432,[],[],,1,monitor,MINIMAL,1,monitor,True
"[""heat_grid"", ""smoke""]","{""smoke"": 1078.0884, ""heat_grid"": [[22.69, 23.91, 23.48, 23.66, 22.75, 23.11, 22.84, 22.84], [22.19, 23.62, 22.72, 23.1, 23.65, 23.48, 22.33, 23.17], [22.93, 22.45, 22.02, 23.19, 23.49, 23.82, 22.64, 22.73], [22.26, 31.51, 23.63, 23.85, 22.93, 22.35, 23.08, 22.68], [22.63, 22.1, 22.08, 22.69, 23.79, 23.38, 23.46, 22.4], [23.4, 22.75, 22.05, 22.72, 22.2, 23.64, 23.62, 22.51], [23.16, 22.66, 22.24, 23.23, 23.45, 23.48, 22.23, 22.96], [21.98, 22.11, 22.1, 22.05, 22.6, 22.65, 23.33, 22.59]]}","{""smoke"": 0.107809, ""heat_grid"": 0.393857}",fire_smoke,1,0,1,2,0.10568,0.016801,2,fire,0.5177,[],[],,4,"alert,suppress",HIGH,4,"alert,suppress",True
"[""heat_grid"", ""smoke""]","{""smoke"": 1433.8137, ""heat_grid"": [[23.73, 23.46, 25.08, 25.09, 24.53, 25.02, 23.48, 24.08], [23.57, 24.12, 24.74, 24.85, 23.17, 23.94, 25.15, 24.34], [23.75, 23.94, 23.8, 24.05, 24.05, 24.17, 24.09, 24.19], [23.22, 23.27, 23.9, 24.93, 24.74, 23.38, 24.15, 24.37], [24.12, 24.55, 25.15, 23.35, 24.19, 24.18, 24.28, 23.49], [24.44, 23.25, 24.64, 24.49, 23.82, 25.14, 24.82, 24.24], [25.14, 24.82, 23.44, 30.46, 24.32, 24.47, 25.04, 24.14], [23.31, 24.12, 24.73, 23.88, 23.21, 23.77, 24.52, 23.33]]}","{""smoke"": 0.143381, ""heat_grid"": 0.380766}",fire,1,0,1,0,0.059732,0.0,1,fire,0.3849,[],[],,4,"alert,suppress",HIGH,4,"alert,suppress",True
"[""heat_grid"", ""smoke""]","{""smoke"": 556.426, ""heat_grid"": [[23.48, 23.21, 23.05, 24.37, 24.03, 24.3, 23.92, 24.11], [24.38, 23.36, 24.27, 22.54, 22.67, 23.44, 23.36, 23.33], [23.53, 23.53, 24.2, 23.15, 23.09, 23.86, 23.75, 24.12], [23.07, 22.47, 24.34, 22.54, 23.82, 23.1, 23.3, 24.13], [23.29, 22.74, 23.96, 22.5, 23.01, 23.53, 23.33, 23.7], [23.22, 23.24, 23.15, 24.23, 22.49, 24.34, 23.17, 23.19], [23.91, 23.23, 23.69, 24.26, 24.15, 23.49, 23.89, 23.24], [24.01, 22.8, 22.55, 23.54, 22.89, 35.03, 22.66, 22.47]]}","{""smoke"": 0.055643, ""heat_grid"": 0.437854}",fire_smoke,1,0,2,1,0.114482,0.028511,2,fire,0.374,[],[],,4,"alert,suppress",HIGH,4,"alert,suppress",True
"[""heat_grid"", ""smoke""]","{""smoke"": 0, ""heat_grid"": [[24.0, 24.0, 24.0, 24.0, 24.0, 24.0, 24.0, 24.0], [24.0, 24.0, 24.0, 24.0, 24.0, 24.0, 24.0, 24.0], [24.0, 24.0, 24.0, 24.0, 24.0, 24.0, 24.0, 24.0], [24.0, 24.0, 24.0, 24.0, 24.0, 24.0, 24.0, 24.0], [24.0, 24.0, 24.0, 24.0, 24.0, 24.0, 24.0, 24.0], [24.0, 24.0, 24.0, 24.0, 24.0, 24.0, 24.0, 24.0], [24.0, 24.0, 24.0, 24.0, 24.0, 24.0, 24.0, 24.0], [24.0, 24.0, 24.0, 24.0, 24.0, 24.0, 24.0, 24.0]]}","{""smoke"": -1, ""heat_grid"": -1}",fire_smoke,1,1,2,2,0.074314,0.102979,2,fire,0.4285,[],[],,5,"alert,suppress,evacuate",CRITICAL,5,"alert,suppress,evacuate",True
"[""heat_grid"", ""smoke""]","{""smoke"": 0, ""heat_grid"": [[24.0, 24.0, 24.0, 24.0, 24.0, 24.0, 24.0, 24.0], [24.0, 24.0, 24.0, 24.0, 24.0, 24.0, 24.0, 24.0], [24.0, 24.0, 24.0, 24.0, 24.0, 24.0, 24.0, 24.0], [24.0, 24.0, 24.0, 24.0, 24.0, 24.0, 24.0, 24.0], [24.0, 24.0, 24.0, 24.0, 24.0, 24.0, 24.0, 24.0], [24.0, 24.0, 24.0, 24.0, 24.0, 24.0, 24.0, 24.0], [24.0, 24.0, 24.0, 24.0, 24.0, 24.0, 24.0, 24.0], [24.0, 24.0, 24.0, 24.0, 24.0, 24.0, 24.0, 24.0]]}","{""smoke"": -1, ""heat_grid"": -1}",smoke,1,0,1,0,0.060928,0.0,1,fire,0.563,[],[],,3,alert,MODERATE,3,alert,True
[],"{""smoke"": 269.2201, ""heat_grid"": [[22.24, 21.96, 22.58, 22.83, 22.43, 22.42, 23.13, 22.17], [22.81, 23.35, 22.01, 22.8, 23.46, 22.62, 23.52, 22.18], [22.69, 22.19, 21.57, 23.56, 22.04, 23.51, 22.87, 23.37], [23.5, 22.7, 26.51, 23.1, 22.61, 22.87, 21.95, 21.59], [22.08, 22.43, 22.02, 22.59, 22.88, 22.88, 23.35, 23.5], [23.35, 22.8, 21.98, 23.45, 21.91, 21.87, 22.2, 22.71], [22.93, 21.59, 23.12, 21.91, 22.16, 22.21, 22.23, 23.08], [21.65, 21.96, 21.61, 23.12, 23.53, 22.88, 22.74, 23.38]]}","{""smoke"": 0.026922, ""heat_grid"": 0.331401}",fire,1,0,1,0,0.033048,0.0,1,fire,0.4562,[],[],,2,monitor,LOW,2,monitor,True
"[""heat_grid"", ""smoke""]","{""smoke"": 5105.2219, ""heat_grid"": [[24.2, 23.06, 22.9, 24.47, 24.19, 23.13, 24.14, 23.44], [22.9, 23.24, 24.3, 23.57, 23.87, 23.06, 22.97, 23.26], [23.73, 24.48, 24.31, 23.11, 22.93, 23.24, 24.49, 23.82], [24.4, 23.52, 23.97, 23.97, 24.04, 23.73, 23.26, 23.64], [24.73, 23.33, 24.23, 24.67, 23.92, 23.76, 23.03, 24.29], [24.61, 24.75, 37.18, 24.63, 23.53, 24.02, 23.23, 23.28], [24.02, 23.75, 24.71, 23.31, 24.54, 23.71, 23.05, 23.26], [24.3, 24.44, 22.86, 23.6, 23.77, 24.01, 24.09, 24.45]]}","{""smoke"": 0.510522, ""heat_grid"": 0.4647}",fire_smoke,1,0,1,0,0.032041,0.0,1,fire,0.8621,[],[],,5,"alert,suppress,evacuate",CRITICAL,5,"alert,suppress,evacuate",True
"[""heat_grid"", ""smoke""]","{""smoke"": 0, ""heat_grid"": [[24.0, 24.0, 24.0, 24.0, 24.0, 24.0, 24.0, 24.0], [24.0, 24.0, 24.0, 24.0, 24.0, 24.0, 24.0, 24.0], [24.0, 24.0, 24.0, 24.0, 24.0, 24.0, 24.0, 24.0], [24.0, 24.0, 24.0, 24.0, 24.0, 24.0, 24.0, 24.0], [24.0, 24.0, 24.0, 24.0, 24.0, 24.0, 24.0, 24.0], [24.0, 24.0, 24.0, 24.0, 24.0, 24.0, 24.0, 24.0], [24.0, 24.0, 24.0, 24.0, 24.0, 24.0, 24.0, 24.0], [24.0, 24.0, 24.0, 24.0, 24.0, 24.0, 24.0, 24.0]]}","{""smoke"": -1, ""heat_grid"": -1}",fire_smoke,0,0,0,0,0.0,0.0,0,hazy,0.6012,[],[],,4,"alert,suppress",HIGH,4,"alert,suppress",True
"[""heat_grid"", ""smoke""]","{""smoke"": 704.7785, ""heat_grid"": [[22.32, 22.92, 23.24, 21.93, 21.84, 23.39, 22.6, 22.23], [21.9, 23.49, 22.94, 21.93, 21.68, 21.9, 21.99, 21.72], [21.96, 21.73, 22.25, 22.47, 22.41, 23.16, 22.01, 23.27], [23.31, 23.42, 21.86, 21.99, 22.75, 21.78, 21.67, 21.65], [22.71, 23.11, 22.02, 23.37, 23.08, 21.65, 22.31, 21.63], [23.33, 22.98, 22.87, 22.86, 22.07, 23.37, 23.34, 22.98], [22.44, 21.59, 21.55, 21.77, 22.69, 23.09, 23.4, 21.85], [22.05, 28.09, 23.48, 23.06, 22.46, 22.65, 22.62, 22.01]]}","{""smoke"": 0.070478, ""heat_grid"": 0.351079}",smoke,1,0,1,0,0.026008,0.0,1,fire,0.6345,[],[],,3,alert,MODERATE,3,alert,True
"[""heat_grid"", ""smoke""]","{""smoke"": 0, ""heat_grid"": [[24.0, 24.0, 24.0, 24.0, 24.0, 24.0, 24.0, 24.0], [24.0, 24.0, 24.0, 24.0, 24.0, 24.0, 24.0, 24.0], [24.0, 24.0, 24.0, 24.0, 24.0, 24.0, 24.0, 24.0], [24.0, 24.0, 24.0, 24.0, 24.0, 24.0, 24.0, 24.0], [24.0, 24.0, 24.0, 24.0, 24.0, 24.0, 24.0, 24.0], [24.0, 24.0, 24.0, 24.0, 24.0, 24.0, 24.0, 24.0], [24.0, 24.0, 24.0, 24.0, 24.0, 24.0, 24.0, 24.0], [24.0, 24.0, 24.0, 24.0, 24.0, 24.0, 24.0, 24.0]]}","{""smoke"": -1, ""heat_grid"": -1}",fire_smoke,1,1,1,1,0.102426,0.060488,1,fire,0.5894,[],[],,4,"alert,suppress",HIGH,4,"alert,suppress",True
"[""heat_grid"", ""smoke""]","{""smoke"": 0, ""heat_grid"": [[24.0, 24.0, 24.0, 24.0, 24.0, 24.0, 24.0, 24.0], [24.0, 24.0, 24.0, 24.0, 24.0, 24.0, 24.0, 24.0], [24.0, 24.0, 24.0, 24.0, 24.0, 24.0, 24.0, 24.0], [24.0, 24.0, 24.0, 24.0, 24.0, 24.0, 24.0, 24.0], [24.0, 24.0, 24.0, 24.0, 24.0, 24.0, 24.0, 24.0], [24.0, 24.0, 24.0, 24.0, 24.0, 24.0, 24.0, 24.0], [24.0, 24.0, 24.0, 24.0, 24.0, 24.0, 24.0, 24.0], [24.0, 24.0, 24.0, 24.0, 24.0, 24.0, 24.0, 24.0]]}","{""smoke"": -1, ""heat_grid"": -1}",fire_smoke,1,1,2,0,0.042457,0.0,2,fire,0.7821,[],[],,5,"alert,suppress,evacuate",CRITICAL,5,"alert,suppress,evacuate",True
"[""heat_grid"", ""smoke""]","{""smoke"": 1208.1457, ""heat_grid"": [[24.43, 24.14, 23.2, 23.66, 23.72, 23.87, 24.99, 23.5], [24.17, 25.07, 24.32, 23.5, 25.0, 23.76, 23.18, 23.95], [23.56, 24.72, 23.52, 24.72, 23.16, 24.94, 23.17, 24.96], [23.23, 24.83, 24.75, 24.27, 23.16, 24.33, 24.32, 24.2], [24.35, 25.02, 25.07, 24.12, 23.27, 23.35, 24.52, 25.05], [23.96, 23.28, 23.79, 23.85, 25.08, 35.05, 23.32, 23.76], [23.18, 24.39, 24.43, 23.2, 23.75, 24.89, 24.74, 24.23], [24.05, 25.07, 24.53, 24.99, 23.23, 23.51, 23.15, 24.82]]}","{""smoke"": 0.120815, ""heat_grid"": 0.43811}",fire,0,1,0,0,0.0,0.0,0,hazy,0.8845,[],[],,4,"alert,suppress",HIGH,4,"alert,suppress",True
[],"{""smoke"": 53.1428, ""heat_grid"": [[22.08, 21.62, 21.78, 22.39, 22.09, 21.28, 21.24, 21.46], [21.47, 22.31, 21.45, 22.85, 21.51, 21.27, 22.84, 21.68], [21.94, 23.01, 22.98, 22.52, 21.23, 22.28, 23.07, 22.98], [21.3, 21.88, 21.72, 21.35, 22.48, 21.64, 21.78, 21.27], [22.09, 21.41, 21.95, 21.38, 23.0, 21.38, 22.13, 21.48], [21.24, 21.49, 26.04, 21.37, 22.08, 22.39, 21.26, 21.97], [22.25, 21.56, 21.83, 21.23, 21.53, 22.02, 23.07, 23.08], [23.05, 21.94, 21.25, 21.74, 21.57, 21.12, 21.28, 22.0]]}","{""smoke"": 0.005314, ""heat_grid"": 0.325497}",none,0,0,0,0,0.0,0.0,0,clear,0.2861,[],[],,1,monitor,MINIMAL,1,monitor,True
[],"{""smoke"": 0, ""heat_grid"": [[24.0, 24.0, 24.0, 24.0, 24.0, 24.0, 24.0, 24.0], [24.0, 24.0, 24.0, 24.0, 24.0, 24.0, 24.0, 24.0], [24.0, 24.0, 24.0, 24.0, 24.0, 24.0, 24.0, 24.0], [24.0, 24.0, 24.0, 24.0, 24.0, 24.0, 24.0, 24.0], [24.0, 24.0, 24.0, 24.0, 24.0, 24.0, 24.0, 24.0], [24.0, 24.0, 24.0, 24.0, 24.0, 24.0, 24.0, 24.0], [24.0, 24.0, 24.0, 24.0, 24.0, 24.0, 24.0, 24.0], [24.0, 24.0, 24.0, 24.0, 24.0, 24.0, 24.0, 24.0]]}","{""smoke"": -1, ""heat_grid"": -1}",none,0,0,0,0,0.0,0.0,0,clear,0.3256,[],[],,1,monitor,MINIMAL,1,monitor,True
[],"{""smoke"": 0, ""heat_grid"": [[24.0, 24.0, 24.0, 24.0, 24.0, 24.0, 24.0, 24.0], [24.0, 24.0, 24.0, 24.0, 24.0, 24.0, 24.0, 24.0], [24.0, 24.0, 24.0, 24.0, 24.0, 24.0, 24.0, 24.0], [24.0, 24.0, 24.0, 24.0, 24.0, 24.0, 24.0, 24.0], [24.0, 24.0, 24.0, 24.0, 24.0, 24.0, 24.0, 24.0], [24.0, 24.0, 24.0, 24.0, 24.0, 24.0, 24.0, 24.0], [24.0, 24.0, 24.0, 24.0, 24.0, 24.0, 24.0, 24.0], [24.0, 24.0, 24.0, 24.0, 24.0, 24.0, 24.0, 24.0]]}","{""smoke"": -1, ""heat_grid"": -1}",none,1,0,1,0,0.015045,0.0,1,fire,0.3045,[],[],,2,monitor,LOW,2,monitor,True
"[""heat_grid""]","{""smoke"": 256.4789, ""heat_grid"": [[25.17, 24.8, 24.99, 23.74, 25.01, 23.9, 24.46, 23.84], [24.99, 23.97, 23.99, 23.7, 24.92, 24.07, 24.52, 24.14], [25.03, 23.93, 25.36, 24.12, 23.69, 23.96, 23.63, 24.42], [23.98, 25.25, 24.51, 23.95, 24.38, 23.87, 23.84, 24.08], [23.7, 23.86, 25.36, 24.81, 27.45, 23.99, 25.19, 24.21], [23.77, 25.09, 23.6, 24.29, 25.12, 24.71, 24.52, 24.19], [23.63, 25.46, 23.83, 23.99, 23.95, 25.3, 25.01, 24.4], [25.39, 23.59, 25.27, 23.6, 24.26, 23.59, 25.48, 25.31]]}","{""smoke"": 0.025648, ""heat_grid"": 0.343147}",smoke,1,0,1,0,0.020223,0.0,1,fire,0.5697,[],[],,2,monitor,LOW,2,monitor,True
"[""heat_grid"", ""smoke""]","{""smoke"": 0, ""heat_grid"": [[24.0, 24.0, 24.0, 24.0, 24.0, 24.0, 24.0, 24.0], [24.0, 24.0, 24.0, 24.0, 24.0, 24.0, 24.0, 24.0], [24.0, 24.0, 24.0, 24.0, 24.0, 24.0, 24.0, 24.0], [24.0, 24.0, 24.0, 24.0, 24.0, 24.0, 24.0, 24.0], [24.0, 24.0, 24.0, 24.0, 24.0, 24.0, 24.0, 24.0], [24.0, 24.0, 24.0, 24.0, 24.0, 24.0, 24.0, 24.0], [24.0, 24.0, 24.0, 24.0, 24.0, 24.0, 24.0, 24.0], [24.0, 24.0, 24.0, 24.0, 24.0, 24.0, 24.0, 24.0]]}","{""smoke"": -1, ""heat_grid"": -1}",fire_smoke,1,0,2,0,0.026119,0.0,2,fire,0.8822,[],[],,4,"alert,suppress",HIGH,4,"alert,suppress",True
"[""heat_grid""]","{""smoke"": 90.5141, ""heat_grid"": [[23.76, 23.69, 25.14, 24.32, 23.4, 23.68, 23.86, 25.12], [24.01, 23.61, 24.29, 23.96, 23.26, 24.87, 23.18, 28.53], [24.73, 23.3, 24.6, 24.69, 24.35, 24.3, 23.25, 23.27], [24.6, 23.36, 23.63, 24.15, 23.48, 24.73, 24.76, 24.83], [23.25, 24.01, 24.84, 23.88, 24.54, 24.33, 23.84, 23.7], [24.46, 23.42, 24.87, 24.3, 23.37, 24.56, 24.01, 23.56], [25.07, 24.59, 24.34, 24.85, 24.24, 24.03, 23.53, 23.46], [24.01, 24.06, 24.62, 24.03, 24.34, 24.81, 25.14, 23.79]]}","{""smoke"": 0.009051, ""heat_grid"": 0.356569}",fire,1,0,1,0,0.00874,0.0,1,fire,0.5005,[],[],,2,monitor,LOW,2,monitor,True
"[""heat_grid""]","{""smoke"": 233.6099, ""heat_grid"": [[23.59, 23.74, 25.11, 23.74, 24.21, 24.01, 23.93, 23.5], [24.58, 24.25, 24.55, 24.05, 25.33, 24.63, 25.37, 24.14], [23.45, 25.01, 25.1, 23.56, 24.7, 24.77, 23.74, 24.55], [23.93, 23.48, 25.18, 24.43, 25.01, 24.89, 25.43, 28.71], [24.3, 24.01, 24.7, 24.42, 24.9, 24.16, 23.71, 25.17], [25.1, 24.15, 24.83, 24.43, 24.97, 24.23, 24.52, 23.56], [23.79, 25.01, 24.21, 23.52, 23.78, 24.27, 24.88, 24.17], [24.94, 25.16, 24.13, 25.05, 23.7, 24.28, 23.64, 23.55]]}","{""smoke"": 0.023361, ""heat_grid"": 0.358844}",fire,0,0,0,0,0.0,0.0,0,clear,0.3629,[],[],,2,monitor,LOW,2,monitor,True
"[""heat_grid"", ""smoke""]","{""smoke"": 2713.4987, ""heat_grid"": [[22.46, 21.76, 22.77, 21.22, 22.61, 22.67, 22.6, 22.51], [21.52, 21.88, 21.82, 21.53, 22.03, 22.44, 22.0, 22.99], [22.46, 21.93, 21.85, 22.21, 21.91, 21.49, 22.09, 22.39], [21.76, 21.61, 21.48, 21.77, 21.53, 22.57, 22.32, 21.62], [23.03, 22.34, 21.33, 42.44, 22.55, 22.05, 21.51, 22.67], [21.29, 21.88, 22.68, 22.65, 22.31, 21.06, 21.71, 22.75], [22.49, 22.67, 21.17, 22.93, 21.5, 21.71, 22.73, 21.86], [22.33, 22.15, 22.78, 21.36, 21.24, 22.31, 22.73, 22.89]]}","{""smoke"": 0.27135, ""heat_grid"": 0.530463}",fire_smoke,1,0,1,2,0.061664,0.043265,2,fire,0.3145,[],[],,5,"alert,suppress,evacuate",CRITICAL,5,"alert,suppress,evacuate",True
[],"{""smoke"": 37.6539, ""heat_grid"": [[23.62, 25.14, 24.77, 24.96, 24.91, 25.21, 23.86, 23.49], [25.51, 24.2, 23.74, 23.86, 24.15, 23.63, 23.6, 25.32], [24.11, 25.45, 25.42, 23.78, 24.92, 24.69, 24.87, 23.68], [23.87, 23.64, 24.7, 25.46, 24.83, 24.91, 25.46, 24.85], [23.57, 25.22, 24.22, 23.5, 24.5, 25.36, 24.0, 24.47], [23.84, 23.61, 23.65, 24.94, 25.22, 23.78, 24.07, 23.88], [23.54, 24.6, 24.89, 24.79, 24.27, 24.6, 23.68, 23.8], [25.35, 25.01, 25.34, 25.32, 24.79, 25.35, 24.32, 23.5]]}","{""smoke"": 0.003765, ""heat_grid"": 0.318845}",none,0,0,0,0,0.0,0.0,0,clear,0.2719,[],[],,1,monitor,MINIMAL,1,monitor,True
"[""heat_grid"", ""smoke""]","{""smoke"": 315.0609, ""heat_grid"": [[21.62, 22.77, 22.11, 22.6, 22.06, 22.91, 23.33, 21.71], [23.11, 21.85, 22.2, 22.25, 21.95, 21.69, 23.08, 23.13], [23.53, 23.41, 22.41, 21.81, 21.56, 22.6, 23.26, 22.07], [21.94, 22.42, 23.33, 22.44, 22.98, 22.46, 28.19, 22.42], [23.08, 23.05, 22.4, 22.07, 21.82, 21.54, 21.77, 21.87], [22.92, 23.17, 23.01, 22.99, 23.53, 23.46, 22.08, 21.83], [21.85, 23.33, 21.74, 22.22, 22.6, 22.77, 22.73, 23.11], [22.68, 23.24, 21.71, 23.26, 22.72, 21.98, 23.49, 23.42]]}","{""smoke"": 0.031506, ""heat_grid"": 0.352388}",fire,1,0,1,1,0.037482,0.020946,1,fire,0.4097,[],[],,3,alert,MODERATE,3,alert,True
"[""heat_grid"", ""smoke""]","{""smoke"": 769.2866, ""heat_grid"": [[23.88, 23.72, 23.83, 23.84, 22.7, 22.79, 23.85, 23.24], [23.22, 23.0, 24.22, 24.54, 23.87, 24.51, 24.38, 23.05], [22.92, 23.04, 22.81, 23.78, 23.18, 24.44, 23.84, 23.33], [24.58, 24.52, 24.17, 24.2, 24.57, 23.82, 24.37, 22.74], [23.72, 23.62, 22.69, 22.79, 22.66, 23.2, 22.72, 23.46], [24.24, 23.84, 23.96, 22.68, 24.29, 22.91, 23.22, 23.65], [30.96, 24.61, 24.18, 24.07, 23.67, 23.95, 22.9, 23.15], [24.58, 24.57, 23.26, 23.1, 23.07, 23.58, 23.06, 23.91]]}","{""smoke"": 0.076929, ""heat_grid"": 0.386957}",smoke,1,0,1,0,0.028539,0.0,1,fire,0.7665,[],[],,3,alert,MODERATE,3,alert,True
"[""heat_grid"", ""smoke""]","{""smoke"": 457.488, ""heat_grid"": [[21.74, 23.44, 22.67, 23.17, 23.64, 21.73, 23.08, 21.96], [22.64, 23.42, 21.87, 23.7, 22.89, 22.52, 21.76, 22.9], [22.72, 22.16, 22.71, 21.75, 23.72, 22.39, 22.69, 23.3], [23.15, 23.5, 23.61, 22.1, 22.51, 23.1, 21.82, 23.16], [21.74, 23.55, 23.16, 22.86, 22.58, 23.7, 29.23, 23.34], [23.38, 21.77, 21.83, 22.12, 23.04, 22.97, 22.38, 23.67], [21.91, 23.28, 22.69, 22.56, 21.78, 23.18, 23.27, 22.36], [22.76, 22.94, 22.46, 22.96, 22.59, 23.48, 23.16, 21.95]]}","{""smoke"": 0.045749, ""heat_grid"": 0.365433}",fire,0,0,0,0,0.0,0.0,0,hazy,0.8613,[],[],,3,alert,MODERATE,3,alert,True
"[""heat_grid""]","{""smoke"": 189.303, ""heat_grid"": [[24.49, 23.51, 23.37, 24.53, 23.44, 24.71, 24.23, 24.07], [23.67, 25.09, 24.56, 24.68, 24.66, 24.29, 25.0, 24.29], [24.16, 23.67, 23.68, 24.59, 23.79, 24.58, 25.03, 24.0], [23.31, 24.45, 23.14, 24.69, 24.17, 24.1, 24.26, 24.15], [23.77, 23.68, 23.95, 24.91, 23.39, 23.77, 23.5, 23.97], [23.39, 24.64, 23.33, 24.45, 23.66, 24.06, 23.52, 24.58], [25.02, 23.56, 25.03, 23.77, 24.24, 24.52, 23.52, 24.01], [23.26, 24.51, 28.21, 24.9, 23.67, 24.97, 23.4, 24.33]]}","{""smoke"": 0.01893, ""heat_grid"": 0.352648}",none,0,0,0,0,0.0,0.0,0,clear,0.3564,[],[],,2,monitor,LOW,2,monitor,True
[],"{""smoke"": 0, ""heat_grid"": [[24.0, 24.0, 24.0, 24.0, 24.0, 24.0, 24.0, 24.0], [24.0, 24.0, 24.0, 24.0, 24.0, 24.0, 24.0, 24.0], [24.0, 24.0, 24.0, 24.0, 24.0, 24.0, 24.0, 24.0], [24.0, 24.0, 24.0, 24.0, 24.0, 24.0, 24.0, 24.0], [24.0, 24.0, 24.0, 24.0, 24.0, 24.0, 24.0, 24.0], [24.0, 24.0, 24.0, 24.0, 24.0, 24.0, 24.0, 24.0], [24.0, 24.0, 24.0, 24.0, 24.0, 24.0, 24.0, 24.0], [24.0, 24.0, 24.0, 24.0, 24.0, 24.0, 24.0, 24.0]]}","{""smoke"": -1, ""heat_grid"": -1}",none,0,0,0,0,0.0,0.0,0,clear,0.2867,[],[],,1,monitor,MINIMAL,1,monitor,True
"[""heat_grid"", ""smoke""]","{""smoke"": 915.3934, ""heat_grid"": [[23.71, 22.88, 23.26, 22.82, 22.54, 22.97, 23.47, 23.93], [22.11, 23.09, 23.3, 22.2, 23.68, 22.58, 23.78, 23.13], [22.33, 23.5, 22.34, 23.47, 23.64, 23.18, 22.57, 22.9], [23.08, 23.36, 23.29, 22.83, 23.54, 23.57, 23.42, 22.57], [22.96, 22.89, 23.66, 23.64, 23.76, 22.49, 23.52, 23.77], [22.36, 22.11, 22.24, 23.24, 22.87, 22.42, 23.08, 23.6], [23.74, 23.53, 23.8, 23.23, 23.7, 22.86, 23.73, 23.82], [23.4, 22.89, 22.59, 22.68, 22.29, 22.12, 22.85, 31.97]]}","{""smoke"": 0.091539, ""heat_grid"": 0.399686}",fire_smoke,0,0,0,1,0.0,0.085148,1,smoky,0.5666,[],[],,4,"alert,suppress",HIGH,4,"alert,suppress",True
[],"{""smoke"": 75.6307, ""heat_grid"": [[24.04, 22.53, 22.52, 22.89, 23.15, 22.89, 23.82, 22.78], [22.46, 23.12, 23.84, 23.99, 23.76, 23.41, 23.74, 23.65], [22.76, 23.39, 23.83, 22.92, 23.6, 23.25, 23.15, 22.47], [23.62, 24.02, 22.57, 23.02, 22.39, 22.35, 24.27, 23.28], [23.0, 22.84, 24.25, 22.79, 23.74, 22.86, 22.43, 23.66], [22.29, 23.64, 22.79, 23.78, 23.83, 23.74, 22.34, 23.7], [24.27, 22.77, 22.84, 23.92, 22.61, 23.61, 23.8, 22.36], [23.4, 23.44, 22.9, 24.04, 22.61, 23.02, 23.99, 22.67]]}","{""smoke"": 0.007563, ""heat_grid"": 0.289386}",none,0,0,0,0,0.0,0.0,0,clear,0.2658,[],[],,1,monitor,MINIMAL,1,monitor,True
[],"{""smoke"": 18.7861, ""heat_grid"": [[24.46, 23.55, 24.09, 23.68, 24.05, 23.8, 23.87, 22.94], [23.97, 22.96, 24.45, 22.94, 22.96, 24.21, 22.97, 23.21], [23.92, 22.81, 22.81, 23.46, 22.98, 22.96, 22.51, 23.23], [23.12, 22.55, 23.73, 23.74, 22.63, 23.12, 24.23, 23.65], [23.31, 23.42, 22.9, 24.11, 24.32, 24.31, 22.94, 23.11], [22.81, 23.1, 23.15, 23.75, 22.87, 24.93, 22.69, 22.5], [24.2, 23.9, 23.2, 23.68, 22.94, 22.82, 23.43, 23.19], [23.72, 22.92, 23.81, 24.02, 22.82, 22.58, 23.37, 24.04]]}","{""smoke"": 0.001879, ""heat_grid"": 0.311583}",none,0,0,0,0,0.0,0.0,0,clear,0.3904,[],[],,1,monitor,MINIMAL,1,monitor,True
"[""heat_grid""]","{""smoke"": 138.081, ""heat_grid"": [[24.42, 22.91, 24.17, 23.83, 24.19, 22.91, 23.44, 22.83], [24.49, 22.69, 22.7, 24.37, 23.17, 23.76, 23.14, 23.87], [22.95, 23.49, 23.64, 23.24, 23.07, 22.85, 23.98, 22.91], [23.15, 23.24, 23.48, 23.97, 23.42, 24.31, 23.93, 24.25], [24.0, 22.87, 24.52, 24.14, 23.71, 22.9, 22.91, 23.8], [23.4, 23.92, 23.31, 23.59, 22.94, 22.88, 22.72, 28.38], [23.68, 24.46, 24.07, 24.11, 23.59, 24.2, 24.45, 24.01], [22.78, 23.87, 22.81, 22.72, 23.95, 24.24, 22.89, 22.72]]}","{""smoke"": 0.013808, ""heat_grid"": 0.354758}",fire,1,0,1,0,0.00693,0.0,1,fire,0.7326,[],[],,2,monitor,LOW,2,monitor,True
"[""heat_grid"", ""smoke""]","{""smoke"": 0, ""heat_grid"": [[24.0, 24.0, 24.0, 24.0, 24.0, 24.0, 24.0, 24.0], [24.0, 24.0, 24.0, 24.0, 24.0, 24.0, 24.0, 24.0], [24.0, 24.0, 24.0, 24.0, 24.0, 24.0, 24.0, 24.0], [24.0, 24.0, 24.0, 24.0, 24.0, 24.0, 24.0, 24.0], [24.0, 24.0, 24.0, 24.0, 24.0, 24.0, 24.0, 24.0], [24.0, 24.0, 24.0, 24.0, 24.0, 24.0, 24.0, 24.0], [24.0, 24.0, 24.0, 24.0, 24.0, 24.0, 24.0, 24.0], [24.0, 24.0, 24.0, 24.0, 24.0, 24.0, 24.0, 24.0]]}","{""smoke"": -1, ""heat_grid"": -1}",fire_smoke,1,0,1,3,0.067948,0.105229,3,fire,0.8055,[],[],,5,"alert,suppress,evacuate",CRITICAL,5,"alert,suppress,evacuate",True
"[""heat_grid"", ""smoke""]","{""smoke"": 0, ""heat_grid"": [[24.0, 24.0, 24.0, 24.0, 24.0, 24.0, 24.0, 24.0], [24.0, 24.0, 24.0, 24.0, 24.0, 24.0, 24.0, 24.0], [24.0, 24.0, 24.0, 24.0, 24.0, 24.0, 24.0, 24.0], [24.0, 24.0, 24.0, 24.0, 24.0, 24.0, 24.0, 24.0], [24.0, 24.0, 24.0, 24.0, 24.0, 24.0, 24.0, 24.0], [24.0, 24.0, 24.0, 24.0, 24.0, 24.0, 24.0, 24.0], [24.0, 24.0, 24.0, 24.0, 24.0, 24.0, 24.0, 24.0], [24.0, 24.0, 24.0, 24.0, 24.0, 24.0, 24.0, 24.0]]}","{""smoke"": -1, ""heat_grid"": -1}",smoke,1,0,2,1,0.03252,0.054352,2,fire,0.7051,[],[],,3,alert,MODERATE,3,alert,True
[],"{""smoke"": 21.8411, ""heat_grid"": [[22.55, 21.95, 23.39, 21.51, 22.91, 22.99, 21.58, 21.78], [23.01, 23.18, 22.52, 22.75, 23.01, 23.1, 22.39, 22.46], [22.88, 21.97, 23.15, 21.48, 21.83, 23.04, 22.12, 21.74], [21.81, 22.5, 23.13, 21.58, 21.5, 22.37, 23.35, 22.0], [23.36, 23.22, 22.01, 23.08, 22.81, 22.46, 22.29, 23.07], [23.03, 22.96, 23.44, 22.4, 23.05, 23.17, 21.86, 21.53], [22.25, 23.15, 22.02, 22.84, 21.46, 22.15, 22.67, 21.7], [23.23, 21.75, 23.26, 21.87, 23.43, 22.65, 21.61, 21.57]]}","{""smoke"": 0.002184, ""heat_grid"": 0.287641}",none,0,0,0,0,0.0,0.0,0,clear,0.368,[],[],,1,monitor,MINIMAL,1,monitor,True
"[""heat_grid"", ""smoke""]","{""smoke"": 599.4806, ""heat_grid"": [[22.97, 23.19, 23.97, 23.52, 23.39, 22.89, 22.09, 23.1], [23.34, 23.43, 34.05, 22.62, 22.46, 22.2, 23.43, 23.96], [23.07, 23.37, 23.41, 22.35, 22.41, 22.44, 23.89, 22.05], [23.1, 22.78, 23.34, 22.46, 23.94, 22.68, 23.87, 23.2], [22.85, 23.49, 23.13, 22.3, 23.43, 23.18, 23.15, 23.5], [23.33, 22.75, 22.66, 22.52, 23.17, 22.62, 22.26, 23.59], [22.44, 22.35, 23.72, 23.43, 23.55, 22.72, 23.26, 23.89], [22.59, 22.16, 22.36, 23.82, 22.59, 23.01, 23.09, 23.94]]}","{""smoke"": 0.059948, ""heat_grid"": 0.425613}",fire,0,0,0,1,0.0,0.096022,1,smoky,0.4208,[],[],,4,"alert,suppress",HIGH,4,"alert,suppress",True
[],"{""smoke"": 278.9299, ""heat_grid"": [[23.61, 23.14, 23.68, 22.37, 22.36, 22.87, 22.0, 23.37], [22.58, 23.1, 22.13, 22.33, 23.23, 22.6, 22.42, 22.44], [22.42, 23.23, 22.32, 22.71, 23.36, 23.01, 23.18, 22.49], [23.85, 22.81, 22.56, 23.79, 23.3, 23.21, 23.76, 22.1], [23.66, 23.34, 22.71, 22.5, 22.2, 23.87, 22.27, 22.5], [23.37, 23.41, 22.31, 23.61, 23.01, 23.68, 22.16, 22.07], [23.26, 22.29, 23.04, 22.01, 23.55, 23.78, 23.66, 26.52], [23.79, 22.87, 22.78, 23.78, 23.84, 23.93, 23.52, 22.39]]}","{""smoke"": 0.027893, ""heat_grid"": 0.331529}",none,1,0,1,0,0.041637,0.0,1,fire,0.8144,[],[],,2,monitor,LOW,2,monitor,True
"[""heat_grid""]","{""smoke"": 119.3046, ""heat_grid"": [[23.08, 23.22, 22.72, 22.39, 22.53, 22.18, 21.49, 23.18], [21.99, 21.95, 21.71, 23.31, 23.21, 22.03, 21.85, 22.94], [22.17, 23.26, 23.13, 22.85, 21.51, 22.73, 23.3, 22.07], [23.09, 22.14, 23.27, 22.63, 21.52, 22.28, 21.43, 22.12], [23.16, 21.79, 29.93, 21.53, 22.66, 23.26, 22.64, 23.12], [23.31, 22.61, 22.89, 21.39, 22.18, 21.9, 22.98, 22.68], [22.56, 23.19, 21.5, 23.23, 21.53, 22.02, 22.59, 22.01], [22.69, 22.88, 22.98, 21.69, 21.69, 21.43, 22.31, 21.6]]}","{""smoke"": 0.01193, ""heat_grid"": 0.374135}",smoke,1,0,2,1,0.085636,0.062545,2,fire,0.3004,[],[],,3,alert,MODERATE,3,alert,True
"[""heat_grid"", ""smoke""]","{""smoke"": 770.0912, ""heat_grid"": [[24.18, 22.96, 23.78, 23.3, 24.01, 29.84, 23.37, 23.82], [23.44, 22.99, 23.45, 24.22, 22.93, 23.25, 24.5, 24.34], [22.59, 23.58, 22.65, 24.37, 23.4, 23.36, 23.06, 23.66], [22.81, 24.12, 23.5, 23.65, 24.2, 22.89, 22.87, 23.36], [24.09, 22.64, 24.11, 23.52, 23.64, 23.65, 22.63, 23.02], [24.03, 23.34, 23.64, 24.41, 22.61, 23.42, 23.24, 22.73], [24.42, 24.44, 23.14, 24.41, 22.59, 24.48, 24.19, 22.95], [23.72, 24.12, 23.16, 23.23, 23.78, 22.81, 22.75, 23.02]]}","{""smoke"": 0.077009, ""heat_grid"": 0.372943}",smoke,0,0,0,0,0.0,0.0,0,hazy,0.6044,[],[],,3,alert,MODERATE,3,alert,True
"[""heat_grid"", ""smoke""]","{""smoke"": 0, ""heat_grid"": [[24.0, 24.0, 24.0, 24.0, 24.0, 24.0, 24.0, 24.0], [24.0, 24.0, 24.0, 24.0, 24.0, 24.0, 24.0, 24.0], [24.0, 24.0, 24.0, 24.0, 24.0, 24.0, 24.0, 24.0], [24.0, 24.0, 24.0, 24.0, 24.0, 24.0, 24.0, 24.0], [24.0, 24.0, 24.0, 24.0, 24.0, 24.0, 24.0, 24.0], [24.0, 24.0, 24.0, 24.0, 24.0, 24.0, 24.0, 24.0], [24.0, 24.0, 24.0, 24.0, 24.0, 24.0, 24.0, 24.0], [24.0, 24.0, 24.0, 24.0, 24.0, 24.0, 24.0, 24.0]]}","{""smoke"": -1, ""heat_grid"": -1}",fire_smoke,1,1,2,0,0.006702,0.0,2,fire,0.8957,[],[],,4,"alert,suppress",HIGH,4,"alert,suppress",True
"[""heat_grid""]","{""smoke"": 213.1107, ""heat_grid"": [[24.49, 24.56, 23.48, 23.86, 24.24, 22.63, 23.68, 23.94], [24.06, 23.37, 23.22, 22.99, 23.75, 24.47, 24.42, 23.35], [23.15, 24.21, 24.08, 23.64, 23.41, 22.88, 24.2, 23.87], [23.38, 24.47, 23.95, 24.49, 23.58, 23.54, 24.51, 24.55], [24.55, 24.27, 23.56, 23.05, 23.4, 24.51, 23.36, 24.14], [24.48, 24.57, 24.53, 28.63, 23.61, 24.61, 23.07, 23.01], [24.56, 24.01, 23.7, 22.89, 23.66, 24.52, 23.84, 23.44], [23.73, 24.4, 24.46, 23.43, 23.85, 23.19, 23.53, 23.07]]}","{""smoke"": 0.021311, ""heat_grid"": 0.357875}",smoke,1,0,1,0,0.036803,0.0,1,fire,0.5027,[],[],,2,monitor,LOW,2,monitor,True
"[""heat_grid"", ""smoke""]","{""smoke"": 740.8748, ""heat_grid"": [[25.37, 25.05, 24.27, 24.48, 24.39, 23.7, 25.09, 24.74], [24.66, 23.83, 23.69, 25.13, 23.74, 23.53, 24.64, 24.79], [23.62, 23.8, 24.96, 25.24, 33.51, 24.97, 24.02, 24.79], [24.5, 25.07, 24.94, 23.95, 23.68, 25.0, 23.45, 24.74], [24.34, 23.54, 24.76, 24.35, 25.11, 23.8, 23.39, 23.65], [23.92, 24.69, 24.11, 23.62, 25.35, 23.6, 24.1, 25.14], [24.69, 24.03, 25.33, 24.39, 23.4, 23.4, 25.27, 23.95], [25.01, 23.47, 23.68, 25.1, 25.37, 23.49, 23.72, 24.83]]}","{""smoke"": 0.074087, ""heat_grid"": 0.41884}",fire_smoke,1,0,1,1,0.027364,0.094816,1,fire,0.4034,[],[],,4,"alert,suppress",HIGH,4,"alert,suppress",True
"[""heat_grid"", ""smoke""]","{""smoke"": 4391.0074, ""heat_grid"": [[22.9, 24.44, 23.06, 23.98, 23.09, 24.06, 24.15, 24.13], [23.5, 23.86, 23.84, 24.09, 23.64, 23.66, 24.01, 22.99], [23.95, 22.94, 24.09, 23.42, 24.32, 22.82, 23.57, 22.98], [24.38, 22.9, 23.62, 22.86, 24.24, 23.21, 23.83, 22.99], [23.35, 22.87, 23.75, 22.65, 24.63, 23.48, 23.9, 23.22], [43.47, 24.34, 24.16, 23.93, 24.15, 23.0, 24.51, 23.55], [24.38, 24.12, 23.22, 23.78, 24.58, 22.72, 23.5, 23.89], [23.32, 23.28, 24.14, 24.48, 23.72, 24.54, 22.85, 23.1]]}","{""smoke"": 0.439101, ""heat_grid"": 0.543387}",fire_smoke,1,1,1,1,0.095874,0.029057,1,fire,0.5691,[],[],,5,"alert,suppress,evacuate",CRITICAL,5,"alert,suppress,evacuate",True
"[""heat_grid"", ""smoke""]","{""smoke"": 1867.6977, ""heat_grid"": [[25.06, 24.78, 24.23, 23.27, 23.28, 23.52, 24.02, 25.04], [23.48, 24.21, 25.13, 23.16, 23.22, 23.67, 23.58, 24.13], [23.97, 24.3, 23.42, 24.5, 23.56, 24.03, 23.2, 24.72], [24.38, 23.55, 24.33, 24.0, 24.78, 25.1, 23.38, 24.11], [23.65, 24.63, 23.2, 24.22, 42.6, 23.91, 24.81, 23.42], [24.97, 24.71, 23.91, 23.39, 24.17, 24.47, 23.39, 25.0], [24.65, 25.03, 23.73, 24.0, 23.61, 23.68, 23.42, 23.38], [24.47, 23.44, 23.4, 24.2, 24.54, 24.69, 24.29, 23.53]]}","{""smoke"": 0.18677, ""heat_grid"": 0.532498}",fire_smoke,1,0,1,2,0.042424,0.022338,2,fire,0.8554,[],[],,5,"alert,suppress,evacuate",CRITICAL,5,"alert,suppress,evacuate",True
"[""heat_grid"", ""smoke""]","{""smoke"": 529.1207, ""heat_grid"": [[23.64, 23.83, 24.92, 23.51, 23.37, 25.2, 24.08, 24.58], [23.52, 23.71, 24.19, 24.62, 23.85, 25.03, 34.98, 24.37], [24.18, 24.5, 24.73, 23.54, 24.97, 24.24, 25.14, 25.18], [23.33, 24.03, 24.32, 24.34, 24.91, 23.55, 24.51, 25.15], [25.26, 23.29, 25.21, 23.51, 24.34, 23.76, 24.48, 23.34], [23.74, 23.87, 25.1, 24.43, 24.68, 24.62, 24.05, 23.29], [23.48, 24.18, 25.15, 23.76, 24.66, 24.92, 25.08, 23.85], [25.13, 24.48, 24.28, 24.82, 23.74, 24.89, 24.57, 24.86]]}","{""smoke"": 0.052912, ""heat_grid"": 0.437193}",fire,0,1,0,1,0.0,0.00849,1,smoky,0.4786,[],[],,4,"alert,suppress",HIGH,4,"alert,suppress",True
"[""heat_grid"", ""smoke""]","{""smoke"": 0, ""heat_grid"": [[24.0, 24.0, 24.0, 24.0, 24.0, 24.0, 24.0, 24.0], [24.0, 24.0, 24.0, 24.0, 24.0, 24.0, 24.0, 24.0], [24.0, 24.0, 24.0, 24.0, 24.0, 24.0, 24.0, 24.0], [24.0, 24.0, 24.0, 24.0, 24.0, 24.0, 24.0, 24.0], [24.0, 24.0, 24.0, 24.0, 24.0, 24.0, 24.0, 24.0], [24.0, 24.0, 24.0, 24.0, 24.0, 24.0, 24.0, 24.0], [24.0, 24.0, 24.0, 24.0, 24.0, 24.0, 24.0, 24.0], [24.0, 24.0, 24.0, 24.0, 24.0, 24.0, 24.0, 24.0]]}","{""smoke"": -1, ""heat_grid"": -1}",fire,1,0,1,2,0.026594,0.099092,2,fire,0.3197,[],[],,4,"alert,suppress",HIGH,4,"alert,suppress",True
"[""heat_grid"", ""smoke""]","{""smoke"": 0, ""heat_grid"": [[24.0, 24.0, 24.0, 24.0, 24.0, 24.0, 24.0, 24.0], [24.0, 24.0, 24.0, 24.0, 24.0, 24.0, 24.0, 24.0], [24.0, 24.0, 24.0, 24.0, 24.0, 24.0, 24.0, 24.0], [24.0, 24.0, 24.0, 24.0, 24.0, 24.0, 24.0, 24.0], [24.0, 24.0, 24.0, 24.0, 24.0, 24.0, 24.0, 24.0], [24.0, 24.0, 24.0, 24.0, 24.0, 24.0, 24.0, 24.0], [24.0, 24.0, 24.0, 24.0, 24.0, 24.0, 24.0, 24.0], [24.0, 24.0, 24.0, 24.0, 24.0, 24.0, 24.0, 24.0]]}","{""smoke"": -1, ""heat_grid"": -1}",fire,1,0,2,1,0.063303,0.034344,2,fire,0.5501,[],[],,3,alert,MODERATE,3,alert,True
[],"{""smoke"": 277.1625, ""heat_grid"": [[23.13, 22.32, 22.61, 22.02, 21.39, 23.19, 23.26, 22.0], [23.16, 21.61, 21.58, 21.42, 22.06, 21.38, 22.06, 21.55], [22.74, 22.94, 22.65, 21.68, 22.81, 21.77, 22.79, 22.41], [22.01, 21.44, 22.93, 23.15, 22.61, 23.2, 23.14, 21.66], [22.74, 21.97, 22.25, 21.59, 23.23, 22.73, 21.81, 22.02], [22.12, 22.77, 23.13, 21.92, 22.22, 22.46, 22.06, 22.28], [21.49, 21.61, 22.08, 23.11, 21.97, 21.78, 22.76, 23.17], [22.19, 21.29, 22.65, 22.11, 22.62, 26.9, 21.28, 21.96]]}","{""smoke"": 0.027716, ""heat_grid"": 0.336265}",fire,0,0,0,0,0.0,0.0,0,clear,0.4315,[],[],,2,monitor,LOW,2,monitor,True
"[""heat_grid"", ""smoke""]","{""smoke"": 5949.6508, ""heat_grid"": [[24.76, 23.34, 24.87, 23.97, 24.43, 23.57, 23.6, 23.66], [23.63, 23.06, 23.56, 24.23, 24.74, 23.02, 22.97, 24.12], [24.34, 24.15, 24.88, 23.39, 23.9, 24.77, 24.17, 24.09], [37.61, 23.61, 23.25, 23.2, 24.58, 24.65, 23.4, 23.85], [24.11, 23.21, 24.63, 23.77, 24.66, 24.46, 23.53, 24.37], [24.42, 23.56, 23.44, 24.58, 24.29, 24.42, 23.56, 24.38], [24.37, 23.6, 23.48, 23.8, 24.41, 23.32, 24.69, 23.45], [24.62, 23.25, 24.42, 24.06, 24.26, 24.89, 23.04, 23.24]]}","{""smoke"": 0.594965, ""heat_grid"": 0.470087}",fire_smoke,0,1,0,2,0.0,0.101337,2,smoky,0.3329,[],[],,5,"alert,suppress,evacuate",CRITICAL,5,"alert,suppress,evacuate",True
"[""heat_grid"", ""smoke""]","{""smoke"": 0, ""heat_grid"": [[24.0, 24.0, 24.0, 24.0, 24.0, 24.0, 24.0, 24.0], [24.0, 24.0, 24.0, 24.0, 24.0, 24.0, 24.0, 24.0], [24.0, 24.0, 24.0, 24.0, 24.0, 24.0, 24.0, 24.0], [24.0, 24.0, 24.0, 24.0, 24.0, 24.0, 24.0, 24.0], [24.0, 24.0, 24.0, 24.0, 24.0, 24.0, 24.0, 24.0], [24.0, 24.0, 24.0, 24.0, 24.0, 24.0, 24.0, 24.0], [24.0, 24.0, 24.0, 24.0, 24.0, 24.0, 24.0, 24.0], [24.0, 24.0, 24.0, 24.0, 24.0, 24.0, 24.0, 24.0]]}","{""smoke"": -1, ""heat_grid"": -1}",fire_smoke,0,0,0,1,0.0,0.045897,1,smoky,0.6627,[],[],,4,"alert,suppress",HIGH,4,"alert,suppress",True
"[""heat_grid""]","{""smoke"": 23.0725, ""heat_grid"": [[24.93, 23.39, 23.97, 23.25, 23.72, 23.18, 23.58, 25.03], [23.14, 24.76, 23.2, 24.1, 23.95, 24.91, 23.44, 23.41], [24.54, 24.5, 24.45, 23.1, 23.57, 24.73, 24.25, 24.25], [23.64, 23.57, 24.94, 24.5, 23.3, 24.92, 24.21, 23.71], [23.84, 24.5, 23.8, 24.2, 24.47, 23.44, 24.94, 23.76], [23.89, 24.44, 24.26, 23.93, 24.35, 24.85, 24.65, 24.7], [23.56, 23.89, 24.15, 23.14, 24.59, 23.69, 23.61, 23.57], [23.61, 23.72, 24.26, 24.21, 27.88, 23.46, 24.7, 23.23]]}","{""smoke"": 0.002307, ""heat_grid"": 0.348458}",none,1,0,1,0,0.033631,0.0,1,fire,0.6445,[],[],,2,monitor,LOW,2,monitor,True
[],"{""smoke"": 93.6127, ""heat_grid"": [[23.93, 24.7, 22.99, 23.78, 23.58, 24.8, 24.26, 24.73], [23.06, 24.53, 24.1, 23.07, 24.0, 24.2, 22.85, 23.73], [24.48, 23.41, 23.74, 23.71, 23.43, 24.66, 24.39, 23.05], [24.82, 24.58, 23.39, 24.5, 23.04, 24.82, 24.16, 24.12], [23.01, 24.62, 22.88, 23.31, 23.11, 24.38, 23.22, 24.65], [24.14, 22.9, 22.84, 22.93, 24.04, 24.43, 23.3, 24.52], [22.94, 24.43, 24.68, 24.37, 24.22, 24.5, 22.9, 23.23], [23.07, 23.83, 24.31, 24.08, 24.53, 23.13, 24.29, 23.21]]}","{""smoke"": 0.009361, ""heat_grid"": 0.287389}",none,0,0,0,0,0.0,0.0,0,clear,0.392,[],[],,1,monitor,MINIMAL,1,monitor,True
"[""heat_grid"", ""smoke""]","{""smoke"": 0, ""heat_grid"": [[24.0, 24.0, 24.0, 24.0, 24.0, 24.0, 24.0, 24.0], [24.0, 24.0, 24.0, 24.0, 24.0, 24.0, 24.0, 24.0], [24.0, 24.0, 24.0, 24.0, 24.0, 24.0, 24.0, 24.0], [24.0, 24.0, 24.0, 24.0, 24.0, 24.0, 24.0, 24.0], [24.0, 24.0, 24.0, 24.0, 24.0, 24.0, 24.0, 24.0], [24.0, 24.0, 24.0, 24.0, 24.0, 24.0, 24.0, 24.0], [24.0, 24.0, 24.0, 24.0, 24.0, 24.0, 24.0, 24.0], [24.0, 24.0, 24.0, 24.0, 24.0, 24.0, 24.0, 24.0]]}","{""smoke"": -1, ""heat_grid"": -1}",fire_smoke,1,0,2,1,0.010013,0.008134,2,fire,0.5589,[],[],,4,"alert,suppress",HIGH,4,"alert,suppress",True
"[""heat_grid"", ""smoke""]","{""smoke"": 2271.121, ""heat_grid"": [[22.47, 23.31, 23.14, 23.46, 22.84, 22.52, 21.96, 23.41], [21.97, 22.42, 23.16, 23.35, 21.96, 23.04, 22.1, 23.34], [23.28, 23.32, 21.95, 22.94, 22.3, 22.81, 23.8, 22.0], [23.01, 39.92, 22.84, 22.86, 22.73, 23.1, 23.77, 23.43], [23.74, 22.2, 23.81, 22.43, 21.89, 22.69, 22.31, 23.35], [21.99, 22.92, 22.4, 22.23, 23.57, 22.85, 22.47, 23.31], [23.53, 22.71, 22.19, 23.81, 22.54, 22.23, 22.03, 22.07], [23.71, 23.71, 22.84, 23.21, 23.49, 22.94, 23.15, 23.75]]}","{""smoke"": 0.227112, ""heat_grid"": 0.498985}",fire_smoke,1,0,2,0,0.11419,0.0,2,fire,0.722,[],[],,5,"alert,suppress,evacuate",CRITICAL,5,"alert,suppress,evacuate",True
"[""heat_grid""]","{""smoke"": 237.0628, ""heat_grid"": [[23.17, 22.4, 23.57, 22.61, 22.54, 23.62, 23.46, 23.72], [21.92, 22.28, 22.39, 22.64, 22.74, 22.37, 23.37, 22.24], [23.18, 23.49, 23.0, 22.5, 22.17, 22.06, 23.28, 22.73], [21.88, 23.76, 23.13, 23.48, 22.67, 23.7, 22.19, 28.63], [23.57, 23.57, 22.79, 22.04, 22.4, 23.3, 23.48, 22.48], [21.91, 23.12, 23.27, 22.64, 22.96, 23.76, 22.28, 22.94], [23.01, 22.89, 23.53, 23.0, 22.81, 22.04, 23.2, 22.05], [21.84, 22.77, 22.93, 23.79, 23.21, 23.49, 22.48, 22.81]]}","{""smoke"": 0.023706, ""heat_grid"": 0.357919}",none,0,0,0,0,0.0,0.0,0,clear,0.7844,[],[],,2,monitor,LOW,2,monitor,True
"[""heat_grid""]","{""smoke"": 273.8739, ""heat_grid"": [[23.34, 27.91, 24.72, 24.81, 24.08, 24.61, 24.52, 24.78], [24.73, 23.47, 23.61, 23.56, 25.16, 25.12, 24.89, 23.53], [24.44, 23.67, 24.03, 23.83, 24.95, 23.58, 24.59, 25.26], [24.67, 23.45, 25.11, 24.58, 24.21, 24.62, 25.05, 24.25], [24.36, 24.2, 23.44, 24.87, 23.55, 24.09, 24.07, 23.86], [24.1, 24.53, 23.92, 23.64, 25.03, 25.24, 24.21, 23.95], [23.39, 23.37, 24.08, 25.16, 24.76, 23.99, 25.23, 24.15], [23.85, 24.15, 23.72, 25.07, 24.02, 24.61, 24.07, 25.1]]}","{""smoke"": 0.027387, ""heat_grid"": 0.348867}",fire,1,0,1,0,0.031854,0.0,1,fire,0.3793,[],[],,2,monitor,LOW,2,monitor,True
"[""heat_grid"", ""smoke""]","{""smoke"": 3468.3429, ""heat_grid"": [[22.48, 22.26, 23.46, 21.57, 21.59, 23.13, 22.01, 21.85], [23.23, 22.54, 22.71, 21.5, 22.0, 22.0, 23.0, 22.25], [22.63, 23.34, 23.45, 21.73, 22.59, 22.88, 23.04, 23.32], [22.94, 22.86, 21.59, 22.57, 22.68, 22.87, 22.65, 22.3], [22.45, 23.41, 22.14, 23.05, 22.69, 22.37, 22.31, 22.55], [23.08, 21.72, 38.19, 23.03, 22.18, 21.5, 21.69, 21.77], [21.69, 21.68, 23.4, 22.8, 23.12, 22.6, 22.72, 23.24], [22.0, 22.87, 23.28, 23.35, 22.37, 23.19, 22.49, 21.99]]}","{""smoke"": 0.346834, ""heat_grid"": 0.477347}",fire_smoke,1,1,1,1,0.042394,0.008597,1,fire,0.3633,[],[],,5,"alert,suppress,evacuate",CRITICAL,5,"alert,suppress,evacuate",True
"[""heat_grid"", ""smoke""]","{""smoke"": 446.8375, ""heat_grid"": [[24.76, 25.29, 25.05, 24.99, 24.81, 24.65, 25.13, 24.59], [23.51, 24.52, 23.57, 25.26, 24.65, 24.47, 23.76, 24.39], [24.04, 24.71, 24.57, 24.36, 23.87, 24.41, 24.28, 25.06], [25.15, 24.88, 24.0, 23.44, 25.21, 25.34, 23.61, 24.73], [24.21, 23.66, 25.36, 25.23, 25.32, 23.65, 24.34, 25.15], [24.71, 24.23, 24.39, 23.44, 24.58, 25.08, 23.37, 23.68], [24.4, 24.48, 24.05, 23.42, 24.85, 23.85, 24.65, 24.48], [24.22, 24.54, 24.75, 30.09, 24.47, 24.23, 24.22, 24.34]]}","{""smoke"": 0.044684, ""heat_grid"": 0.376147}",fire,1,0,2,0,0.022881,0.0,2,fire,0.7349,[],[],,3,alert,MODERATE,3,alert,True
"[""heat_grid"", ""smoke""]","{""smoke"": 2476.877, ""heat_grid"": [[25.06, 24.84, 23.47, 24.87, 23.27, 24.42, 24.58, 24.08], [24.19, 24.71, 25.02, 23.61, 23.51, 24.49, 23.69, 23.62], [23.64, 23.62, 24.18, 25.16, 24.89, 24.32, 23.39, 24.57], [24.13, 24.79, 24.22, 24.57, 23.63, 24.9, 24.79, 23.98], [25.16, 23.55, 23.27, 24.76, 24.43, 23.45, 23.55, 23.49], [23.56, 24.15, 23.33, 24.27, 24.44, 24.68, 25.12, 23.39], [23.3, 23.51, 23.9, 24.28, 23.24, 24.61, 25.14, 23.73], [23.25, 40.8, 24.77, 23.32, 24.46, 23.71, 24.49, 24.68]]}","{""smoke"": 0.247688, ""heat_grid"": 0.510026}",fire_smoke,1,0,1,1,0.093678,0.074872,1,fire,0.8317,[],[],,5,"alert,suppress,evacuate",CRITICAL,5,"alert,suppress,evacuate",True
"[""heat_grid"", ""smoke""]","{""smoke"": 0, ""heat_grid"": [[24.0, 24.0, 24.0, 24.0, 24.0, 24.0, 24.0, 24.0], [24.0, 24.0, 24.0, 24.0, 24.0, 24.0, 24.0, 24.0], [24.0, 24.0, 24.0, 24.0, 24.0, 24.0, 24.0, 24.0], [24.0, 24.0, 24.0, 24.0, 24.0, 24.0, 24.0, 24.0], [24.0, 24.0, 24.0, 24.0, 24.0, 24.0, 24.0, 24.0], [24.0, 24.0, 24.0, 24.0, 24.0, 24.0, 24.0, 24.0], [24.0, 24.0, 24.0, 24.0, 24.0, 24.0, 24.0, 24.0], [24.0, 24.0, 24.0, 24.0, 24.0, 24.0, 24.0, 24.0]]}","{""smoke"": -1, ""heat_grid"": -1}",fire_smoke,1,0,1,1,0.084166,0.026209,1,fire,0.59,[],[],,4,"alert,suppress",HIGH,4,"alert,suppress",True
[],"{""smoke"": 7.5331, ""heat_grid"": [[25.09, 24.47, 24.66, 24.14, 24.95, 24.41, 24.89, 23.6], [24.12, 24.36, 23.53, 23.55, 25.08, 23.99, 23.49, 23.79], [23.92, 24.37, 24.97, 25.1, 24.43, 24.52, 23.77, 24.84], [23.56, 23.34, 25.07, 24.85, 23.73, 24.47, 24.06, 23.77], [23.7, 23.4, 24.22, 24.02, 24.15, 23.56, 25.0, 24.4], [24.92, 23.34, 24.37, 24.82, 23.79, 23.51, 23.65, 23.67], [24.02, 23.78, 23.67, 24.42, 23.23, 23.81, 24.5, 23.48], [23.57, 23.53, 23.13, 24.07, 23.2, 23.67, 25.11, 24.96]]}","{""smoke"": 0.000753, ""heat_grid"": 0.304461}",none,0,0,0,0,0.0,0.0,0,clear,0.312,[],[],,1,monitor,MINIMAL,1,monitor,True
"[""heat_grid"", ""smoke""]","{""smoke"": 5208.2614, ""heat_grid"": [[24.86, 24.73, 24.52, 24.14, 24.6, 24.93, 24.26, 23.47], [23.48, 24.58, 24.96, 23.4, 24.92, 23.52, 23.81, 24.8], [35.5, 24.12, 24.88, 24.67, 24.72, 24.72, 23.76, 23.05], [23.31, 23.13, 23.47, 23.09, 23.54, 24.16, 23.27, 23.62], [23.43, 23.17, 24.34, 24.77, 24.42, 24.35, 24.95, 24.45], [23.08, 23.42, 24.26, 24.26, 24.65, 23.3, 24.95, 24.02], [24.82, 24.04, 23.36, 23.69, 23.43, 23.51, 24.76, 23.74], [23.35, 23.71, 24.22, 23.39, 23.09, 24.73, 23.46, 24.86]]}","{""smoke"": 0.520826, ""heat_grid"": 0.443744}",fire_smoke,1,0,2,2,0.10146,0.023723,2,fire,0.6991,[],[],,5,"alert,suppress,evacuate",CRITICAL,5,"alert,suppress,evacuate",True
"[""heat_grid""]","{""smoke"": 14.4279, ""heat_grid"": [[23.42, 22.43, 23.57, 22.05, 23.38, 23.83, 23.89, 23.75], [23.64, 22.46, 23.84, 23.76, 22.97, 22.71, 22.12, 23.08], [23.3, 22.71, 22.71, 23.05, 21.96, 23.82, 22.48, 22.18], [21.91, 23.62, 23.63, 22.09, 22.21, 22.8, 22.27, 23.37], [22.02, 23.0, 22.67, 22.83, 22.75, 22.21, 22.34, 22.03], [22.13, 23.86, 22.46, 22.52, 22.16, 23.41, 23.75, 23.48], [23.13, 23.53, 22.71, 23.62, 23.5, 21.91, 22.88, 27.42], [22.07, 23.59, 21.92, 23.36, 23.88, 22.87, 22.64, 23.11]]}","{""smoke"": 0.001443, ""heat_grid"": 0.342769}",smoke,1,0,1,0,0.018214,0.0,1,fire,0.4504,[],[],,2,monitor,LOW,2,monitor,True
"[""heat_grid""]","{""smoke"": 165.4293, ""heat_grid"": [[24.33, 27.97, 23.65, 23.43, 23.65, 23.69, 23.37, 23.54], [24.25, 23.48, 22.7, 23.21, 23.11, 24.23, 23.54, 23.21], [24.27, 22.68, 22.99, 24.3, 23.75, 24.19, 24.32, 24.53], [22.77, 24.24, 24.06, 23.06, 24.51, 23.45, 24.42, 23.86], [23.7, 22.97, 24.47, 23.76, 22.66, 22.68, 24.2, 22.97], [23.84, 24.01, 23.2, 23.78, 23.13, 24.54, 24.37, 23.22], [23.7, 23.65, 24.57, 23.43, 23.77, 24.5, 22.97, 23.75], [22.86, 23.88, 23.38, 24.58, 23.48, 22.92, 24.31, 24.29]]}","{""smoke"": 0.016543, ""heat_grid"": 0.349672}",fire,1,0,1,0,0.046185,0.0,1,fire,0.4588,[],[],,2,monitor,LOW,2,monitor,True
"[""heat_grid"", ""smoke""]","{""smoke"": 620.3439, ""heat_grid"": [[23.54, 22.64, 22.91, 23.52, 22.27, 22.43, 22.77, 22.41], [22.28, 24.18, 23.11, 23.27, 22.71, 22.22, 23.7, 23.65], [24.15, 22.24, 22.47, 23.62, 22.86, 22.33, 22.8, 22.38], [23.88, 23.95, 23.47, 22.97, 23.74, 23.46, 23.78, 23.22], [24.12, 22.78, 23.41, 23.82, 23.99, 24.09, 22.99, 23.6], [22.78, 23.5, 22.57, 23.04, 24.04, 23.82, 23.19, 22.49], [23.0, 22.48, 22.34, 24.01, 23.18, 22.38, 23.63, 22.35], [22.99, 22.66, 22.53, 23.27, 23.64, 23.17, 33.29, 24.04]]}","{""smoke"": 0.062034, ""heat_grid"": 0.416086}",fire,1,0,2,2,0.111839,0.084089,2,fire,0.4756,[],[],,4,"alert,suppress",HIGH,4,"alert,suppress",True
"[""heat_grid""]","{""smoke"": 194.7026, ""heat_grid"": [[23.39, 24.05, 22.61, 27.08, 23.9, 23.19, 22.69, 23.22], [23.95, 22.77, 23.98, 24.08, 23.8, 23.02, 24.14, 22.96], [24.34, 23.94, 22.64, 24.13, 23.54, 23.43, 23.37, 23.74], [23.98, 24.32, 23.07, 23.79, 23.9, 23.88, 23.51, 23.31], [24.05, 23.13, 22.94, 23.62, 23.06, 22.59, 22.63, 23.92], [24.47, 23.44, 22.82, 24.16, 23.05, 24.52, 23.65, 22.99], [23.52, 23.2, 24.09, 22.74, 24.24, 24.06, 24.25, 24.32], [22.99, 23.57, 24.23, 23.28, 22.65, 23.11, 23.01, 24.27]]}","{""smoke"": 0.01947, ""heat_grid"": 0.338463}",smoke,0,0,0,0,0.0,0.0,0,clear,0.8773,[],[],,2,monitor,LOW,2,monitor,True
[],"{""smoke"": 0, ""heat_grid"": [[24.0, 24.0, 24.0, 24.0, 24.0, 24.0, 24.0, 24.0], [24.0, 24.0, 24.0, 24.0, 24.0, 24.0, 24.0, 24.0], [24.0, 24.0, 24.0, 24.0, 24.0, 24.0, 24.0, 24.0], [24.0, 24.0, 24.0, 24.0, 24.0, 24.0, 24.0, 24.0], [24.0, 24.0, 24.0, 24.0, 24.0, 24.0, 24.0, 24.0], [24.0, 24.0, 24.0, 24.0, 24.0, 24.0, 24.0, 24.0], [24.0, 24.0, 24.0, 24.0, 24.0, 24.0, 24.0, 24.0], [24.0, 24.0, 24.0, 24.0, 24.0, 24.0, 24.0, 24.0]]}","{""smoke"": -1, ""heat_grid"": -1}",none,0,0,0,0,0.0,0.0,0,clear,0.3313,[],[],,1,monitor,MINIMAL,1,monitor,True
[],"{""smoke"": 58.1351, ""heat_grid"": [[24.16, 24.9, 24.17, 25.21, 23.91, 24.16, 24.85, 24.02], [24.06, 25.32, 24.44, 24.71, 24.62, 24.99, 25.06, 24.46], [23.92, 23.38, 24.56, 24.98, 24.23, 23.66, 23.91, 24.35], [25.01, 23.68, 24.56, 24.84, 25.2, 23.57, 25.19, 24.54], [24.87, 23.44, 24.34, 24.58, 23.95, 24.2, 24.44, 24.44], [23.42, 24.21, 23.76, 25.17, 25.29, 23.93, 23.68, 23.77], [24.29, 25.08, 23.1, 23.44, 23.41, 23.79, 25.02, 24.58], [24.46, 23.97, 25.19, 24.0, 25.0, 25.12, 24.3, 25.12]]}","{""smoke"": 0.005814, ""heat_grid"": 0.288723}",none,0,0,0,0,0.0,0.0,0,clear,0.3817,[],[],,1,monitor,MINIMAL,1,monitor,True
"[""heat_grid"", ""smoke""]","{""smoke"": 799.3659, ""heat_grid"": [[24.03, 23.68, 22.85, 22.71, 23.29, 23.01, 22.92, 22.62], [23.95, 23.67, 22.93, 22.74, 22.52, 22.49, 23.51, 22.48], [24.18, 22.82, 22.32, 23.97, 23.0, 22.95, 22.5, 23.58], [22.98, 23.91, 23.52, 24.02, 23.51, 23.82, 23.66, 23.19], [23.64, 23.59, 22.28, 23.66, 22.79, 23.35, 22.49, 22.31], [22.29, 22.58, 22.3, 22.53, 23.38, 23.06, 24.22, 23.88], [30.32, 23.1, 23.13, 22.99, 23.25, 23.6, 23.55, 22.98], [23.67, 22.84, 23.93, 24.19, 22.85, 23.83, 23.89, 23.24]]}","{""smoke"": 0.079937, ""heat_grid"": 0.378999}",smoke,1,0,2,1,0.039636,0.019565,2,fire,0.676,[],[],,3,alert,MODERATE,3,alert,True
[],"{""smoke"": 38.7017, ""heat_grid"": [[23.01, 24.39, 24.45, 23.67, 24.31, 24.69, 24.46, 23.64], [23.83, 24.42, 23.45, 24.47, 23.52, 24.48, 23.04, 22.95], [24.86, 24.6, 24.63, 24.77, 23.74, 23.44, 23.12, 23.87], [23.3, 24.73, 22.87, 23.15, 23.36, 23.26, 23.31, 24.18], [23.52, 24.09, 24.64, 24.07, 24.25, 23.59, 23.18, 23.5], [24.79, 23.69, 23.42, 23.77, 24.53, 24.2, 23.98, 24.63], [24.21, 24.15, 23.24, 23.08, 24.79, 24.06, 23.69, 24.04], [22.99, 24.51, 23.3, 24.47, 23.93, 23.42, 22.92, 24.49]]}","{""smoke"": 0.00387, ""heat_grid"": 0.296116}",none,0,0,0,0,0.0,0.0,0,clear,0.2604,[],[],,1,monitor,MINIMAL,1,monitor,True
[],"{""smoke"": 13.6821, ""heat_grid"": [[23.94, 23.54, 24.58, 23.75, 23.02, 23.48, 22.89, 23.16], [22.79, 23.66, 24.02, 23.44, 23.59, 24.67, 24.26, 23.83], [23.32, 24.55, 23.22, 23.4, 24.57, 23.81, 24.24, 23.93], [24.06, 23.35, 23.23, 24.03, 23.06, 24.5, 23.32, 23.88], [24.34, 24.32, 23.63, 23.7, 24.74, 24.1, 24.38, 24.56], [24.33, 23.12, 23.88, 22.96, 24.06, 24.66, 23.78, 23.62], [22.82, 24.67, 22.96, 22.83, 23.24, 22.88, 23.66, 23.78], [23.38, 22.85, 22.98, 23.52, 22.87, 24.15, 23.17, 23.36]]}","{""smoke"": 0.001368, ""heat_grid"": 0.300397}",none,0,0,0,0,0.0,0.0,0,clear,0.3333,[],[],,1,monitor,MINIMAL,1,monitor,True
[],"{""smoke"": 0, ""heat_grid"": [[24.0, 24.0, 24.0, 24.0, 24.0, 24.0, 24.0, 24.0], [24.0, 24.0, 24.0, 24.0, 24.0, 24.0, 24.0, 24.0], [24.0, 24.0, 24.0, 24.0, 24.0, 24.0, 24.0, 24.0], [24.0, 24.0, 24.0, 24.0, 24.0, 24.0, 24.0, 24.0], [24.0, 24.0, 24.0, 24.0, 24.0, 24.0, 24.0, 24.0], [24.0, 24.0, 24.0, 24.0, 24.0, 24.0, 24.0, 24.0], [24.0, 24.0, 24.0, 24.0, 24.0, 24.0, 24.0, 24.0], [24.0, 24.0, 24.0, 24.0, 24.0, 24.0, 24.0, 24.0]]}","{""smoke"": -1, ""heat_grid"": -1}",fire,1,0,1,0,0.049656,0.0,1,fire,0.3771,[],[],,2,monitor,LOW,2,monitor,True
"[""heat_grid""]","{""smoke"": 0, ""heat_grid"": [[24.0, 24.0, 24.0, 24.0, 24.0, 24.0, 24.0, 24.0], [24.0, 24.0, 24.0, 24.0, 24.0, 24.0, 24.0, 24.0], [24.0, 24.0, 24.0, 24.0, 24.0, 24.0, 24.0, 24.0], [24.0, 24.0, 24.0, 24.0, 24.0, 24.0, 24.0, 24.0], [24.0, 24.0, 24.0, 24.0, 24.0, 24.0, 24.0, 24.0], [24.0, 24.0, 24.0, 24.0, 24.0, 24.0, 24.0, 24.0], [24.0, 24.0, 24.0, 24.0, 24.0, 24.0, 24.0, 24.0], [24.0, 24.0, 24.0, 24.0, 24.0, 24.0, 24.0, 24.0]]}","{""smoke"": -1, ""heat_grid"": -1}",smoke,1,0,1,0,0.022965,0.0,1,fire,0.3069,[],[],,2,monitor,LOW,2,monitor,True
[],"{""smoke"": 77.5191, ""heat_grid"": [[22.21, 22.62, 23.0, 22.6, 22.22, 23.13, 22.9, 22.77], [22.84, 22.18, 23.09, 22.51, 22.46, 22.03, 22.93, 22.94], [22.41, 23.45, 23.42, 21.95, 23.12, 22.52, 23.73, 22.18], [22.29, 22.62, 22.27, 23.12, 22.7, 22.18, 22.75, 23.51], [23.32, 22.73, 22.31, 22.09, 23.49, 23.15, 22.88, 23.49], [21.98, 23.1, 22.17, 21.97, 22.66, 22.51, 23.62, 22.38], [23.36, 23.23, 23.07, 23.57, 22.55, 23.49, 22.06, 22.28], [23.49, 22.68, 22.42, 22.17, 22.7, 23.17, 22.31, 23.25]]}","{""smoke"": 0.007752, ""heat_grid"": 0.293572}",none,0,0,0,0,0.0,0.0,0,clear,0.4075,[],[],,1,monitor,MINIMAL,1,monitor,True
"[""heat_grid"", ""smoke""]","{""smoke"": 2629.1272, ""heat_grid"": [[23.59, 23.76, 22.57, 23.34, 23.93, 23.33, 23.73, 23.6], [23.35, 38.39, 23.68, 23.49, 22.43, 22.83, 22.54, 23.56], [22.45, 24.1, 24.31, 24.37, 22.87, 23.41, 24.2, 23.79], [23.01, 24.08, 23.56, 23.88, 24.36, 24.41, 23.43, 22.73], [23.66, 23.7, 23.56, 23.26, 23.58, 23.48, 24.31, 24.09], [23.2, 23.56, 23.55, 23.44, 22.53, 23.84, 23.88, 23.38], [24.22, 24.38, 24.04, 24.27, 23.39, 24.25, 24.29, 23.66], [22.72, 22.72, 23.36, 23.89, 23.42, 24.02, 23.96, 22.82]]}","{""smoke"": 0.262913, ""heat_grid"": 0.479853}",fire_smoke,1,0,2,2,0.051455,0.116768,2,fire,0.8211,[],[],,5,"alert,suppress,evacuate",CRITICAL,5,"alert,suppress,evacuate",True
[],"{""smoke"": 60.1121, ""heat_grid"": [[22.5, 23.02, 21.71, 21.8, 21.39, 22.44, 21.78, 22.84], [23.31, 21.81, 22.69, 21.81, 21.42, 22.91, 22.26, 23.28], [22.46, 21.7, 22.29, 21.79, 23.14, 22.93, 22.07, 22.44], [22.73, 22.95, 21.55, 21.43, 21.62, 22.18, 22.32, 21.66], [22.21, 22.27, 21.61, 23.22, 22.59, 22.17, 22.4, 22.02], [23.1, 22.54, 22.38, 23.21, 23.06, 23.01, 21.84, 21.7], [22.77, 22.33, 22.76, 22.91, 21.98, 21.96, 22.37, 21.94], [22.72, 22.88, 22.33, 22.84, 22.41, 22.81, 21.84, 22.87]]}","{""smoke"": 0.006011, ""heat_grid"": 0.286667}",none,0,0,0,0,0.0,0.0,0,clear,0.3033,[],[],,1,monitor,MINIMAL,1,monitor,True
"[""heat_grid"", ""smoke""]","{""smoke"": 1669.3689, ""heat_grid"": [[22.44, 22.73, 21.62, 22.09, 22.31, 22.05, 22.98, 21.56], [22.77, 22.78, 22.12, 22.3, 21.53, 21.61, 22.29, 21.67], [22.84, 22.46, 21.34, 21.94, 22.94, 21.78, 22.66, 21.41], [23.09, 22.12, 22.21, 22.36, 21.95, 22.68, 21.25, 21.55], [21.6, 22.5, 23.01, 21.35, 22.93, 22.86, 21.38, 21.51], [21.92, 21.45, 22.74, 22.23, 22.05, 22.67, 21.81, 22.97], [30.77, 21.92, 22.3, 21.74, 23.19, 22.1, 23.02, 23.18], [22.3, 22.68, 22.37, 21.41, 23.13, 22.14, 23.01, 22.54]]}","{""smoke"": 0.166937, ""heat_grid"": 0.384676}",fire,1,0,2,1,0.027523,0.021137,2,fire,0.7291,[],[],,4,"alert,suppress",HIGH,4,"alert,suppress",True
"[""heat_grid"", ""smoke""]","{""smoke"": 0, ""heat_grid"": [[24.0, 24.0, 24.0, 24.0, 24.0, 24.0, 24.0, 24.0], [24.0, 24.0, 24.0, 24.0, 24.0, 24.0, 24.0, 24.0], [24.0, 24.0, 24.0, 24.0, 24.0, 24.0, 24.0, 24.0], [24.0, 24.0, 24.0, 24.0, 24.0, 24.0, 24.0, 24.0], [24.0, 24.0, 24.0, 24.0, 24.0, 24.0, 24.0, 24.0], [24.0, 24.0, 24.0, 24.0, 24.0, 24.0, 24.0, 24.0], [24.0, 24.0, 24.0, 24.0, 24.0, 24.0, 24.0, 24.0], [24.0, 24.0, 24.0, 24.0, 24.0, 24.0, 24.0, 24.0]]}","{""smoke"": -1, ""heat_grid"": -1}",fire_smoke,1,0,2,2,0.04879,0.036976,2,fire,0.5849,[],[],,4,"alert,suppress",HIGH,4,"alert,suppress",True
[],"{""smoke"": 0, ""heat_grid"": [[24.0, 24.0, 24.0, 24.0, 24.0, 24.0, 24.0, 24.0], [24.0, 24.0, 24.0, 24.0, 24.0, 24.0, 24.0, 24.0], [24.0, 24.0, 24.0, 24.0, 24.0, 24.0, 24.0, 24.0], [24.0, 24.0, 24.0, 24.0, 24.0, 24.0, 24.0, 24.0], [24.0, 24.0, 24.0, 24.0, 24.0, 24.0, 24.0, 24.0], [24.0, 24.0, 24.0, 24.0, 24.0, 24.0, 24.0, 24.0], [24.0, 24.0, 24.0, 24.0, 24.0, 24.0, 24.0, 24.0], [24.0, 24.0, 24.0, 24.0, 24.0, 24.0, 24.0, 24.0]]}","{""smoke"": -1, ""heat_grid"": -1}",none,0,0,0,0,0.0,0.0,0,clear,0.4124,[],[],,1,monitor,MINIMAL,1,monitor,True
[],"{""smoke"": 43.8878, ""heat_grid"": [[23.19, 22.76, 22.81, 21.49, 22.14, 21.98, 23.09, 22.52], [22.88, 22.12, 21.69, 22.34, 21.36, 22.89, 22.5, 22.75], [21.94, 23.18, 23.02, 25.5, 21.62, 22.17, 21.32, 21.54], [22.6, 22.72, 23.17, 21.89, 21.98, 22.17, 21.61, 21.5], [22.19, 21.69, 22.58, 22.11, 22.9, 22.64, 21.86, 22.9], [22.84, 22.01, 21.81, 22.6, 21.51, 21.64, 21.25, 22.81], [22.57, 22.65, 22.8, 22.15, 22.37, 21.52, 21.46, 22.57], [22.18, 22.37, 22.77, 22.5, 22.34, 22.35, 21.84, 21.3]]}","{""smoke"": 0.004389, ""heat_grid"": 0.318698}",none,0,0,0,0,0.0,0.0,0,clear,0.2929,[],[],,1,monitor,MINIMAL,1,monitor,True
"[""heat_grid"", ""smoke""]","{""smoke"": 5448.6578, ""heat_grid"": [[22.79, 21.73, 21.5, 21.72, 22.69, 22.88, 22.44, 23.33], [22.95, 21.75, 21.84, 22.62, 22.09, 21.43, 21.47, 22.24], [22.47, 22.73, 22.95, 23.36, 23.1, 22.14, 22.49, 21.86], [23.36, 22.5, 21.92, 22.87, 22.4, 23.42, 21.57, 22.1], [23.31, 22.35, 22.05, 22.64, 22.75, 21.61, 21.94, 22.04], [21.92, 22.19, 22.09, 22.89, 22.62, 22.28, 21.83, 22.27], [21.79, 23.33, 21.77, 23.14, 22.66, 23.05, 23.2, 23.03], [22.6, 21.96, 22.75, 21.43, 22.18, 23.14, 22.59, 38.06]]}","{""smoke"": 0.544866, ""heat_grid"": 0.475812}",fire_smoke,0,1,0,0,0.0,0.0,0,hazy,0.8298,[],[],,5,"alert,suppress,evacuate",CRITICAL,5,"alert,suppress,evacuate",True
"[""heat_grid"", ""smoke""]","{""smoke"": 4497.8754, ""heat_grid"": [[21.18, 21.86, 22.26, 21.41, 21.28, 21.82, 22.68, 22.64], [22.44, 21.92, 21.95, 21.52, 21.34, 21.1, 22.79, 22.06], [21.08, 22.13, 21.59, 21.93, 22.42, 22.69, 22.47, 22.86], [21.54, 22.39, 22.85, 21.69, 22.67, 22.95, 22.36, 21.4], [21.59, 22.43, 22.8, 21.12, 21.72, 21.54, 21.91, 22.61], [22.08, 22.11, 22.29, 22.1, 22.45, 21.28, 21.12, 22.72], [22.03, 21.67, 21.98, 22.37, 21.31, 22.12, 21.29, 35.96], [22.2, 22.69, 22.51, 22.7, 21.75, 21.35, 22.85, 22.84]]}","{""smoke"": 0.449788, ""heat_grid"": 0.449473}",fire_smoke,0,1,0,3,0.0,0.07654,3,smoky,0.6075,[],[],,5,"alert,suppress,evacuate",CRITICAL,5,"alert,suppress,evacuate",True
"[""heat_grid"", ""smoke""]","{""smoke"": 763.5609, ""heat_grid"": [[23.14, 24.49, 23.39, 24.17, 24.82, 23.79, 24.89, 24.45], [23.63, 23.22, 24.66, 23.94, 23.17, 23.23, 24.96, 23.51], [24.96, 24.39, 23.63, 23.8, 24.58, 23.9, 23.18, 23.49], [24.75, 24.42, 24.03, 23.52, 23.98, 24.61, 23.19, 25.02], [24.75, 23.66, 24.77, 24.39, 24.36, 23.31, 24.84, 23.93], [24.64, 23.63, 23.64, 24.96, 24.02, 23.15, 24.7, 23.48], [24.79, 24.86, 28.81, 24.19, 24.99, 24.89, 24.08, 24.39], [24.24, 23.44, 24.33, 23.69, 23.7, 23.87, 24.73, 23.51]]}","{""smoke"": 0.076356, ""heat_grid"": 0.360158}",fire,1,0,2,0,0.018176,0.0,2,fire,0.8872,[],[],,3,alert,MODERATE,3,alert,True
"[""heat_grid"", ""smoke""]","{""smoke"": 685.5299, ""heat_grid"": [[23.95, 23.02, 23.63, 22.99, 22.35, 22.25, 22.56, 23.59], [22.89, 23.05, 22.35, 23.39, 23.75, 23.39, 24.11, 22.18], [22.17, 23.14, 22.68, 23.52, 23.73, 22.35, 23.98, 22.2], [23.52, 22.91, 29.12, 22.34, 24.02, 24.02, 23.18, 23.16], [23.41, 23.3, 23.23, 23.32, 23.86, 23.37, 22.53, 23.97], [22.57, 22.47, 24.14, 22.57, 22.34, 23.27, 23.8, 22.26], [23.12, 22.28, 23.0, 22.83, 22.42, 24.01, 23.41, 23.83], [23.95, 24.0, 23.64, 22.76, 23.8, 23.18, 22.69, 22.91]]}","{""smoke"": 0.068553, ""heat_grid"": 0.364044}",fire,0,0,0,0,0.0,0.0,0,hazy,0.7688,[],[],,3,alert,MODERATE,3,alert,True
"[""heat_grid"", ""smoke""]","{""smoke"": 5656.8506, ""heat_grid"": [[24.5, 24.11, 23.24, 23.42, 23.56, 24.88, 24.41, 25.05], [24.22, 23.25, 24.04, 23.31, 24.89, 23.64, 23.48, 24.11], [24.7, 24.1, 23.16, 24.57, 23.15, 24.29, 24.32, 23.5], [23.98, 23.1, 23.65, 24.32, 23.65, 23.18, 24.43, 24.57], [24.81, 24.83, 43.08, 23.9, 24.26, 24.67, 24.03, 25.07], [24.36, 23.7, 24.67, 23.38, 24.96, 23.76, 24.45, 24.33], [23.28, 24.53, 23.71, 23.85, 23.28, 24.7, 24.8, 23.35], [24.71, 24.88, 23.28, 25.08, 23.09, 24.77, 24.2, 25.0]]}","{""smoke"": 0.565685, ""heat_grid"": 0.538485}",fire_smoke,1,1,2,1,0.126855,0.090282,2,fire,0.6603,[],[],,5,"alert,suppress,evacuate",CRITICAL,5,"alert,suppress,evacuate",True
"[""heat_grid"", ""smoke""]","{""smoke"": 0, ""heat_grid"": [[24.0, 24.0, 24.0, 24.0, 24.0, 24.0, 24.0, 24.0], [24.0, 24.0, 24.0, 24.0, 24.0, 24.0, 24.0, 24.0], [24.0, 24.0, 24.0, 24.0, 24.0, 24.0, 24.0, 24.0], [24.0, 24.0, 24.0, 24.0, 24.0, 24.0, 24.0, 24.0], [24.0, 24.0, 24.0, 24.0, 24.0, 24.0, 24.0, 24.0], [24.0, 24.0, 24.0, 24.0, 24.0, 24.0, 24.0, 24.0], [24.0, 24.0, 24.0, 24.0, 24.0, 24.0, 24.0, 24.0], [24.0, 24.0, 24.0, 24.0, 24.0, 24.0, 24.0, 24.0]]}","{""smoke"": -1, ""heat_grid"": -1}",smoke,1,0,1,0,0.072491,0.0,1,fire,0.5259,[],[],,3,alert,MODERATE,3,alert,True
[],"{""smoke"": 33.613, ""heat_grid"": [[22.43, 21.58, 22.13, 23.34, 21.73, 21.65, 22.19, 22.59], [23.21, 23.31, 21.49, 21.62, 22.93, 21.89, 23.12, 22.67], [21.57, 23.01, 21.7, 22.19, 22.45, 22.35, 22.72, 22.65], [23.33, 23.34, 22.38, 21.54, 22.8, 23.3, 21.98, 22.27], [22.2, 21.45, 22.69, 22.05, 22.92, 23.01, 22.99, 22.18], [21.99, 22.84, 22.95, 22.33, 23.13, 21.63, 23.1, 21.54], [21.65, 22.41, 21.48, 21.45, 21.35, 22.22, 22.9, 21.42], [22.65, 22.99, 21.68, 21.64, 23.07, 22.99, 22.42, 22.98]]}","{""smoke"": 0.003361, ""heat_grid"": 0.280375}",none,0,0,0,0,0.0,0.0,0,clear,0.3289,[],[],,1,monitor,MINIMAL,1,monitor,True
"[""heat_grid"", ""smoke""]","{""smoke"": 1850.4674, ""heat_grid"": [[21.43, 21.7, 21.75, 23.08, 23.15, 21.76, 22.82, 22.97], [22.06, 23.05, 23.28, 23.24, 22.79, 22.05, 21.76, 23.29], [21.86, 22.18, 21.83, 22.3, 21.52, 22.92, 22.31, 22.14], [22.03, 22.46, 22.86, 23.11, 22.99, 22.19, 22.97, 22.36], [22.58, 22.65, 22.1, 22.28, 35.86, 21.92, 22.8, 22.01], [22.47, 22.98, 21.35, 21.78, 22.43, 21.52, 21.71, 22.8], [21.35, 22.52, 21.37, 21.53, 22.08, 23.23, 22.39, 21.93], [22.13, 22.44, 22.54, 21.84, 21.7, 22.29, 22.59, 22.94]]}","{""smoke"": 0.185047, ""heat_grid"": 0.448302}",fire_smoke,1,0,2,2,0.060658,0.058838,2,fire,0.6813,[],[],,4,"alert,suppress",HIGH,4,"alert,suppress",True
[],"{""smoke"": 0, ""heat_grid"": [[24.0, 24.0, 24.0, 24.0, 24.0, 24.0, 24.0, 24.0], [24.0, 24.0, 24.0, 24.0, 24.0, 24.0, 24.0, 24.0], [24.0, 24.0, 24.0, 24.0, 24.0, 24.0, 24.0, 24.0], [24.0, 24.0, 24.0, 24.0, 24.0, 24.0, 24.0, 24.0], [24.0, 24.0, 24.0, 24.0, 24.0, 24.0, 24.0, 24.0], [24.0, 24.0, 24.0, 24.0, 24.0, 24.0, 24.0, 24.0], [24.0, 24.0, 24.0, 24.0, 24.0, 24.0, 24.0, 24.0], [24.0, 24.0, 24.0, 24.0, 24.0, 24.0, 24.0, 24.0]]}","{""smoke"": -1, ""heat_grid"": -1}",none,0,0,0,0,0.0,0.0,0,clear,0.3138,[],[],,1,monitor,MINIMAL,1,monitor,True
[],"{""smoke"": 0, ""heat_grid"": [[24.0, 24.0, 24.0, 24.0, 24.0, 24.0, 24.0, 24.0], [24.0, 24.0, 24.0, 24.0, 24.0, 24.0, 24.0, 24.0], [24.0, 24.0, 24.0, 24.0, 24.0, 24.0, 24.0, 24.0], [24.0, 24.0, 24.0, 24.0, 24.0, 24.0, 24.0, 24.0], [24.0, 24.0, 24.0, 24.0, 24.0, 24.0, 24.0, 24.0], [24.0, 24.0, 24.0, 24.0, 24.0, 24.0, 24.0, 24.0], [24.0, 24.0, 24.0, 24.0, 24.0, 24.0, 24.0, 24.0], [24.0, 24.0, 24.0, 24.0, 24.0, 24.0, 24.0, 24.0]]}","{""smoke"": -1, ""heat_grid"": -1}",none,0,0,0,0,0.0,0.0,0,clear,0.3949,[],[],,1,monitor,MINIMAL,1,monitor,True
"[""heat_grid"", ""smoke""]","{""smoke"": 0, ""heat_grid"": [[24.0, 24.0, 24.0, 24.0, 24.0, 24.0, 24.0, 24.0], [24.0, 24.0, 24.0, 24.0, 24.0, 24.0, 24.0, 24.0], [24.0, 24.0, 24.0, 24.0, 24.0, 24.0, 24.0, 24.0], [24.0, 24.0, 24.0, 24.0, 24.0, 24.0, 24.0, 24.0], [24.0, 24.0, 24.0, 24.0, 24.0, 24.0, 24.0, 24.0], [24.0, 24.0, 24.0, 24.0, 24.0, 24.0, 24.0, 24.0], [24.0, 24.0, 24.0, 24.0, 24.0, 24.0, 24.0, 24.0], [24.0, 24.0, 24.0, 24.0, 24.0, 24.0, 24.0, 24.0]]}","{""smoke"": -1, ""heat_grid"": -1}",fire,1,1,2,1,0.08349,0.051004,2,fire,0.5039,[],[],,4,"alert,suppress",HIGH,4,"alert,suppress",True
[],"{""smoke"": 199.3153, ""heat_grid"": [[23.58, 23.67, 24.64, 24.85, 24.46, 23.34, 23.13, 23.33], [23.75, 23.38, 24.71, 24.25, 23.74, 23.46, 23.67, 23.86], [24.34, 23.09, 24.61, 23.16, 23.43, 24.9, 23.29, 23.11], [24.19, 23.7, 23.09, 22.92, 23.07, 23.95, 23.37, 24.46], [24.62, 23.2, 23.58, 23.2, 23.48, 23.39, 24.48, 23.6], [23.9, 24.26, 24.55, 23.51, 23.33, 24.87, 23.55, 24.25], [24.26, 23.94, 26.93, 23.19, 23.88, 23.93, 24.46, 24.33], [24.73, 24.85, 24.36, 23.06, 23.72, 24.13, 24.09, 23.27]]}","{""smoke"": 0.019932, ""heat_grid"": 0.336571}",fire,1,0,1,0,0.024232,0.0,1,fire,0.5034,[],[],,2,monitor,LOW,2,monitor,True
[],"{""smoke"": 0, ""heat_grid"": [[24.0, 24.0, 24.0, 24.0, 24.0, 24.0, 24.0, 24.0], [24.0, 24.0, 24.0, 24.0, 24.0, 24.0, 24.0, 24.0], [24.0, 24.0, 24.0, 24.0, 24.0, 24.0, 24.0, 24.0], [24.0, 24.0, 24.0, 24.0, 24.0, 24.0, 24.0, 24.0], [24.0, 24.0, 24.0, 24.0, 24.0, 24.0, 24.0, 24.0], [24.0, 24.0, 24.0, 24.0, 24.0, 24.0, 24.0, 24.0], [24.0, 24.0, 24.0, 24.0, 24.0, 24.0, 24.0, 24.0], [24.0, 24.0, 24.0, 24.0, 24.0, 24.0, 24.0, 24.0]]}","{""smoke"": -1, ""heat_grid"": -1}",none,0,0,0,0,0.0,0.0,0,clear,0.3288,[],[],,1,monitor,MINIMAL,1,monitor,True
"[""heat_grid"", ""smoke""]","{""smoke"": 1606.3935, ""heat_grid"": [[23.86, 23.39, 24.16, 23.81, 23.62, 22.42, 23.84, 22.79], [23.01, 23.1, 22.84, 22.39, 22.57, 23.78, 23.48, 24.06], [23.82, 22.98, 23.75, 23.33, 22.75, 24.13, 24.03, 22.4], [23.85, 22.33, 24.03, 23.42, 22.51, 23.81, 23.21, 22.29], [23.77, 23.75, 23.14, 23.64, 22.26, 22.81, 23.52, 22.64], [23.08, 24.04, 23.83, 23.29, 23.33, 23.95, 23.9, 22.35], [23.11, 22.56, 22.34, 22.76, 34.26, 23.76, 24.0, 23.02], [23.02, 22.48, 22.57, 22.38, 24.13, 22.43, 23.69, 22.81]]}","{""smoke"": 0.160639, ""heat_grid"": 0.42826}",fire_smoke,1,0,2,2,0.112659,0.027822,2,fire,0.8468,[],[],,4,"alert,suppress",HIGH,4,"alert,suppress",True
"[""heat_grid"", ""smoke""]","{""smoke"": 0, ""heat_grid"": [[24.0, 24.0, 24.0, 24.0, 24.0, 24.0, 24.0, 24.0], [24.0, 24.0, 24.0, 24.0, 24.0, 24.0, 24.0, 24.0], [24.0, 24.0, 24.0, 24.0, 24.0, 24.0, 24.0, 24.0], [24.0, 24.0, 24.0, 24.0, 24.0, 24.0, 24.0, 24.0], [24.0, 24.0, 24.0, 24.0, 24.0, 24.0, 24.0, 24.0], [24.0, 24.0, 24.0, 24.0, 24.0, 24.0, 24.0, 24.0], [24.0, 24.0, 24.0, 24.0, 24.0, 24.0, 24.0, 24.0], [24.0, 24.0, 24.0, 24.0, 24.0, 24.0, 24.0, 24.0]]}","{""smoke"": -1, ""heat_grid"": -1}",smoke,1,0,1,0,0.01689,0.0,1,fire,0.7112,[],[],,3,alert,MODERATE,3,alert,True
"[""heat_grid""]","{""smoke"": 0, ""heat_grid"": [[24.0, 24.0, 24.0, 24.0, 24.0, 24.0, 24.0, 24.0], [24.0, 24.0, 24.0, 24.0, 24.0, 24.0, 24.0, 24.0], [24.0, 24.0, 24.0, 24.0, 24.0, 24.0, 24.0, 24.0], [24.0, 24.0, 24.0, 24.0, 24.0, 24.0, 24.0, 24.0], [24.0, 24.0, 24.0, 24.0, 24.0, 24.0, 24.0, 24.0], [24.0, 24.0, 24.0, 24.0, 24.0, 24.0, 24.0, 24.0], [24.0, 24.0, 24.0, 24.0, 24.0, 24.0, 24.0, 24.0], [24.0, 24.0, 24.0, 24.0, 24.0, 24.0, 24.0, 24.0]]}","{""smoke"": -1, ""heat_grid"": -1}",fire,1,0,1,0,0.059399,0.0,1,fire,0.4263,[],[],,2,monitor,LOW,2,monitor,True
"[""heat_grid"", ""smoke""]","{""smoke"": 316.4255, ""heat_grid"": [[24.17, 23.74, 23.84, 22.9, 23.82, 23.5, 23.39, 23.36], [24.11, 23.67, 30.58, 23.13, 24.74, 23.26, 23.63, 23.2], [24.22, 23.69, 23.64, 24.57, 24.34, 23.86, 23.75, 24.74], [24.73, 24.23, 24.34, 24.61, 24.75, 22.98, 24.81, 24.22], [24.0, 23.64, 23.49, 24.42, 24.13, 23.22, 24.04, 23.1], [23.81, 23.98, 24.09, 23.11, 23.01, 23.33, 24.03, 24.68], [24.37, 24.31, 23.48, 23.04, 24.6, 23.82, 23.02, 23.89], [24.17, 23.46, 22.83, 24.06, 22.9, 23.68, 24.47, 24.81]]}","{""smoke"": 0.031643, ""heat_grid"": 0.382312}",smoke,0,0,0,0,0.0,0.0,0,hazy,0.5957,[],[],,3,alert,MODERATE,3,alert,True
"[""heat_grid"", ""smoke""]","{""smoke"": 571.6596, ""heat_grid"": [[23.05, 24.58, 23.06, 24.7, 23.03, 23.2, 29.5, 23.39], [23.74, 24.25, 24.73, 23.99, 24.01, 23.58, 24.54, 23.16], [23.54, 23.13, 23.37, 24.11, 23.19, 23.14, 24.59, 23.18], [24.16, 23.64, 24.73, 24.36, 23.06, 24.73, 23.77, 23.54], [24.29, 24.38, 23.55, 23.64, 23.25, 24.13, 24.85, 23.77], [24.93, 23.29, 24.53, 24.8, 24.32, 23.16, 23.59, 23.11], [24.14, 24.94, 23.69, 23.27, 23.48, 24.08, 24.08, 23.4], [24.44, 23.12, 24.19, 23.79, 23.19, 24.21, 24.29, 23.82]]}","{""smoke"": 0.057166, ""heat_grid"": 0.368781}",fire,1,0,1,1,0.029289,0.071752,1,fire,0.8664,[],[],,3,alert,MODERATE,3,alert,True
"[""heat_grid"", ""smoke""]","{""smoke"": 0, ""heat_grid"": [[24.0, 24.0, 24.0, 24.0, 24.0, 24.0, 24.0, 24.0], [24.0, 24.0, 24.0, 24.0, 24.0, 24.0, 24.0, 24.0], [24.0, 24.0, 24.0, 24.0, 24.0, 24.0, 24.0, 24.0], [24.0, 24.0, 24.0, 24.0, 24.0, 24.0, 24.0, 24.0], [24.0, 24.0, 24.0, 24.0, 24.0, 24.0, 24.0, 24.0], [24.0, 24.0, 24.0, 24.0, 24.0, 24.0, 24.0, 24.0], [24.0, 24.0, 24.0, 24.0, 24.0, 24.0, 24.0, 24.0], [24.0, 24.0, 24.0, 24.0, 24.0, 24.0, 24.0, 24.0]]}","{""smoke"": -1, ""heat_grid"": -1}",fire_smoke,1,1,2,3,0.037539,0.12412,3,fire,0.7717,[],[],,5,"alert,suppress,evacuate",CRITICAL,5,"alert,suppress,evacuate",True
"[""heat_grid"", ""smoke""]","{""smoke"": 1916.1214, ""heat_grid"": [[21.55, 23.08, 22.0, 22.59, 23.38, 21.8, 22.18, 23.16], [22.73, 23.3, 22.69, 22.03, 23.04, 22.95, 23.29, 22.38], [22.43, 22.07, 21.96, 23.42, 23.38, 22.49, 23.34, 22.14], [23.13, 22.7, 22.86, 22.86, 22.7, 23.13, 22.21, 23.13], [21.79, 21.83, 22.86, 22.93, 23.23, 21.98, 21.54, 22.44], [23.18, 23.37, 23.14, 22.41, 23.15, 21.85, 23.27, 22.56], [22.21, 22.59, 22.99, 21.91, 21.63, 22.89, 23.33, 22.7], [21.71, 22.71, 34.75, 22.03, 21.49, 22.4, 22.07, 21.62]]}","{""smoke"": 0.191612, ""heat_grid"": 0.434336}",fire,1,1,2,1,0.038244,0.018592,2,fire,0.6269,[],[],,4,"alert,suppress",HIGH,4,"alert,suppress",True
"[""heat_grid"", ""smoke""]","{""smoke"": 416.7493, ""heat_grid"": [[23.0, 22.43, 22.37, 23.34, 23.77, 22.39, 23.94, 22.83], [22.97, 23.9, 23.91, 23.17, 22.67, 22.46, 22.66, 23.68], [22.77, 23.51, 22.51, 23.07, 22.82, 23.12, 23.26, 24.1], [23.92, 23.51, 22.42, 23.95, 23.9, 23.89, 23.07, 22.46], [23.62, 22.89, 30.76, 22.9, 23.23, 22.78, 23.5, 23.41], [23.13, 22.22, 23.99, 22.94, 23.01, 23.03, 22.85, 23.47], [22.14, 23.86, 22.32, 24.12, 23.37, 22.25, 23.24, 22.78], [24.02, 23.63, 23.13, 22.98, 24.11, 23.45, 23.14, 22.91]]}","{""smoke"": 0.041675, ""heat_grid"": 0.384475}",smoke,0,0,0,1,0.0,0.046152,1,smoky,0.8089,[],[],,3,alert,MODERATE,3,alert,True
"[""heat_grid"", ""smoke""]","{""smoke"": 610.2614, ""heat_grid"": [[24.23, 22.98, 23.6, 22.33, 23.8, 23.34, 22.75, 22.33], [23.74, 23.66, 23.66, 23.21, 23.61, 23.47, 22.81, 23.37], [23.36, 23.98, 23.2, 23.2, 24.3, 24.12, 22.82, 24.15], [22.61, 24.04, 22.7, 23.18, 24.3, 22.52, 24.01, 23.32], [22.55, 24.24, 23.43, 24.09, 24.07, 22.36, 22.86, 23.0], [23.4, 22.47, 23.11, 23.96, 22.68, 23.73, 23.25, 28.99], [22.69, 22.61, 23.57, 22.51, 23.98, 23.94, 22.49, 24.11], [24.25, 22.42, 24.23, 22.89, 23.66, 22.68, 23.97, 24.01]]}","{""smoke"": 0.061026, ""heat_grid"": 0.362328}",fire,0,0,0,1,0.0,0.01031,1,smoky,0.6948,[],[],,3,alert,MODERATE,3,alert,True
"[""heat_grid"", ""smoke""]","{""smoke"": 0, ""heat_grid"": [[24.0, 24.0, 24.0, 24.0, 24.0, 24.0, 24.0, 24.0], [24.0, 24.0, 24.0, 24.0, 24.0, 24.0, 24.0, 24.0], [24.0, 24.0, 24.0, 24.0, 24.0, 24.0, 24.0, 24.0], [24.0, 24.0, 24.0, 24.0, 24.0, 24.0, 24.0, 24.0], [24.0, 24.0, 24.0, 24.0, 24.0, 24.0, 24.0, 24.0], [24.0, 24.0, 24.0, 24.0, 24.0, 24.0, 24.0, 24.0], [24.0, 24.0, 24.0, 24.0, 24.0, 24.0, 24.0, 24.0], [24.0, 24.0, 24.0, 24.0, 24.0, 24.0, 24.0, 24.0]]}","{""smoke"": -1, ""heat_grid"": -1}",fire_smoke,1,1,1,2,0.059439,0.00984,2,fire,0.7874,[],[],,5,"alert,suppress,evacuate",CRITICAL,5,"alert,suppress,evacuate",True
"[""heat_grid"", ""smoke""]","{""smoke"": 0, ""heat_grid"": [[24.0, 24.0, 24.0, 24.0, 24.0, 24.0, 24.0, 24.0], [24.0, 24.0, 24.0, 24.0, 24.0, 24.0, 24.0, 24.0], [24.0, 24.0, 24.0, 24.0, 24.0, 24.0, 24.0, 24.0], [24.0, 24.0, 24.0, 24.0, 24.0, 24.0, 24.0, 24.0], [24.0, 24.0, 24.0, 24.0, 24.0, 24.0, 24.0, 24.0], [24.0, 24.0, 24.0, 24.0, 24.0, 24.0, 24.0, 24.0], [24.0, 24.0, 24.0, 24.0, 24.0, 24.0, 24.0, 24.0], [24.0, 24.0, 24.0, 24.0, 24.0, 24.0, 24.0, 24.0]]}","{""smoke"": -1, ""heat_grid"": -1}",fire,1,1,1,0,0.012013,0.0,1,fire,0.3048,[],[],,4,"alert,suppress",HIGH,4,"alert,suppress",True
"[""heat_grid""]","{""smoke"": 0, ""heat_grid"": [[24.0, 24.0, 24.0, 24.0, 24.0, 24.0, 24.0, 24.0], [24.0, 24.0, 24.0, 24.0, 24.0, 24.0, 24.0, 24.0], [24.0, 24.0, 24.0, 24.0, 24.0, 24.0, 24.0, 24.0], [24.0, 24.0, 24.0, 24.0, 24.0, 24.0, 24.0, 24.0], [24.0, 24.0, 24.0, 24.0, 24.0, 24.0, 24.0, 24.0], [24.0, 24.0, 24.0, 24.0, 24.0, 24.0, 24.0, 24.0], [24.0, 24.0, 24.0, 24.0, 24.0, 24.0, 24.0, 24.0], [24.0, 24.0, 24.0, 24.0, 24.0, 24.0, 24.0, 24.0]]}","{""smoke"": -1, ""heat_grid"": -1}",none,0,0,0,0,0.0,0.0,0,clear,0.8529,[],[],,2,monitor,LOW,2,monitor,True
[],"{""smoke"": 13.9499, ""heat_grid"": [[24.24, 22.28, 23.37, 23.28, 23.87, 22.97, 23.08, 22.59], [23.74, 23.83, 22.53, 23.04, 24.04, 22.26, 22.86, 23.37], [22.93, 22.8, 23.18, 22.62, 23.32, 23.67, 23.41, 22.44], [23.95, 22.61, 23.79, 22.98, 23.82, 22.67, 22.63, 23.25], [22.32, 22.71, 23.71, 23.93, 22.42, 24.02, 23.85, 24.0], [23.65, 23.61, 23.31, 23.56, 24.1, 22.46, 22.89, 22.4], [23.4, 23.15, 23.61, 23.94, 24.24, 22.58, 23.86, 24.03], [22.36, 23.77, 22.97, 23.56, 23.29, 22.78, 22.53, 22.49]]}","{""smoke"": 0.001395, ""heat_grid"": 0.292484}",none,0,0,0,0,0.0,0.0,0,clear,0.3776,[],[],,1,monitor,MINIMAL,1,monitor,True
"[""heat_grid"", ""smoke""]","{""smoke"": 1891.1052, ""heat_grid"": [[23.04, 23.12, 22.91, 22.65, 22.39, 22.85, 23.31, 23.65], [23.79, 23.51, 22.55, 23.18, 23.66, 23.81, 22.97, 24.18], [23.91, 24.02, 23.65, 23.15, 24.19, 24.12, 23.98, 24.1], [24.15, 23.81, 41.49, 23.4, 23.55, 23.87, 23.31, 23.35], [24.31, 23.22, 22.58, 23.74, 23.05, 22.82, 23.58, 24.23], [22.95, 23.07, 23.25, 23.7, 23.11, 23.17, 23.72, 24.29], [22.95, 23.49, 23.91, 22.74, 23.96, 23.03, 22.54, 22.37], [22.39, 23.92, 23.67, 23.91, 23.83, 23.08, 24.19, 24.08]]}","{""smoke"": 0.189111, ""heat_grid"": 0.518595}",fire_smoke,0,0,0,3,0.0,0.103359,3,smoky,0.5931,[],[],,5,"alert,suppress,evacuate",CRITICAL,5,"alert,suppress,evacuate",True
[],"{""smoke"": 28.806, ""heat_grid"": [[24.83, 23.33, 23.2, 23.27, 24.86, 23.63, 24.25, 24.01], [24.75, 24.13, 24.16, 25.13, 23.46, 24.82, 23.26, 24.11], [24.93, 24.49, 24.53, 23.68, 23.99, 23.89, 24.2, 24.08], [23.81, 23.77, 23.66, 23.89, 23.46, 24.9, 24.36, 23.42], [24.54, 24.85, 23.63, 23.46, 23.17, 23.25, 24.68, 25.13], [23.25, 24.65, 23.3, 24.34, 24.67, 23.87, 23.18, 24.35], [25.14, 23.67, 23.54, 23.4, 24.27, 24.35, 24.74, 24.66], [24.94, 24.77, 23.65, 24.27, 23.75, 23.82, 25.02, 25.31]]}","{""smoke"": 0.002881, ""heat_grid"": 0.316394}",none,0,0,0,0,0.0,0.0,0,clear,0.3334,[],[],,1,monitor,MINIMAL,1,monitor,True
[],"{""smoke"": 0, ""heat_grid"": [[24.0, 24.0, 24.0, 24.0, 24.0, 24.0, 24.0, 24.0], [24.0, 24.0, 24.0, 24.0, 24.0, 24.0, 24.0, 24.0], [24.0, 24.0, 24.0, 24.0, 24.0, 24.0, 24.0, 24.0], [24.0, 24.0, 24.0, 24.0, 24.0, 24.0, 24.0, 24.0], [24.0, 24.0, 24.0, 24.0, 24.0, 24.0, 24.0, 24.0], [24.0, 24.0, 24.0, 24.0, 24.0, 24.0, 24.0, 24.0], [24.0, 24.0, 24.0, 24.0, 24.0, 24.0, 24.0, 24.0], [24.0, 24.0, 24.0, 24.0, 24.0, 24.0, 24.0, 24.0]]}","{""smoke"": -1, ""heat_grid"": -1}",none,0,0,0,0,0.0,0.0,0,clear,0.2507,[],[],,1,monitor,MINIMAL,1,monitor,True
"[""heat_grid"", ""smoke""]","{""smoke"": 503.5009, ""heat_grid"": [[24.59, 23.73, 22.94, 24.28, 30.78, 24.28, 22.92, 22.96], [24.31, 24.12, 23.87, 24.39, 24.45, 23.66, 24.74, 23.46], [23.09, 24.44, 23.58, 24.49, 22.87, 22.97, 22.83, 23.95], [24.41, 23.55, 22.93, 23.49, 23.44, 24.03, 24.05, 22.95], [23.59, 24.03, 23.26, 23.56, 23.97, 23.55, 22.81, 23.19], [24.3, 23.24, 24.38, 23.68, 23.69, 24.29, 23.51, 23.22], [22.96, 24.09, 23.69, 24.36, 23.66, 23.58, 23.34, 23.14], [24.41, 22.94, 24.55, 22.8, 23.79, 22.86, 24.31, 23.17]]}","{""smoke"": 0.05035, ""heat_grid"": 0.384762}",smoke,0,0,0,1,0.0,0.050448,1,smoky,0.407,[],[],,3,alert,MODERATE,3,alert,True
[],"{""smoke"": 94.8772, ""heat_grid"": [[23.09, 25.38, 23.07, 21.64, 21.57, 23.18, 21.68, 22.07], [22.24, 21.58, 21.37, 23.32, 23.09, 23.16, 21.9, 21.77], [22.18, 22.24, 21.34, 22.89, 23.33, 22.39, 22.11, 22.12], [21.52, 21.86, 22.34, 22.2, 22.42, 23.03, 21.78, 21.39], [21.41, 21.6, 22.47, 22.95, 23.11, 22.6, 22.14, 21.64], [22.14, 22.0, 23.07, 22.31, 21.78, 21.91, 21.61, 23.17], [21.43, 21.36, 21.7, 22.95, 22.38, 22.58, 22.05, 21.47], [23.04, 21.72, 21.4, 22.48, 21.5, 21.52, 22.93, 22.32]]}","{""smoke"": 0.009488, ""heat_grid"": 0.317192}",none,0,0,0,0,0.0,0.0,0,clear,0.3197,[],[],,1,monitor,MINIMAL,1,monitor,True
"[""heat_grid""]","{""smoke"": 292.9336, ""heat_grid"": [[23.29, 24.24, 23.52, 23.51, 24.31, 23.32, 24.02, 23.59], [24.78, 24.19, 23.51, 24.93, 24.72, 23.61, 25.0, 23.61], [23.66, 23.85, 23.41, 24.45, 24.19, 24.87, 23.56, 23.42], [23.79, 23.37, 24.97, 24.51, 24.67, 24.57, 23.56, 28.88], [23.94, 24.73, 23.74, 23.1, 24.4, 23.48, 24.16, 23.11], [24.09, 23.86, 24.84, 24.52, 23.15, 24.66, 24.66, 24.4], [24.94, 24.68, 23.51, 23.84, 23.78, 24.09, 24.98, 24.31], [23.7, 24.96, 24.48, 23.61, 24.89, 23.76, 24.11, 24.03]]}","{""smoke"": 0.029293, ""heat_grid"": 0.360962}",fire,1,0,1,0,0.033331,0.0,1,fire,0.6961,[],[],,3,alert,MODERATE,3,alert,True
"[""heat_grid"", ""smoke""]","{""smoke"": 5458.3028, ""heat_grid"": [[23.0, 22.62, 22.84, 22.08, 22.59, 22.74, 21.97, 41.82], [21.87, 23.64, 21.96, 23.52, 22.89, 22.19, 22.26, 22.5], [23.38, 22.09, 22.28, 23.18, 23.02, 22.64, 21.92, 22.91], [22.25, 23.02, 22.35, 23.76, 22.98, 22.94, 23.47, 23.78], [23.35, 22.98, 23.52, 22.16, 23.32, 23.16, 22.92, 23.53], [23.22, 23.23, 23.62, 23.2, 22.31, 22.16, 22.82, 22.27], [23.2, 23.48, 22.38, 23.62, 23.29, 23.77, 22.19, 22.72], [23.08, 23.32, 23.62, 23.58, 22.27, 22.64, 23.23, 22.06]]}","{""smoke"": 0.54583, ""heat_grid"": 0.522731}",fire_smoke,0,0,0,2,0.0,0.104461,2,smoky,0.8445,[],[],,5,"alert,suppress,evacuate",CRITICAL,5,"alert,suppress,evacuate",True
"[""heat_grid"", ""smoke""]","{""smoke"": 1444.7388, ""heat_grid"": [[21.69, 21.7, 21.72, 22.96, 21.38, 21.59, 22.72, 22.9], [21.99, 22.13, 21.16, 22.67, 22.24, 22.01, 21.66, 21.94], [22.52, 21.22, 22.07, 21.12, 22.6, 21.48, 22.86, 22.01], [21.97, 21.78, 22.09, 21.73, 21.77, 21.45, 21.74, 22.68], [34.39, 22.7, 22.78, 22.39, 21.12, 22.18, 22.72, 21.79], [21.62, 21.7, 21.9, 21.19, 21.53, 22.35, 22.0, 21.55], [22.92, 21.65, 21.31, 21.45, 21.65, 22.1, 21.19, 22.76], [22.81, 21.69, 22.6, 22.25, 22.75, 21.61, 22.27, 21.2]]}","{""smoke"": 0.144474, ""heat_grid"": 0.429909}",fire,1,1,2,2,0.038873,0.047314,2,fire,0.4391,[],[],,4,"alert,suppress",HIGH,4,"alert,suppress",True
"[""heat_grid"", ""smoke""]","{""smoke"": 1538.4847, ""heat_grid"": [[21.89, 21.97, 23.47, 23.45, 22.7, 22.05, 22.81, 23.09], [22.42, 21.92, 22.4, 23.14, 23.71, 22.13, 23.58, 22.67], [23.08, 23.48, 22.87, 21.88, 32.67, 23.36, 22.86, 22.41], [22.92, 22.29, 22.24, 23.41, 22.55, 22.3, 22.57, 23.6], [22.12, 22.12, 22.46, 21.87, 21.9, 21.78, 22.05, 23.03], [22.15, 22.51, 23.17, 21.82, 22.17, 23.75, 22.95, 23.07], [22.79, 23.69, 22.04, 21.89, 23.39, 21.76, 22.88, 21.76], [22.45, 23.06, 22.85, 22.87, 22.07, 22.34, 23.17, 21.8]]}","{""smoke"": 0.153848, ""heat_grid"": 0.40835}",fire,1,0,2,1,0.044555,0.036804,2,fire,0.7794,[],[],,4,"alert,suppress",HIGH,4,"alert,suppress",True
"[""heat_grid"", ""smoke""]","{""smoke"": 1174.8851, ""heat_grid"": [[21.92, 22.93, 22.44, 23.0, 22.86, 22.18, 22.67, 22.36], [22.23, 23.29, 21.77, 22.29, 22.81, 22.7, 23.63, 23.44], [23.25, 22.78, 22.61, 21.82, 23.39, 22.61, 22.39, 22.96], [23.26, 22.79, 22.05, 23.59, 21.97, 23.69, 22.63, 23.64], [35.81, 22.56, 23.35, 21.93, 21.91, 22.46, 22.97, 21.77], [22.78, 23.7, 23.47, 22.21, 22.8, 22.09, 22.28, 23.59], [23.74, 22.23, 22.17, 22.52, 22.64, 21.93, 22.04, 22.6], [22.22, 23.44, 23.25, 22.82, 22.61, 23.41, 22.08, 23.52]]}","{""smoke"": 0.117489, ""heat_grid"": 0.44763}",fire_smoke,1,1,2,2,0.020963,0.082149,2,fire,0.3108,[],[],,4,"alert,suppress",HIGH,4,"alert,suppress",True
"[""heat_grid"", ""smoke""]","{""smoke"": 1221.5069, ""heat_grid"": [[23.26, 23.1, 22.4, 22.0, 23.62, 22.9, 23.15, 22.89], [32.21, 23.17, 21.94, 22.98, 22.92, 22.1, 23.4, 22.38], [22.02, 23.52, 23.64, 22.39, 23.29, 21.92, 23.35, 22.84], [23.5, 22.7, 22.61, 23.59, 21.99, 22.29, 22.74, 23.1], [21.92, 23.06, 22.67, 23.17, 23.73, 22.79, 23.02, 22.84], [22.15, 23.5, 23.68, 23.53, 23.81, 22.85, 23.22, 22.25], [23.87, 23.07, 22.44, 23.52, 23.08, 23.81, 23.45, 23.67], [23.01, 22.95, 23.43, 22.12, 22.02, 23.88, 23.74, 23.82]]}","{""smoke"": 0.122151, ""heat_grid"": 0.402626}",fire_smoke,1,0,2,0,0.108677,0.0,2,fire,0.3537,[],[],,4,"alert,suppress",HIGH,4,"alert,suppress",True
"[""heat_grid"", ""smoke""]","{""smoke"": 0, ""heat_grid"": [[24.0, 24.0, 24.0, 24.0, 24.0, 24.0, 24.0, 24.0], [24.0, 24.0, 24.0, 24.0, 24.0, 24.0, 24.0, 24.0], [24.0, 24.0, 24.0, 24.0, 24.0, 24.0, 24.0, 24.0], [24.0, 24.0, 24.0, 24.0, 24.0, 24.0, 24.0, 24.0], [24.0, 24.0, 24.0, 24.0, 24.0, 24.0, 24.0, 24.0], [24.0, 24.0, 24.0, 24.0, 24.0, 24.0, 24.0, 24.0], [24.0, 24.0, 24.0, 24.0, 24.0, 24.0, 24.0, 24.0], [24.0, 24.0, 24.0, 24.0, 24.0, 24.0, 24.0, 24.0]]}","{""smoke"": -1, ""heat_grid"": -1}",fire,1,0,1,1,0.015344,0.005659,1,fire,0.3307,[],[],,4,"alert,suppress",HIGH,4,"alert,suppress",True
"[""heat_grid"", ""smoke""]","{""smoke"": 1653.0412, ""heat_grid"": [[23.49, 23.5, 23.61, 22.63, 23.69, 23.28, 23.02, 22.58], [23.4, 23.24, 22.88, 23.71, 22.21, 23.0, 22.36, 22.63], [22.39, 22.38, 22.47, 21.83, 21.79, 23.16, 22.34, 21.76], [21.88, 22.11, 21.81, 33.42, 22.85, 22.5, 22.78, 21.94], [23.12, 23.65, 21.97, 22.02, 22.97, 22.02, 21.97, 23.05], [22.95, 22.15, 23.36, 21.92, 22.38, 23.19, 22.94, 22.91], [23.09, 23.01, 23.46, 22.85, 22.52, 23.25, 22.23, 23.23], [22.27, 22.67, 23.19, 22.97, 21.88, 22.61, 23.34, 23.71]]}","{""smoke"": 0.165304, ""heat_grid"": 0.417757}",fire,0,0,0,0,0.0,0.0,0,hazy,0.5197,[],[],,4,"alert,suppress",HIGH,4,"alert,suppress",True
"[""heat_grid"", ""smoke""]","{""smoke"": 0, ""heat_grid"": [[24.0, 24.0, 24.0, 24.0, 24.0, 24.0, 24.0, 24.0], [24.0, 24.0, 24.0, 24.0, 24.0, 24.0, 24.0, 24.0], [24.0, 24.0, 24.0, 24.0, 24.0, 24.0, 24.0, 24.0], [24.0, 24.0, 24.0, 24.0, 24.0, 24.0, 24.0, 24.0], [24.0, 24.0, 24.0, 24.0, 24.0, 24.0, 24.0, 24.0], [24.0, 24.0, 24.0, 24.0, 24.0, 24.0, 24.0, 24.0], [24.0, 24.0, 24.0, 24.0, 24.0, 24.0, 24.0, 24.0], [24.0, 24.0, 24.0, 24.0, 24.0, 24.0, 24.0, 24.0]]}","{""smoke"": -1, ""heat_grid"": -1}",smoke,1,0,1,0,0.074061,0.0,1,fire,0.558,[],[],,3,alert,MODERATE,3,alert,True
"[""heat_grid"", ""smoke""]","{""smoke"": 2306.0344, ""heat_grid"": [[22.04, 22.86, 23.43, 23.02, 21.76, 38.09, 23.11, 22.06], [22.99, 22.46, 23.28, 22.23, 23.38, 22.33, 22.97, 21.9], [22.58, 22.13, 21.54, 22.39, 21.86, 23.43, 23.13, 22.99], [22.42, 22.03, 22.16, 21.92, 22.62, 23.14, 21.89, 21.52], [21.76, 22.44, 21.55, 22.32, 21.74, 21.73, 22.94, 23.51], [21.9, 21.97, 22.11, 23.08, 22.53, 22.66, 22.61, 23.39], [21.58, 21.83, 22.28, 22.49, 21.74, 23.3, 22.87, 23.38], [23.4, 22.54, 23.22, 22.99, 22.23, 22.83, 23.42, 23.04]]}","{""smoke"": 0.230603, ""heat_grid"": 0.476144}",fire_smoke,0,0,0,0,0.0,0.0,0,hazy,0.7987,[],[],,5,"alert,suppress,evacuate",CRITICAL,5,"alert,suppress,evacuate",True
"[""heat_grid"", ""smoke""]","{""smoke"": 3362.7686, ""heat_grid"": [[22.88, 23.56, 22.71, 22.87, 23.02, 23.44, 23.92, 23.44], [23.66, 22.8, 23.39, 41.58, 23.14, 23.59, 22.57, 24.02], [23.05, 23.55, 23.15, 23.68, 23.38, 22.46, 24.06, 23.53], [23.16, 23.56, 22.73, 23.75, 23.03, 23.82, 22.76, 23.79], [24.02, 24.17, 23.76, 23.62, 23.25, 22.42, 23.33, 23.34], [22.34, 23.59, 22.51, 23.4, 23.16, 23.96, 22.68, 22.55], [23.31, 23.13, 22.53, 23.44, 24.02, 23.69, 22.63, 22.69], [23.33, 23.57, 24.17, 22.42, 23.3, 24.19, 22.43, 24.16]]}","{""smoke"": 0.336277, ""heat_grid"": 0.519737}",fire_smoke,0,1,0,2,0.0,0.056033,2,smoky,0.8046,[],[],,5,"alert,suppress,evacuate",CRITICAL,5,"alert,suppress,evacuate",True
[],"{""smoke"": 35.0043, ""heat_grid"": [[23.74, 23.57, 23.77, 23.55, 23.78, 23.31, 23.47, 23.98], [24.91, 23.26, 23.57, 24.96, 24.93, 24.51, 23.63, 23.99], [23.57, 23.41, 23.91, 24.3, 23.87, 24.37, 23.74, 23.84], [24.73, 24.9, 23.79, 24.29, 23.7, 23.25, 24.62, 23.49], [24.0, 24.12, 23.52, 23.34, 23.84, 25.05, 24.38, 23.91], [23.23, 24.35, 23.33, 24.23, 24.65, 24.0, 23.75, 23.24], [23.2, 24.01, 24.91, 23.64, 24.3, 24.52, 23.27, 23.45], [23.81, 24.49, 24.03, 24.62, 24.88, 24.66, 25.42, 24.66]]}","{""smoke"": 0.0035, ""heat_grid"": 0.317794}",none,0,0,0,0,0.0,0.0,0,clear,0.4165,[],[],,1,monitor,MINIMAL,1,monitor,True
"[""heat_grid""]","{""smoke"": 89.3335, ""heat_grid"": [[24.17, 23.9, 24.48, 23.96, 23.3, 23.26, 23.7, 24.25], [23.31, 24.14, 23.58, 24.43, 23.1, 23.98, 23.15, 26.96], [23.07, 23.98, 24.58, 23.24, 24.51, 24.21, 24.05, 24.24], [23.72, 24.46, 24.6, 24.6, 23.58, 24.35, 23.34, 24.03], [23.05, 23.43, 24.31, 24.79, 23.14, 24.16, 24.32, 24.91], [24.35, 23.25, 23.34, 24.31, 23.47, 24.9, 24.88, 24.94], [23.63, 24.48, 24.37, 23.11, 23.57, 23.46, 23.78, 24.95], [24.73, 23.63, 24.1, 23.43, 23.6, 23.17, 24.33, 24.36]]}","{""smoke"": 0.008933, ""heat_grid"": 0.337015}",smoke,1,0,1,0,0.052935,0.0,1,fire,0.396,[],[],,2,monitor,LOW,2,monitor,True
"[""heat_grid"", ""smoke""]","{""smoke"": 0, ""heat_grid"": [[24.0, 24.0, 24.0, 24.0, 24.0, 24.0, 24.0, 24.0], [24.0, 24.0, 24.0, 24.0, 24.0, 24.0, 24.0, 24.0], [24.0, 24.0, 24.0, 24.0, 24.0, 24.0, 24.0, 24.0], [24.0, 24.0, 24.0, 24.0, 24.0, 24.0, 24.0, 24.0], [24.0, 24.0, 24.0, 24.0, 24.0, 24.0, 24.0, 24.0], [24.0, 24.0, 24.0, 24.0, 24.0, 24.0, 24.0, 24.0], [24.0, 24.0, 24.0, 24.0, 24.0, 24.0, 24.0, 24.0], [24.0, 24.0, 24.0, 24.0, 24.0, 24.0, 24.0, 24.0]]}","{""smoke"": -1, ""heat_grid"": -1}",fire_smoke,0,1,0,1,0.0,0.042989,1,smoky,0.8829,[],[],,4,"alert,suppress",HIGH,4,"alert,suppress",True
"[""heat_grid"", ""smoke""]","{""smoke"": 313.3816, ""heat_grid"": [[22.62, 23.5, 22.09, 23.11, 22.92, 23.27, 23.48, 22.67], [23.29, 23.07, 22.29, 23.78, 23.53, 23.86, 23.46, 22.51], [22.88, 22.79, 22.09, 22.84, 22.71, 22.02, 23.71, 22.3], [23.02, 23.59, 23.23, 22.36, 23.25, 23.53, 23.73, 22.65], [22.08, 23.23, 22.47, 23.58, 23.38, 23.56, 23.95, 23.19], [23.83, 23.3, 22.38, 23.62, 23.4, 23.97, 22.5, 22.68], [23.66, 22.14, 23.28, 23.09, 22.35, 22.35, 23.64, 22.05], [23.51, 23.48, 23.32, 22.84, 22.07, 23.62, 22.27, 28.67]]}","{""smoke"": 0.031338, ""heat_grid"": 0.358348}",smoke,1,0,2,0,0.026687,0.0,2,fire,0.884,[],[],,3,alert,MODERATE,3,alert,True
"[""heat_grid"", ""smoke""]","{""smoke"": 505.7344, ""heat_grid"": [[22.65, 24.06, 23.42, 23.24, 23.35, 22.64, 22.57, 23.67], [24.11, 23.74, 24.03, 24.04, 22.41, 23.89, 23.89, 23.05], [23.17, 23.84, 24.32, 24.32, 23.3, 23.93, 23.28, 24.08], [23.65, 24.22, 24.34, 23.01, 24.31, 23.73, 22.82, 22.35], [23.72, 22.79, 35.53, 23.45, 22.41, 23.18, 23.95, 22.4], [23.6, 22.67, 24.07, 23.13, 23.97, 23.8, 24.1, 23.38], [23.32, 22.42, 23.42, 23.39, 23.56, 22.61, 23.43, 23.26], [23.54, 23.67, 23.07, 23.36, 23.14, 23.88, 23.94, 22.93]]}","{""smoke"": 0.050573, ""heat_grid"": 0.444175}",fire_smoke,1,0,2,2,0.094012,0.006032,2,fire,0.5565,[],[],,4,"alert,suppress",HIGH,4,"alert,suppress",True
"[""heat_grid"", ""smoke""]","{""smoke"": 634.3178, ""heat_grid"": [[25.12, 23.28, 24.57, 23.69, 24.03, 24.46, 24.64, 24.9], [24.63, 24.77, 24.41, 30.29, 23.26, 24.27, 24.65, 23.43], [24.07, 23.73, 24.35, 24.0, 23.62, 23.22, 23.86, 24.25], [25.07, 23.67, 24.24, 24.35, 24.51, 23.87, 23.41, 25.06], [25.12, 24.09, 24.38, 23.27, 23.31, 23.37, 24.69, 23.67], [23.58, 23.23, 23.26, 24.03, 24.3, 24.37, 24.13, 24.13], [24.72, 23.79, 23.69, 24.92, 24.59, 24.17, 23.77, 23.49], [23.29, 24.92, 24.4, 23.31, 23.53, 23.77, 23.74, 24.31]]}","{""smoke"": 0.063432, ""heat_grid"": 0.378593}",smoke,0,0,0,1,0.0,0.055359,1,smoky,0.8464,[],[],,3,alert,MODERATE,3,alert,True
"[""heat_grid"", ""smoke""]","{""smoke"": 2212.012, ""heat_grid"": [[24.45, 23.61, 24.59, 23.95, 24.03, 24.27, 24.1, 23.68], [24.18, 22.7, 24.5, 24.28, 23.91, 22.77, 23.22, 23.14], [23.15, 23.98, 24.38, 24.0, 23.41, 24.57, 24.36, 24.0], [23.43, 24.0, 23.45, 22.94, 23.87, 24.03, 23.33, 24.49], [24.34, 23.8, 22.75, 22.67, 23.91, 24.26, 23.63, 22.68], [22.92, 23.06, 23.89, 23.6, 22.84, 23.64, 24.37, 23.51], [43.3, 23.79, 24.49, 22.86, 22.95, 23.77, 23.31, 24.42], [24.06, 22.93, 24.37, 23.92, 23.62, 23.15, 23.93, 24.43]]}","{""smoke"": 0.221201, ""heat_grid"": 0.54123}",fire_smoke,0,0,0,1,0.0,0.117279,1,smoky,0.5297,[],[],,5,"alert,suppress,evacuate",CRITICAL,5,"alert,suppress,evacuate",True
"[""heat_grid""]","{""smoke"": 0, ""heat_grid"": [[24.0, 24.0, 24.0, 24.0, 24.0, 24.0, 24.0, 24.0], [24.0, 24.0, 24.0, 24.0, 24.0, 24.0, 24.0, 24.0], [24.0, 24.0, 24.0, 24.0, 24.0, 24.0, 24.0, 24.0], [24.0, 24.0, 24.0, 24.0, 24.0, 24.0, 24.0, 24.0], [24.0, 24.0, 24.0, 24.0, 24.0, 24.0, 24.0, 24.0], [24.0, 24.0, 24.0, 24.0, 24.0, 24.0, 24.0, 24.0], [24.0, 24.0, 24.0, 24.0, 24.0, 24.0, 24.0, 24.0], [24.0, 24.0, 24.0, 24.0, 24.0, 24.0, 24.0, 24.0]]}","{""smoke"": -1, ""heat_grid"": -1}",fire,0,0,0,0,0.0,0.0,0,clear,0.7004,[],[],,2,monitor,LOW,2,monitor,True
"[""heat_grid""]","{""smoke"": 223.4074, ""heat_grid"": [[23.59, 22.45, 21.97, 21.76, 22.92, 23.61, 23.44, 23.05], [23.62, 23.09, 22.32, 22.85, 21.8, 22.09, 22.48, 22.05], [23.55, 23.63, 22.39, 23.06, 22.46, 21.92, 22.32, 22.11], [22.3, 22.07, 21.87, 22.08, 23.46, 21.81, 22.29, 22.7], [27.89, 22.68, 21.73, 22.94, 22.77, 23.01, 22.78, 22.52], [22.34, 22.1, 22.64, 21.7, 22.3, 23.0, 21.86, 21.77], [22.95, 22.44, 23.25, 23.52, 23.56, 22.49, 22.17, 22.86], [22.9, 22.89, 22.29, 21.77, 22.06, 21.95, 21.89, 23.5]]}","{""smoke"": 0.022341, ""heat_grid"": 0.348599}",smoke,1,0,1,0,0.057111,0.0,1,fire,0.516,[],[],,2,monitor,LOW,2,monitor,True
"[""heat_grid"", ""smoke""]","{""smoke"": 1459.5072, ""heat_grid"": [[21.78, 21.52, 21.75, 21.91, 21.58, 22.15, 22.78, 23.02], [22.13, 21.6, 22.95, 22.22, 21.94, 22.38, 23.37, 22.18], [23.35, 21.94, 21.65, 21.75, 22.98, 22.51, 22.6, 23.37], [22.44, 21.67, 22.87, 21.85, 22.6, 23.14, 22.39, 22.06], [22.59, 21.69, 22.05, 22.44, 21.94, 21.51, 22.6, 22.24], [22.22, 23.43, 21.66, 21.74, 23.19, 21.69, 23.27, 22.78], [22.49, 32.73, 22.15, 23.09, 21.55, 22.97, 23.09, 22.85], [21.54, 22.92, 22.88, 21.46, 23.22, 21.7, 23.36, 21.58]]}","{""smoke"": 0.145951, ""heat_grid"": 0.409117}",fire,0,0,0,2,0.0,0.018038,2,smoky,0.411,[],[],,4,"alert,suppress",HIGH,4,"alert,suppress",True
"[""heat_grid"", ""smoke""]","{""smoke"": 707.8748, ""heat_grid"": [[23.07, 22.59, 22.09, 23.6, 22.87, 22.5, 21.89, 23.05], [23.42, 23.15, 23.43, 22.16, 23.8, 22.28, 22.39, 22.88], [21.86, 22.74, 22.24, 23.35, 23.37, 23.08, 22.7, 22.47], [23.51, 22.87, 22.85, 22.08, 22.29, 22.57, 23.25, 23.54], [23.84, 22.71, 22.76, 23.39, 22.5, 22.93, 23.21, 22.33], [22.41, 22.57, 23.01, 22.39, 22.27, 22.15, 23.47, 23.63], [23.66, 23.5, 22.13, 22.05, 22.85, 22.9, 32.22, 22.3], [23.72, 22.47, 23.01, 23.58, 22.9, 23.36, 23.35, 23.43]]}","{""smoke"": 0.070787, ""heat_grid"": 0.402701}",fire,1,1,1,1,0.046809,0.081332,1,fire,0.6478,[],[],,4,"alert,suppress",HIGH,4,"alert,suppress",True
"[""heat_grid""]","{""smoke"": 231.3099, ""heat_grid"": [[23.2, 23.28, 24.52, 24.35, 23.35, 23.38, 23.22, 23.28], [24.35, 22.65, 23.5, 24.52, 23.71, 23.53, 23.25, 22.78], [23.08, 22.81, 22.88, 22.96, 23.23, 22.65, 24.53, 22.88], [23.4, 24.39, 22.84, 23.6, 24.32, 23.74, 23.05, 24.1], [23.99, 23.35, 22.72, 22.65, 24.28, 23.27, 22.9, 23.67], [24.47, 22.65, 22.74, 23.46, 23.98, 23.58, 24.42, 22.72], [23.31, 23.33, 23.31, 23.6, 24.21, 23.27, 24.12, 22.92], [23.75, 28.74, 23.71, 22.84, 24.54, 24.44, 24.28, 24.41]]}","{""smoke"": 0.023131, ""heat_grid"": 0.359249}",none,0,0,0,0,0.0,0.0,0,clear,0.6022,[],[],,2,monitor,LOW,2,monitor,True
"[""heat_grid""]","{""smoke"": 286.0401, ""heat_grid"": [[24.46, 23.78, 24.24, 23.3, 24.23, 24.0, 24.65, 24.83], [23.54, 23.3, 23.92, 24.2, 23.89, 24.39, 24.15, 25.01], [23.95, 23.3, 23.74, 24.35, 23.65, 23.67, 23.82, 24.63], [25.02, 23.84, 23.53, 23.98, 23.84, 25.12, 24.06, 24.49], [24.96, 24.39, 23.63, 24.35, 23.94, 23.98, 27.14, 23.69], [24.07, 23.46, 23.49, 24.34, 24.64, 24.41, 23.79, 23.26], [24.08, 24.14, 24.68, 24.42, 24.88, 24.7, 23.87, 24.4], [24.63, 25.05, 23.98, 24.43, 23.92, 24.61, 24.96, 24.97]]}","{""smoke"": 0.028604, ""heat_grid"": 0.339267}",none,0,0,0,0,0.0,0.0,0,clear,0.4225,[],[],,2,monitor,LOW,2,monitor,True
"[""heat_grid"", ""smoke""]","{""smoke"": 0, ""heat_grid"": [[24.0, 24.0, 24.0, 24.0, 24.0, 24.0, 24.0, 24.0], [24.0, 24.0, 24.0, 24.0, 24.0, 24.0, 24.0, 24.0], [24.0, 24.0, 24.0, 24.0, 24.0, 24.0, 24.0, 24.0], [24.0, 24.0, 24.0, 24.0, 24.0, 24.0, 24.0, 24.0], [24.0, 24.0, 24.0, 24.0, 24.0, 24.0, 24.0, 24.0], [24.0, 24.0, 24.0, 24.0, 24.0, 24.0, 24.0, 24.0], [24.0, 24.0, 24.0, 24.0, 24.0, 24.0, 24.0, 24.0], [24.0, 24.0, 24.0, 24.0, 24.0, 24.0, 24.0, 24.0]]}","{""smoke"": -1, ""heat_grid"": -1}",smoke,0,0,0,0,0.0,0.0,0,hazy,0.3128,[],[],,3,alert,MODERATE,3,alert,True
"[""heat_grid""]","{""smoke"": 0, ""heat_grid"": [[24.0, 24.0, 24.0, 24.0, 24.0, 24.0, 24.0, 24.0], [24.0, 24.0, 24.0, 24.0, 24.0, 24.0, 24.0, 24.0], [24.0, 24.0, 24.0, 24.0, 24.0, 24.0, 24.0, 24.0], [24.0, 24.0, 24.0, 24.0, 24.0, 24.0, 24.0, 24.0], [24.0, 24.0, 24.0, 24.0, 24.0, 24.0, 24.0, 24.0], [24.0, 24.0, 24.0, 24.0, 24.0, 24.0, 24.0, 24.0], [24.0, 24.0, 24.0, 24.0, 24.0, 24.0, 24.0, 24.0], [24.0, 24.0, 24.0, 24.0, 24.0, 24.0, 24.0, 24.0]]}","{""smoke"": -1, ""heat_grid"": -1}",fire,1,0,2,1,0.088288,0.032009,2,fire,0.6892,[],[],,3,alert,MODERATE,3,alert,True
"[""heat_grid"", ""smoke""]","{""smoke"": 724.9425, ""heat_grid"": [[23.53, 22.69, 23.05, 23.86, 22.41, 22.64, 23.78, 22.93], [22.65, 22.09, 22.85, 23.01, 22.82, 22.57, 22.75, 23.3], [23.79, 23.31, 23.3, 23.64, 22.34, 22.61, 22.11, 22.71], [24.01, 22.67, 23.73, 22.18, 22.93, 22.71, 22.41, 28.88], [23.31, 22.99, 23.7, 23.82, 22.97, 23.97, 22.15, 22.56], [22.84, 23.18, 23.1, 23.15, 23.8, 22.57, 23.64, 23.13], [22.99, 22.61, 22.62, 22.79, 23.54, 22.96, 22.32, 23.53], [23.34, 23.91, 23.07, 23.32, 22.97, 23.37, 22.88, 22.29]]}","{""smoke"": 0.072494, ""heat_grid"": 0.361051}",smoke,1,0,2,1,0.056733,0.038699,2,fire,0.7269,[],[],,3,alert,MODERATE,3,alert,True
"[""heat_grid""]","{""smoke"": 204.5217, ""heat_grid"": [[23.82, 22.62, 23.37, 22.6, 28.76, 22.2, 22.88, 22.45], [23.31, 22.73, 23.64, 22.33, 23.21, 23.29, 22.14, 22.17], [22.72, 23.32, 24.03, 22.28, 23.51, 23.49, 23.44, 23.13], [24.03, 23.1, 23.78, 22.62, 23.71, 24.09, 23.92, 22.71], [23.79, 22.29, 23.46, 22.78, 23.42, 22.92, 22.12, 22.56], [22.18, 22.95, 23.78, 23.58, 23.68, 23.71, 22.84, 23.11], [23.12, 22.33, 23.3, 23.54, 23.32, 23.59, 22.34, 23.62], [22.52, 23.85, 22.59, 23.08, 23.07, 22.64, 22.82, 22.47]]}","{""smoke"": 0.020452, ""heat_grid"": 0.359445}",fire,0,0,0,1,0.0,0.027163,1,smoky,0.6048,[],[],,3,alert,MODERATE,3,alert,True
"[""heat_grid"", ""smoke""]","{""smoke"": 0, ""heat_grid"": [[24.0, 24.0, 24.0, 24.0, 24.0, 24.0, 24.0, 24.0], [24.0, 24.0, 24.0, 24.0, 24.0, 24.0, 24.0, 24.0], [24.0, 24.0, 24.0, 24.0, 24.0, 24.0, 24.0, 24.0], [24.0, 24.0, 24.0, 24.0, 24.0, 24.0, 24.0, 24.0], [24.0, 24.0, 24.0, 24.0, 24.0, 24.0, 24.0, 24.0], [24.0, 24.0, 24.0, 24.0, 24.0, 24.0, 24.0, 24.0], [24.0, 24.0, 24.0, 24.0, 24.0, 24.0, 24.0, 24.0], [24.0, 24.0, 24.0, 24.0, 24.0, 24.0, 24.0, 24.0]]}","{""smoke"": -1, ""heat_grid"": -1}",fire,0,0,0,2,0.0,0.028053,2,smoky,0.3435,[],[],,4,"alert,suppress",HIGH,4,"alert,suppress",True
"[""heat_grid"", ""smoke""]","{""smoke"": 0, ""heat_grid"": [[24.0, 24.0, 24.0, 24.0, 24.0, 24.0, 24.0, 24.0], [24.0, 24.0, 24.0, 24.0, 24.0, 24.0, 24.0, 24.0], [24.0, 24.0, 24.0, 24.0, 24.0, 24.0, 24.0, 24.0], [24.0, 24.0, 24.0, 24.0, 24.0, 24.0, 24.0, 24.0], [24.0, 24.0, 24.0, 24.0, 24.0, 24.0, 24.0, 24.0], [24.0, 24.0, 24.0, 24.0, 24.0, 24.0, 24.0, 24.0], [24.0, 24.0, 24.0, 24.0, 24.0, 24.0, 24.0, 24.0], [24.0, 24.0, 24.0, 24.0, 24.0, 24.0, 24.0, 24.0]]}","{""smoke"": -1, ""heat_grid"": -1}",fire_smoke,1,1,2,3,0.081477,0.012644,3,fire,0.3161,[],[],,5,"alert,suppress,evacuate",CRITICAL,5,"alert,suppress,evacuate",True
"[""heat_grid"", ""smoke""]","{""smoke"": 3860.2162, ""heat_grid"": [[22.8, 24.55, 23.27, 23.14, 23.38, 22.88, 23.54, 24.19], [23.75, 24.09, 23.18, 23.55, 23.79, 23.9, 23.13, 24.37], [22.94, 22.95, 23.26, 24.06, 22.91, 22.77, 23.7, 23.45], [23.07, 24.07, 24.04, 23.0, 23.22, 23.49, 24.74, 24.29], [23.43, 24.69, 23.67, 23.52, 24.64, 24.23, 23.85, 23.96], [24.7, 43.09, 23.45, 23.6, 24.73, 22.92, 22.98, 23.63], [23.09, 24.13, 23.48, 24.45, 24.25, 23.7, 24.45, 22.96], [23.92, 23.97, 23.25, 22.86, 23.83, 23.78, 24.06, 23.18]]}","{""smoke"": 0.386022, ""heat_grid"": 0.538595}",fire_smoke,0,1,0,3,0.0,0.018643,3,smoky,0.8996,[],[],,5,"alert,suppress,evacuate",CRITICAL,5,"alert,suppress,evacuate",True
"[""heat_grid"", ""smoke""]","{""smoke"": 0, ""heat_grid"": [[24.0, 24.0, 24.0, 24.0, 24.0, 24.0, 24.0, 24.0], [24.0, 24.0, 24.0, 24.0, 24.0, 24.0, 24.0, 24.0], [24.0, 24.0, 24.0, 24.0, 24.0, 24.0, 24.0, 24.0], [24.0, 24.0, 24.0, 24.0, 24.0, 24.0, 24.0, 24.0], [24.0, 24.0, 24.0, 24.0, 24.0, 24.0, 24.0, 24.0], [24.0, 24.0, 24.0, 24.0, 24.0, 24.0, 24.0, 24.0], [24.0, 24.0, 24.0, 24.0, 24.0, 24.0, 24.0, 24.0], [24.0, 24.0, 24.0, 24.0, 24.0, 24.0, 24.0, 24.0]]}","{""smoke"": -1, ""heat_grid"": -1}",fire_smoke,0,1,0,3,0.0,0.030371,3,smoky,0.7047,[],[],,5,"alert,suppress,evacuate",CRITICAL,5,"alert,suppress,evacuate",True
[],"{""smoke"": 96.3521, ""heat_grid"": [[23.49, 23.94, 23.8, 24.91, 26.15, 24.38, 23.3, 24.05], [23.57, 24.85, 23.36, 23.19, 24.49, 23.99, 24.76, 23.23], [24.69, 23.16, 23.14, 24.01, 23.53, 24.27, 23.13, 23.15], [24.54, 23.5, 24.4, 24.58, 23.2, 24.62, 23.62, 23.86], [23.26, 24.76, 24.2, 24.09, 25.02, 23.75, 24.86, 24.52], [24.94, 24.9, 25.07, 23.35, 24.68, 24.69, 24.37, 23.64], [25.01, 23.49, 24.08, 24.13, 23.41, 24.53, 23.26, 24.47], [24.78, 23.78, 24.5, 23.4, 24.77, 24.99, 23.39, 24.47]]}","{""smoke"": 0.009635, ""heat_grid"": 0.326878}",none,0,0,0,0,0.0,0.0,0,clear,0.3563,[],[],,1,monitor,MINIMAL,1,monitor,True
[],"{""smoke"": 292.4656, ""heat_grid"": [[24.97, 24.11, 23.5, 23.81, 23.74, 24.59, 23.21, 23.44], [24.52, 23.4, 23.25, 23.37, 24.54, 23.43, 23.45, 23.61], [24.66, 23.56, 23.23, 24.97, 24.91, 23.52, 23.68, 23.53], [24.59, 23.65, 25.02, 24.81, 24.33, 23.17, 24.92, 24.61], [24.73, 23.3, 24.57, 24.76, 25.07, 24.32, 24.17, 24.01], [24.56, 25.0, 24.35, 23.61, 23.19, 24.39, 24.88, 23.29], [23.95, 26.84, 24.16, 23.6, 23.86, 23.97, 23.39, 24.48], [24.34, 24.45, 24.38, 23.19, 23.5, 23.49, 23.35, 24.63]]}","{""smoke"": 0.029247, ""heat_grid"": 0.335454}",none,0,0,0,0,0.0,0.0,0,clear,0.7009,[],[],,2,monitor,LOW,2,monitor,True
"[""heat_grid""]","{""smoke"": 0, ""heat_grid"": [[24.0, 24.0, 24.0, 24.0, 24.0, 24.0, 24.0, 24.0], [24.0, 24.0, 24.0, 24.0, 24.0, 24.0, 24.0, 24.0], [24.0, 24.0, 24.0, 24.0, 24.0, 24.0, 24.0, 24.0], [24.0, 24.0, 24.0, 24.0, 24.0, 24.0, 24.0, 24.0], [24.0, 24.0, 24.0, 24.0, 24.0, 24.0, 24.0, 24.0], [24.0, 24.0, 24.0, 24.0, 24.0, 24.0, 24.0, 24.0], [24.0, 24.0, 24.0, 24.0, 24.0, 24.0, 24.0, 24.0], [24.0, 24.0, 24.0, 24.0, 24.0, 24.0, 24.0, 24.0]]}","{""smoke"": -1, ""heat_grid"": -1}",fire,1,0,1,0,0.008053,0.0,1,fire,0.5035,[],[],,2,monitor,LOW,2,monitor,True
"[""heat_grid"", ""smoke""]","{""smoke"": 664.6226, ""heat_grid"": [[23.42, 23.52, 23.79, 24.07, 24.57, 23.22, 22.89, 23.54], [23.77, 23.14, 24.46, 24.28, 23.67, 23.58, 22.76, 23.76], [23.87, 24.46, 23.68, 23.0, 23.04, 23.0, 24.56, 24.27], [24.33, 24.36, 22.87, 24.09, 24.09, 29.56, 23.66, 24.01], [24.48, 22.9, 24.47, 24.53, 24.53, 22.69, 23.12, 24.06], [23.32, 22.8, 24.21, 22.74, 23.57, 24.58, 23.56, 24.51], [23.5, 23.37, 22.9, 23.4, 23.36, 24.37, 24.52, 22.73], [22.88, 23.97, 23.65, 23.28, 23.2, 23.13, 23.73, 22.72]]}","{""smoke"": 0.066462, ""heat_grid"": 0.369488}",fire,0,0,0,0,0.0,0.0,0,hazy,0.5561,[],[],,3,alert,MODERATE,3,alert,True
[],"{""smoke"": 93.3023, ""heat_grid"": [[23.0, 23.18, 24.62, 24.56, 23.43, 24.02, 24.17, 24.7], [24.17, 23.79, 23.71, 23.81, 24.27, 24.7, 23.87, 23.46], [23.44, 24.45, 24.6, 23.17, 23.1, 24.15, 23.25, 24.61], [23.58, 23.25, 24.8, 23.29, 23.53, 23.27, 23.19, 23.0], [23.07, 23.31, 23.07, 24.14, 24.32, 23.75, 23.6, 23.97], [24.71, 24.66, 23.05, 23.32, 23.44, 23.46, 24.1, 23.79], [23.06, 23.71, 24.01, 23.17, 24.78, 23.07, 24.81, 23.16], [24.65, 24.77, 24.92, 24.57, 24.52, 24.25, 24.52, 23.23]]}","{""smoke"": 0.00933, ""heat_grid"": 0.309802}",none,0,0,0,0,0.0,0.0,0,clear,0.3528,[],[],,1,monitor,MINIMAL,1,monitor,True
"[""heat_grid"", ""smoke""]","{""smoke"": 0, ""heat_grid"": [[24.0, 24.0, 24.0, 24.0, 24.0, 24.0, 24.0, 24.0], [24.0, 24.0, 24.0, 24.0, 24.0, 24.0, 24.0, 24.0], [24.0, 24.0, 24.0, 24.0, 24.0, 24.0, 24.0, 24.0], [24.0, 24.0, 24.0, 24.0, 24.0, 24.0, 24.0, 24.0], [24.0, 24.0, 24.0, 24.0, 24.0, 24.0, 24.0, 24.0], [24.0, 24.0, 24.0, 24.0, 24.0, 24.0, 24.0, 24.0], [24.0, 24.0, 24.0, 24.0, 24.0, 24.0, 24.0, 24.0], [24.0, 24.0, 24.0, 24.0, 24.0, 24.0, 24.0, 24.0]]}","{""smoke"": -1, ""heat_grid"": -1}",fire_smoke,1,0,1,1,0.088539,0.124218,1,fire,0.3859,[],[],,5,"alert,suppress,evacuate",CRITICAL,5,"alert,suppress,evacuate",True
[],"{""smoke"": 16.2872, ""heat_grid"": [[23.87, 23.59, 24.89, 25.15, 23.94, 23.79, 22.92, 24.43], [24.32, 23.91, 23.48, 24.35, 25.31, 24.69, 24.38, 23.61], [23.89, 23.98, 24.92, 25.14, 25.19, 25.36, 25.35, 25.29], [23.53, 23.66, 24.0, 24.49, 23.58, 25.08, 24.62, 24.47], [23.72, 23.89, 23.71, 25.09, 24.56, 24.86, 23.98, 24.13], [24.2, 24.91, 24.93, 23.8, 25.27, 23.63, 25.18, 23.59], [23.92, 25.08, 23.75, 24.21, 24.29, 23.88, 24.81, 25.09], [25.14, 24.07, 24.45, 23.88, 23.88, 23.71, 25.27, 25.16]]}","{""smoke"": 0.001629, ""heat_grid"": 0.286555}",none,0,0,0,0,0.0,0.0,0,clear,0.3535,[],[],,1,monitor,MINIMAL,1,monitor,True
[],"{""smoke"": 0, ""heat_grid"": [[24.0, 24.0, 24.0, 24.0, 24.0, 24.0, 24.0, 24.0], [24.0, 24.0, 24.0, 24.0, 24.0, 24.0, 24.0, 24.0], [24.0, 24.0, 24.0, 24.0, 24.0, 24.0, 24.0, 24.0], [24.0, 24.0, 24.0, 24.0, 24.0, 24.0, 24.0, 24.0], [24.0, 24.0, 24.0, 24.0, 24.0, 24.0, 24.0, 24.0], [24.0, 24.0, 24.0, 24.0, 24.0, 24.0, 24.0, 24.0], [24.0, 24.0, 24.0, 24.0, 24.0, 24.0, 24.0, 24.0], [24.0, 24.0, 24.0, 24.0, 24.0, 24.0, 24.0, 24.0]]}","{""smoke"": -1, ""heat_grid"": -1}",none,0,0,0,0,0.0,0.0,0,clear,0.7145,[],[],,2,monitor,LOW,2,monitor,True
"[""heat_grid"", ""smoke""]","{""smoke"": 1840.6828, ""heat_grid"": [[24.84, 23.66, 23.88, 24.14, 24.68, 24.43, 22.97, 24.26], [23.34, 23.35, 23.93, 24.23, 23.16, 23.47, 24.27, 23.14], [24.54, 23.75, 24.01, 23.0, 24.75, 24.65, 23.22, 24.16], [24.42, 23.08, 23.99, 24.54, 23.85, 24.69, 22.93, 24.68], [24.79, 23.15, 23.7, 24.08, 24.62, 23.16, 23.51, 24.43], [23.66, 24.05, 23.96, 24.78, 23.12, 24.73, 23.97, 24.65], [23.07, 35.44, 24.52, 24.41, 22.86, 23.74, 23.07, 23.14], [24.25, 24.75, 24.11, 23.04, 23.33, 23.6, 23.09, 24.53]]}","{""smoke"": 0.184068, ""heat_grid"": 0.443012}",fire,1,0,2,0,0.088454,0.0,2,fire,0.3761,[],[],,4,"alert,suppress",HIGH,4,"alert,suppress",True
[],"{""smoke"": 93.9545, ""heat_grid"": [[23.79, 23.7, 23.92, 23.5, 23.08, 25.43, 23.12, 23.69], [23.98, 24.73, 22.94, 24.11, 23.78, 22.91, 23.37, 23.11], [23.3, 23.42, 23.67, 23.93, 22.87, 23.19, 23.06, 23.97], [23.53, 23.97, 23.31, 22.92, 24.75, 23.09, 23.12, 23.16], [24.83, 24.1, 24.09, 24.84, 23.05, 24.82, 23.28, 24.12], [23.71, 23.64, 24.73, 23.17, 24.86, 23.63, 24.17, 24.81], [22.98, 24.72, 24.01, 24.28, 23.17, 23.94, 24.22, 23.78], [23.18, 23.36, 24.58, 22.94, 24.29, 24.87, 22.88, 23.19]]}","{""smoke"": 0.009395, ""heat_grid"": 0.317902}",none,0,0,0,0,0.0,0.0,0,clear,0.262,[],[],,1,monitor,MINIMAL,1,monitor,True
"[""heat_grid"", ""smoke""]","{""smoke"": 678.6419, ""heat_grid"": [[24.39, 23.41, 23.45, 24.07, 24.66, 23.47, 24.95, 24.49], [23.75, 24.89, 24.32, 24.59, 23.89, 23.91, 23.15, 24.2], [24.64, 25.06, 24.91, 23.29, 25.08, 23.42, 23.2, 24.62], [24.93, 25.02, 24.77, 23.53, 23.43, 23.24, 24.28, 24.1], [23.34, 24.05, 24.26, 24.57, 23.95, 23.76, 24.45, 24.49], [23.66, 23.16, 25.01, 24.63, 23.52, 24.25, 24.31, 23.37], [23.5, 25.03, 24.14, 23.5, 24.72, 24.06, 24.4, 23.72], [23.24, 23.45, 25.07, 24.37, 24.78, 30.8, 24.65, 24.09]]}","{""smoke"": 0.067864, ""heat_grid"": 0.38495}",fire,1,0,1,0,0.057774,0.0,1,fire,0.3214,[],[],,3,alert,MODERATE,3,alert,True
"[""heat_grid""]","{""smoke"": 213.1786, ""heat_grid"": [[24.8, 24.38, 23.58, 23.75, 24.63, 23.94, 24.59, 23.74], [23.14, 24.33, 24.32, 24.38, 23.66, 24.74, 24.1, 24.65], [24.34, 23.95, 24.48, 24.27, 24.14, 24.42, 29.07, 24.94], [23.79, 23.57, 24.67, 23.59, 25.11, 23.96, 23.72, 23.25], [23.21, 23.31, 23.13, 23.78, 23.74, 23.98, 23.59, 23.25], [23.26, 23.49, 23.76, 23.42, 23.85, 24.97, 23.65, 23.46], [24.45, 24.1, 23.22, 24.7, 24.55, 25.08, 25.0, 24.29], [24.49, 23.94, 24.9, 24.23, 23.77, 23.14, 24.3, 24.17]]}","{""smoke"": 0.021318, ""heat_grid"": 0.363437}",smoke,0,0,0,0,0.0,0.0,0,clear,0.7892,[],[],,3,alert,MODERATE,3,alert,True
"[""heat_grid"", ""smoke""]","{""smoke"": 1164.1817, ""heat_grid"": [[24.65, 23.82, 25.0, 23.42, 23.85, 23.52, 24.2, 24.58], [24.37, 24.93, 24.44, 23.77, 24.38, 24.78, 24.31, 24.19], [24.37, 24.4, 23.93, 25.02, 23.72, 23.37, 24.79, 24.99], [24.59, 24.25, 25.26, 24.05, 24.12, 24.49, 24.17, 24.42], [25.24, 23.78, 23.61, 24.16, 24.32, 24.73, 25.22, 24.69], [25.28, 23.8, 32.32, 23.92, 24.88, 23.68, 23.7, 24.13], [23.94, 24.6, 25.09, 23.59, 24.4, 23.48, 23.75, 23.93], [24.47, 24.42, 24.59, 24.95, 23.68, 24.79, 24.64, 23.47]]}","{""smoke"": 0.116418, ""heat_grid"": 0.404024}",fire_smoke,1,0,1,0,0.015371,0.0,1,fire,0.4703,[],[],,4,"alert,suppress",HIGH,4,"alert,suppress",True
"[""heat_grid"", ""smoke""]","{""smoke"": 639.8778, ""heat_grid"": [[23.94, 24.47, 23.47, 23.45, 23.41, 25.12, 23.57, 24.23], [24.13, 23.91, 24.34, 23.27, 24.02, 24.22, 24.87, 24.67], [30.19, 24.02, 23.55, 24.07, 25.19, 23.69, 23.61, 25.15], [25.16, 23.56, 24.8, 24.12, 24.25, 24.26, 25.2, 23.63], [24.81, 23.28, 24.52, 24.57, 24.77, 25.12, 24.77, 24.73], [23.77, 25.25, 24.2, 24.1, 24.27, 24.05, 24.45, 23.96], [23.74, 25.12, 25.12, 24.26, 25.19, 24.1, 24.04, 25.1], [24.53, 24.79, 24.09, 24.08, 23.43, 25.2, 23.72, 24.25]]}","{""smoke"": 0.063988, ""heat_grid"": 0.377398}",smoke,1,0,1,1,0.038224,0.058736,1,fire,0.617,[],[],,3,alert,MODERATE,3,alert,True
"[""heat_grid"", ""smoke""]","{""smoke"": 0, ""heat_grid"": [[24.0, 24.0, 24.0, 24.0, 24.0, 24.0, 24.0, 24.0], [24.0, 24.0, 24.0, 24.0, 24.0, 24.0, 24.0, 24.0], [24.0, 24.0, 24.0, 24.0, 24.0, 24.0, 24.0, 24.0], [24.0, 24.0, 24.0, 24.0, 24.0, 24.0, 24.0, 24.0], [24.0, 24.0, 24.0, 24.0, 24.0, 24.0, 24.0, 24.0], [24.0, 24.0, 24.0, 24.0, 24.0, 24.0, 24.0, 24.0], [24.0, 24.0, 24.0, 24.0, 24.0, 24.0, 24.0, 24.0], [24.0, 24.0, 24.0, 24.0, 24.0, 24.0, 24.0, 24.0]]}","{""smoke"": -1, ""heat_grid"": -1}",smoke,0,0,0,1,0.0,0.069518,1,smoky,0.6781,[],[],,3,alert,MODERATE,3,alert,True
[],"{""smoke"": 90.0278, ""heat_grid"": [[23.99, 24.24, 24.39, 24.17, 23.9, 23.37, 24.12, 24.64], [22.79, 24.06, 23.6, 24.24, 24.72, 23.05, 23.13, 23.81], [23.69, 23.87, 22.83, 23.54, 23.9, 23.9, 24.04, 24.17], [24.01, 24.31, 23.98, 23.8, 23.94, 22.93, 23.28, 23.78], [24.48, 24.09, 22.91, 23.91, 23.17, 24.2, 24.38, 23.92], [23.91, 23.41, 23.62, 24.46, 24.18, 23.77, 23.47, 22.83], [23.02, 23.12, 23.48, 24.62, 23.74, 23.2, 22.94, 23.41], [24.36, 23.5, 24.27, 24.34, 22.95, 23.95, 24.65, 23.53]]}","{""smoke"": 0.009003, ""heat_grid"": 0.284847}",none,0,0,0,0,0.0,0.0,0,clear,0.4347,[],[],,1,monitor,MINIMAL,1,monitor,True
"[""heat_grid"", ""smoke""]","{""smoke"": 356.4853, ""heat_grid"": [[23.65, 23.96, 24.0, 30.4, 22.69, 24.19, 22.98, 24.45], [23.23, 22.69, 23.09, 23.6, 23.24, 24.11, 23.82, 22.88], [23.53, 24.03, 24.24, 23.24, 24.3, 22.53, 23.81, 24.02], [23.31, 22.48, 23.83, 23.14, 22.76, 22.77, 23.99, 22.83], [23.42, 24.4, 23.97, 23.55, 23.51, 22.79, 23.35, 22.74], [22.62, 22.67, 23.67, 22.84, 22.75, 24.19, 22.7, 23.87], [23.29, 23.61, 22.5, 22.45, 24.09, 23.41, 22.6, 23.14], [23.47, 22.73, 23.55, 23.51, 23.66, 24.08, 23.28, 24.23]]}","{""smoke"": 0.035649, ""heat_grid"": 0.380032}",smoke,1,0,2,0,0.060733,0.0,2,fire,0.6705,[],[],,3,alert,MODERATE,3,alert,True
[],"{""smoke"": 3.8542, ""heat_grid"": [[22.55, 22.77, 22.06, 22.0, 21.08, 22.64, 21.73, 22.82], [21.81, 22.2, 21.61, 21.39, 22.42, 22.06, 22.14, 23.0], [22.99, 22.78, 21.44, 22.25, 22.82, 21.82, 21.27, 22.69], [22.03, 22.2, 23.03, 22.28, 21.92, 21.81, 21.9, 21.3], [22.66, 22.74, 21.64, 21.67, 22.81, 21.11, 22.11, 21.99], [22.45, 21.39, 22.4, 21.82, 22.3, 21.15, 21.99, 22.11], [21.49, 21.35, 21.44, 21.75, 21.26, 22.96, 21.88, 22.68], [23.02, 21.23, 22.37, 22.81, 22.33, 21.92, 21.93, 21.14]]}","{""smoke"": 0.000385, ""heat_grid"": 0.280231}",none,0,0,0,0,0.0,0.0,0,clear,0.4487,[],[],,1,monitor,MINIMAL,1,monitor,True
"[""heat_grid"", ""smoke""]","{""smoke"": 0, ""heat_grid"": [[24.0, 24.0, 24.0, 24.0, 24.0, 24.0, 24.0, 24.0], [24.0, 24.0, 24.0, 24.0, 24.0, 24.0, 24.0, 24.0], [24.0, 24.0, 24.0, 24.0, 24.0, 24.0, 24.0, 24.0], [24.0, 24.0, 24.0, 24.0, 24.0, 24.0, 24.0, 24.0], [24.0, 24.0, 24.0, 24.0, 24.0, 24.0, 24.0, 24.0], [24.0, 24.0, 24.0, 24.0, 24.0, 24.0, 24.0, 24.0], [24.0, 24.0, 24.0, 24.0, 24.0, 24.0, 24.0, 24.0], [24.0, 24.0, 24.0, 24.0, 24.0, 24.0, 24.0, 24.0]]}","{""smoke"": -1, ""heat_grid"": -1}",fire_smoke,1,0,1,2,0.01291,0.035164,2,fire,0.4504,[],[],,4,"alert,suppress",HIGH,4,"alert,suppress",True
"[""heat_grid""]","{""smoke"": 148.6563, ""heat_grid"": [[23.02, 22.51, 21.58, 22.14, 22.12, 22.49, 22.51, 22.58], [22.69, 21.5, 21.9, 21.32, 22.2, 22.15, 22.76, 21.62], [22.55, 21.9, 22.05, 22.73, 21.43, 21.97, 22.07, 22.72], [21.69, 23.18, 23.28, 22.93, 21.89, 22.62, 21.46, 23.03], [22.32, 21.64, 21.94, 22.89, 23.03, 22.33, 22.25, 22.79], [22.94, 22.82, 22.06, 22.57, 23.0, 21.59, 22.07, 21.4], [22.11, 22.83, 21.68, 22.37, 21.36, 23.08, 22.93, 22.34], [22.7, 27.34, 22.98, 22.72, 21.53, 23.25, 21.33, 22.55]]}","{""smoke"": 0.014866, ""heat_grid"": 0.341763}",fire,1,0,1,0,0.008872,0.0,1,fire,0.3487,[],[],,2,monitor,LOW,2,monitor,True
"[""heat_grid"", ""smoke""]","{""smoke"": 3628.2387, ""heat_grid"": [[24.12, 23.93, 23.21, 24.06, 23.81, 22.92, 23.73, 23.19], [23.26, 23.22, 23.79, 24.02, 22.82, 23.47, 23.44, 23.96], [23.08, 22.56, 22.59, 22.29, 22.38, 22.79, 22.39, 23.92], [22.91, 22.92, 23.7, 22.79, 23.61, 23.83, 22.9, 23.14], [22.83, 23.03, 23.34, 22.88, 23.11, 23.18, 22.23, 22.51], [23.27, 22.19, 23.59, 23.99, 23.69, 35.24, 23.08, 23.48], [23.54, 24.14, 23.17, 22.68, 22.91, 24.03, 23.45, 23.91], [23.63, 24.11, 23.19, 24.08, 23.95, 23.87, 24.06, 23.23]]}","{""smoke"": 0.362824, ""heat_grid"": 0.440488}",fire_smoke,0,1,0,2,0.0,0.098151,2,smoky,0.7583,[],[],,5,"alert,suppress,evacuate",CRITICAL,5,"alert,suppress,evacuate",True
"[""heat_grid"", ""smoke""]","{""smoke"": 5972.3249, ""heat_grid"": [[24.12, 23.98, 24.36, 23.12, 24.67, 24.39, 23.42, 24.35], [24.28, 24.65, 24.75, 23.58, 24.71, 23.44, 23.87, 24.06], [24.69, 24.88, 23.11, 24.55, 24.83, 24.99, 23.61, 23.42], [24.08, 24.88, 23.71, 24.09, 25.07, 23.99, 24.33, 25.07], [23.81, 23.62, 23.64, 24.31, 23.4, 23.41, 23.6, 24.16], [24.77, 43.36, 24.64, 24.99, 24.56, 24.36, 23.09, 23.97], [23.61, 24.1, 24.98, 23.72, 23.4, 24.73, 25.06, 24.64], [23.35, 24.18, 23.89, 24.34, 24.41, 24.69, 23.56, 25.01]]}","{""smoke"": 0.597232, ""heat_grid"": 0.542021}",fire_smoke,1,0,1,0,0.125186,0.0,1,fire,0.5779,[],[],,5,"alert,suppress,evacuate",CRITICAL,5,"alert,suppress,evacuate",True
[],"{""smoke"": 38.5168, ""heat_grid"": [[21.27, 21.63, 22.74, 23.21, 23.08, 22.23, 22.29, 21.85], [22.77, 22.75, 22.91, 23.02, 22.09, 22.76, 22.84, 21.84], [23.91, 21.41, 23.21, 22.76, 21.41, 22.54, 21.29, 22.76], [22.82, 22.43, 22.94, 21.42, 21.78, 22.05, 21.31, 22.12], [21.75, 22.01, 22.07, 22.98, 21.77, 23.01, 22.08, 21.88], [22.23, 22.06, 21.74, 22.23, 21.53, 21.93, 22.36, 22.05], [22.87, 21.74, 23.16, 22.79, 23.16, 22.9, 21.51, 22.28], [21.56, 22.86, 22.39, 21.75, 23.08, 21.45, 22.35, 22.67]]}","{""smoke"": 0.003852, ""heat_grid"": 0.298931}",none,0,0,0,0,0.0,0.0,0,clear,0.3696,[],[],,1,monitor,MINIMAL,1,monitor,True
"[""heat_grid"", ""smoke""]","{""smoke"": 1540.4922, ""heat_grid"": [[24.89, 23.43, 24.49, 24.13, 23.47, 23.51, 24.39, 23.49], [23.02, 24.67, 24.1, 24.44, 24.13, 23.96, 24.46, 22.99], [23.55, 24.18, 24.81, 23.71, 24.87, 24.43, 23.89, 23.78], [23.18, 24.15, 23.03, 23.78, 23.4, 32.86, 23.65, 23.9], [23.67, 23.2, 23.63, 24.48, 24.17, 23.8, 24.56, 22.93], [24.58, 23.04, 24.66, 24.82, 24.56, 22.96, 23.98, 24.58], [24.01, 23.64, 23.87, 23.09, 23.92, 22.98, 24.21, 23.7], [23.31, 22.96, 24.77, 24.04, 24.22, 24.48, 24.18, 23.75]]}","{""smoke"": 0.154049, ""heat_grid"": 0.410739}",fire,1,1,1,0,0.069555,0.0,1,fire,0.4234,[],[],,4,"alert,suppress",HIGH,4,"alert,suppress",True
"[""heat_grid""]","{""smoke"": 178.0234, ""heat_grid"": [[22.53, 22.33, 23.12, 22.78, 23.41, 22.86, 21.86, 22.8], [21.94, 23.48, 22.06, 22.26, 22.75, 28.26, 22.91, 22.75], [23.74, 22.01, 22.98, 23.27, 22.09, 23.1, 23.56, 23.41], [23.7, 23.27, 22.62, 23.67, 22.28, 23.0, 23.36, 23.58], [23.66, 22.0, 23.28, 22.24, 23.39, 23.23, 22.19, 23.5], [22.75, 22.92, 23.77, 23.14, 23.01, 21.86, 22.23, 21.88], [22.5, 22.52, 22.89, 23.21, 22.19, 23.03, 23.66, 22.2], [23.15, 21.92, 22.89, 23.31, 21.9, 22.5, 23.59, 22.28]]}","{""smoke"": 0.017802, ""heat_grid"": 0.353275}",fire,1,0,2,1,0.018913,0.05692,2,fire,0.6192,[],[],,3,alert,MODERATE,3,alert,True
"[""heat_grid"", ""smoke""]","{""smoke"": 522.8756, ""heat_grid"": [[24.49, 24.5, 23.41, 24.52, 23.46, 23.28, 22.82, 23.29], [23.05, 24.16, 23.1, 23.99, 23.07, 24.22, 23.39, 23.43], [24.1, 24.69, 24.8, 23.53, 24.71, 24.04, 24.63, 22.87], [22.88, 22.96, 24.42, 23.09, 23.17, 23.99, 24.73, 23.95], [24.28, 23.19, 24.64, 22.93, 23.38, 23.72, 23.27, 24.14], [24.17, 23.24, 22.83, 22.96, 22.82, 24.63, 24.06, 23.09], [23.0, 34.91, 24.44, 24.67, 23.13, 23.86, 23.06, 24.41], [23.64, 24.21, 22.88, 24.37, 23.27, 24.5, 23.19, 24.39]]}","{""smoke"": 0.052288, ""heat_grid"": 0.436336}",fire,0,0,0,1,0.0,0.07903,1,smoky,0.5317,[],[],,4,"alert,suppress",HIGH,4,"alert,suppress",True
"[""heat_grid"", ""smoke""]","{""smoke"": 0, ""heat_grid"": [[24.0, 24.0, 24.0, 24.0, 24.0, 24.0, 24.0, 24.0], [24.0, 24.0, 24.0, 24.0, 24.0, 24.0, 24.0, 24.0], [24.0, 24.0, 24.0, 24.0, 24.0, 24.0, 24.0, 24.0], [24.0, 24.0, 24.0, 24.0, 24.0, 24.0, 24.0, 24.0], [24.0, 24.0, 24.0, 24.0, 24.0, 24.0, 24.0, 24.0], [24.0, 24.0, 24.0, 24.0, 24.0, 24.0, 24.0, 24.0], [24.0, 24.0, 24.0, 24.0, 24.0, 24.0, 24.0, 24.0], [24.0, 24.0, 24.0, 24.0, 24.0, 24.0, 24.0, 24.0]]}","{""smoke"": -1, ""heat_grid"": -1}",fire,1,0,2,1,0.068777,0.071925,2,fire,0.4219,[],[],,3,alert,MODERATE,3,alert,True
"[""heat_grid"", ""smoke""]","{""smoke"": 4696.9452, ""heat_grid"": [[24.57, 24.87, 24.01, 24.97, 23.86, 23.2, 23.43, 24.18], [23.09, 23.38, 23.81, 24.31, 23.39, 39.75, 24.39, 24.59], [24.38, 23.56, 25.06, 24.84, 23.81, 23.12, 24.12, 24.79], [24.71, 24.86, 25.0, 24.49, 23.39, 23.13, 23.36, 23.46], [23.18, 23.97, 24.63, 23.07, 24.67, 24.91, 23.37, 23.1], [24.02, 24.8, 24.54, 23.13, 24.41, 24.7, 23.6, 24.37], [24.05, 23.47, 24.87, 23.51, 24.74, 24.47, 23.5, 24.48], [23.11, 23.53, 23.63, 24.84, 24.89, 23.6, 24.01, 25.03]]}","{""smoke"": 0.469695, ""heat_grid"": 0.496935}",fire_smoke,1,0,2,0,0.061758,0.0,2,fire,0.5529,[],[],,5,"alert,suppress,evacuate",CRITICAL,5,"alert,suppress,evacuate",True
"[""heat_grid"", ""smoke""]","{""smoke"": 1819.7757, ""heat_grid"": [[22.77, 21.95, 23.19, 22.96, 22.93, 22.6, 22.31, 21.86], [23.62, 22.56, 22.72, 22.48, 23.7, 23.32, 21.92, 22.94], [22.7, 23.31, 23.72, 23.21, 23.46, 22.73, 22.47, 23.01], [23.22, 22.18, 22.73, 21.95, 22.16, 23.49, 22.02, 23.35], [22.47, 23.05, 23.55, 23.29, 23.38, 32.31, 22.45, 23.19], [23.28, 23.31, 23.21, 22.19, 22.3, 23.61, 22.83, 23.23], [22.92, 23.57, 23.46, 22.25, 23.5, 22.33, 22.61, 23.43], [22.37, 22.31, 23.06, 23.73, 21.99, 23.13, 22.78, 22.55]]}","{""smoke"": 0.181978, ""heat_grid"": 0.40389}",fire,1,1,1,1,0.096748,0.075666,1,fire,0.8911,[],[],,4,"alert,suppress",HIGH,4,"alert,suppress",True
"[""heat_grid"", ""smoke""]","{""smoke"": 0, ""heat_grid"": [[24.0, 24.0, 24.0, 24.0, 24.0, 24.0, 24.0, 24.0], [24.0, 24.0, 24.0, 24.0, 24.0, 24.0, 24.0, 24.0], [24.0, 24.0, 24.0, 24.0, 24.0, 24.0, 24.0, 24.0], [24.0, 24.0, 24.0, 24.0, 24.0, 24.0, 24.0, 24.0], [24.0, 24.0, 24.0, 24.0, 24.0, 24.0, 24.0, 24.0], [24.0, 24.0, 24.0, 24.0, 24.0, 24.0, 24.0, 24.0], [24.0, 24.0, 24.0, 24.0, 24.0, 24.0, 24.0, 24.0], [24.0, 24.0, 24.0, 24.0, 24.0, 24.0, 24.0, 24.0]]}","{""smoke"": -1, ""heat_grid"": -1}",fire,1,0,2,1,0.107107,0.016193,2,fire,0.3792,[],[],,4,"alert,suppress",HIGH,4,"alert,suppress",True
"[""heat_grid""]","{""smoke"": 0, ""heat_grid"": [[24.0, 24.0, 24.0, 24.0, 24.0, 24.0, 24.0, 24.0], [24.0, 24.0, 24.0, 24.0, 24.0, 24.0, 24.0, 24.0], [24.0, 24.0, 24.0, 24.0, 24.0, 24.0, 24.0, 24.0], [24.0, 24.0, 24.0, 24.0, 24.0, 24.0, 24.0, 24.0], [24.0, 24.0, 24.0, 24.0, 24.0, 24.0, 24.0, 24.0], [24.0, 24.0, 24.0, 24.0, 24.0, 24.0, 24.0, 24.0], [24.0, 24.0, 24.0, 24.0, 24.0, 24.0, 24.0, 24.0], [24.0, 24.0, 24.0, 24.0, 24.0, 24.0, 24.0, 24.0]]}","{""smoke"": -1, ""heat_grid"": -1}",smoke,0,0,0,0,0.0,0.0,0,clear,0.4384,[],[],,2,monitor,LOW,2,monitor,True
"[""heat_grid""]","{""smoke"": 0, ""heat_grid"": [[24.0, 24.0, 24.0, 24.0, 24.0, 24.0, 24.0, 24.0], [24.0, 24.0, 24.0, 24.0, 24.0, 24.0, 24.0, 24.0], [24.0, 24.0, 24.0, 24.0, 24.0, 24.0, 24.0, 24.0], [24.0, 24.0, 24.0, 24.0, 24.0, 24.0, 24.0, 24.0], [24.0, 24.0, 24.0, 24.0, 24.0, 24.0, 24.0, 24.0], [24.0, 24.0, 24.0, 24.0, 24.0, 24.0, 24.0, 24.0], [24.0, 24.0, 24.0, 24.0, 24.0, 24.0, 24.0, 24.0], [24.0, 24.0, 24.0, 24.0, 24.0, 24.0, 24.0, 24.0]]}","{""smoke"": -1, ""heat_grid"": -1}",none,1,0,1,0,0.048232,0.0,1,fire,0.7231,[],[],,2,monitor,LOW,2,monitor,True
"[""heat_grid""]","{""smoke"": 0, ""heat_grid"": [[24.0, 24.0, 24.0, 24.0, 24.0, 24.0, 24.0, 24.0], [24.0, 24.0, 24.0, 24.0, 24.0, 24.0, 24.0, 24.0], [24.0, 24.0, 24.0, 24.0, 24.0, 24.0, 24.0, 24.0], [24.0, 24.0, 24.0, 24.0, 24.0, 24.0, 24.0, 24.0], [24.0, 24.0, 24.0, 24.0, 24.0, 24.0, 24.0, 24.0], [24.0, 24.0, 24.0, 24.0, 24.0, 24.0, 24.0, 24.0], [24.0, 24.0, 24.0, 24.0, 24.0, 24.0, 24.0, 24.0], [24.0, 24.0, 24.0, 24.0, 24.0, 24.0, 24.0, 24.0]]}","{""smoke"": -1, ""heat_grid"": -1}",smoke,0,0,0,0,0.0,0.0,0,clear,0.4935,[],[],,3,alert,MODERATE,3,alert,True
"[""heat_grid"", ""smoke""]","{""smoke"": 0, ""heat_grid"": [[24.0, 24.0, 24.0, 24.0, 24.0, 24.0, 24.0, 24.0], [24.0, 24.0, 24.0, 24.0, 24.0, 24.0, 24.0, 24.0], [24.0, 24.0, 24.0, 24.0, 24.0, 24.0, 24.0, 24.0], [24.0, 24.0, 24.0, 24.0, 24.0, 24.0, 24.0, 24.0], [24.0, 24.0, 24.0, 24.0, 24.0, 24.0, 24.0, 24.0], [24.0, 24.0, 24.0, 24.0, 24.0, 24.0, 24.0, 24.0], [24.0, 24.0, 24.0, 24.0, 24.0, 24.0, 24.0, 24.0], [24.0, 24.0, 24.0, 24.0, 24.0, 24.0, 24.0, 24.0]]}","{""smoke"": -1, ""heat_grid"": -1}",fire_smoke,1,0,1,1,0.124086,0.039503,1,fire,0.8446,[],[],,5,"alert,suppress,evacuate",CRITICAL,5,"alert,suppress,evacuate",True
"[""heat_grid"", ""smoke""]","{""smoke"": 0, ""heat_grid"": [[24.0, 24.0, 24.0, 24.0, 24.0, 24.0, 24.0, 24.0], [24.0, 24.0, 24.0, 24.0, 24.0, 24.0, 24.0, 24.0], [24.0, 24.0, 24.0, 24.0, 24.0, 24.0, 24.0, 24.0], [24.0, 24.0, 24.0, 24.0, 24.0, 24.0, 24.0, 24.0], [24.0, 24.0, 24.0, 24.0, 24.0, 24.0, 24.0, 24.0], [24.0, 24.0, 24.0, 24.0, 24.0, 24.0, 24.0, 24.0], [24.0, 24.0, 24.0, 24.0, 24.0, 24.0, 24.0, 24.0], [24.0, 24.0, 24.0, 24.0, 24.0, 24.0, 24.0, 24.0]]}","{""smoke"": -1, ""heat_grid"": -1}",fire_smoke,1,0,1,0,0.089787,0.0,1,fire,0.6598,[],[],,4,"alert,suppress",HIGH,4,"alert,suppress",True
"[""heat_grid""]","{""smoke"": 55.8487, ""heat_grid"": [[23.35, 22.98, 24.09, 22.83, 27.77, 24.25, 23.2, 23.09], [22.75, 24.31, 23.73, 22.54, 23.5, 22.65, 23.63, 23.5], [22.64, 24.11, 23.0, 23.56, 23.76, 24.4, 23.47, 24.31], [23.19, 24.19, 22.95, 23.89, 22.66, 24.45, 24.39, 23.36], [23.53, 23.67, 23.03, 23.83, 23.88, 23.53, 22.77, 24.32], [22.71, 23.74, 22.68, 22.77, 22.52, 23.2, 23.76, 23.52], [23.83, 23.83, 22.76, 22.59, 23.73, 23.78, 23.59, 22.97], [24.1, 22.63, 23.74, 22.72, 23.79, 23.31, 23.91, 22.58]]}","{""smoke"": 0.005585, ""heat_grid"": 0.347112}",smoke,1,0,1,0,0.042531,0.0,1,fire,0.372,[],[],,2,monitor,LOW,2,monitor,True
[],"{""smoke"": 42.9957, ""heat_grid"": [[24.48, 23.7, 24.61, 23.37, 22.95, 23.46, 24.93, 23.02], [23.36, 23.98, 24.56, 23.12, 23.73, 24.43, 23.68, 23.32], [23.33, 23.76, 23.9, 24.66, 24.22, 24.32, 24.91, 23.76], [23.75, 24.79, 23.43, 24.4, 24.45, 23.14, 23.88, 23.34], [23.31, 23.87, 23.52, 24.53, 24.75, 24.54, 23.47, 23.49], [23.45, 23.21, 24.83, 23.74, 23.39, 24.63, 23.74, 23.01], [23.26, 24.22, 24.51, 23.36, 24.77, 24.64, 24.64, 23.39], [23.04, 24.67, 23.55, 24.18, 24.46, 23.2, 24.5, 24.82]]}","{""smoke"": 0.0043, ""heat_grid"": 0.29323}",none,0,0,0,0,0.0,0.0,0,clear,0.3382,[],[],,1,monitor,MINIMAL,1,monitor,True
[],"{""smoke"": 70.6778, ""heat_grid"": [[22.15, 23.13, 23.7, 23.4, 22.47, 23.53, 23.52, 22.6], [23.32, 26.36, 23.76, 22.35, 22.47, 23.05, 22.17, 22.91], [23.65, 22.37, 23.0, 24.06, 23.09, 23.07, 23.19, 22.45], [22.37, 23.43, 22.87, 22.66, 22.14, 23.77, 22.14, 23.58], [22.84, 23.27, 22.57, 22.39, 23.14, 23.47, 22.47, 22.95], [22.97, 22.51, 23.21, 22.37, 23.1, 22.3, 23.05, 22.7], [22.98, 22.94, 23.89, 23.06, 23.71, 22.53, 22.78, 22.23], [22.92, 23.41, 23.75, 23.21, 23.36, 22.43, 22.15, 23.66]]}","{""smoke"": 0.007068, ""heat_grid"": 0.329531}",none,0,0,0,0,0.0,0.0,0,clear,0.2682,[],[],,1,monitor,MINIMAL,1,monitor,True
[],"{""smoke"": 25.7452, ""heat_grid"": [[23.81, 23.61, 23.31, 23.29, 24.38, 23.11, 23.05, 23.23], [23.23, 24.52, 23.67, 24.86, 23.15, 24.18, 23.77, 23.66], [24.63, 24.83, 24.62, 23.26, 23.32, 24.19, 23.45, 24.35], [24.01, 23.98, 24.53, 24.3, 22.93, 22.97, 24.08, 23.85], [23.4, 23.71, 24.39, 24.53, 24.0, 23.65, 23.42, 23.92], [23.51, 24.0, 24.23, 23.01, 22.88, 23.3, 25.35, 24.17], [23.22, 24.66, 23.82, 23.83, 24.75, 22.99, 23.31, 24.05], [23.27, 24.23, 23.3, 23.07, 23.29, 23.72, 23.23, 23.15]]}","{""smoke"": 0.002575, ""heat_grid"": 0.31689}",none,0,0,0,0,0.0,0.0,0,clear,0.3141,[],[],,1,monitor,MINIMAL,1,monitor,True
"[""heat_grid""]","{""smoke"": 0, ""heat_grid"": [[24.0, 24.0, 24.0, 24.0, 24.0, 24.0, 24.0, 24.0], [24.0, 24.0, 24.0, 24.0, 24.0, 24.0, 24.0, 24.0], [24.0, 24.0, 24.0, 24.0, 24.0, 24.0, 24.0, 24.0], [24.0, 24.0, 24.0, 24.0, 24.0, 24.0, 24.0, 24.0], [24.0, 24.0, 24.0, 24.0, 24.0, 24.0, 24.0, 24.0], [24.0, 24.0, 24.0, 24.0, 24.0, 24.0, 24.0, 24.0], [24.0, 24.0, 24.0, 24.0, 24.0, 24.0, 24.0, 24.0], [24.0, 24.0, 24.0, 24.0, 24.0, 24.0, 24.0, 24.0]]}","{""smoke"": -1, ""heat_grid"": -1}",fire,0,0,0,0,0.0,0.0,0,clear,0.6753,[],[],,2,monitor,LOW,2,monitor,True
"[""heat_grid"", ""smoke""]","{""smoke"": 0, ""heat_grid"": [[24.0, 24.0, 24.0, 24.0, 24.0, 24.0, 24.0, 24.0], [24.0, 24.0, 24.0, 24.0, 24.0, 24.0, 24.0, 24.0], [24.0, 24.0, 24.0, 24.0, 24.0, 24.0, 24.0, 24.0], [24.0, 24.0, 24.0, 24.0, 24.0, 24.0, 24.0, 24.0], [24.0, 24.0, 24.0, 24.0, 24.0, 24.0, 24.0, 24.0], [24.0, 24.0, 24.0, 24.0, 24.0, 24.0, 24.0, 24.0], [24.0, 24.0, 24.0, 24.0, 24.0, 24.0, 24.0, 24.0], [24.0, 24.0, 24.0, 24.0, 24.0, 24.0, 24.0, 24.0]]}","{""smoke"": -1, ""heat_grid"": -1}",fire_smoke,0,1,0,0,0.0,0.0,0,hazy,0.4587,[],[],,5,"alert,suppress,evacuate",CRITICAL,5,"alert,suppress,evacuate",True
[],"{""smoke"": 85.4203, ""heat_grid"": [[22.29, 22.44, 22.14, 23.97, 22.62, 22.36, 21.56, 22.92], [22.42, 22.98, 22.94, 22.84, 22.51, 22.22, 21.35, 22.09], [22.53, 22.04, 22.74, 21.22, 21.76, 22.01, 21.87, 21.22], [21.31, 22.68, 21.97, 21.1, 21.03, 21.95, 21.33, 22.41], [22.59, 21.46, 22.19, 21.31, 21.61, 22.78, 22.09, 22.77], [21.45, 21.66, 21.94, 21.96, 23.0, 21.23, 22.71, 22.73], [22.11, 21.69, 22.04, 21.59, 22.6, 22.0, 22.85, 22.25], [22.03, 22.42, 22.01, 22.81, 21.37, 22.95, 22.63, 22.72]]}","{""smoke"": 0.008542, ""heat_grid"": 0.299602}",none,0,0,0,0,0.0,0.0,0,clear,0.4174,[],[],,1,monitor,MINIMAL,1,monitor,True
[],"{""smoke"": 68.4, ""heat_grid"": [[23.93, 23.16, 23.87, 24.51, 24.08, 23.69, 23.39, 22.91], [23.23, 22.77, 24.72, 23.19, 24.37, 23.08, 23.31, 23.58], [23.39, 24.34, 24.66, 24.49, 23.05, 24.3, 23.04, 24.57], [23.78, 23.42, 23.06, 22.77, 23.24, 24.57, 24.34, 24.68], [22.94, 23.93, 23.26, 23.83, 23.38, 23.31, 23.89, 23.11], [23.68, 24.04, 23.0, 24.6, 23.75, 24.38, 24.05, 24.16], [24.18, 24.49, 23.97, 23.3, 24.76, 23.96, 22.88, 23.23], [22.86, 23.84, 23.06, 23.96, 24.32, 24.39, 23.36, 23.84]]}","{""smoke"": 0.00684, ""heat_grid"": 0.309489}",none,0,0,0,0,0.0,0.0,0,clear,0.3446,[],[],,1,monitor,MINIMAL,1,monitor,True
"[""heat_grid"", ""smoke""]","{""smoke"": 757.5377, ""heat_grid"": [[22.63, 22.26, 22.76, 21.95, 29.64, 21.44, 23.1, 21.45], [22.76, 21.53, 22.67, 22.82, 22.86, 22.05, 21.96, 22.77], [22.26, 22.34, 21.57, 21.99, 21.84, 22.43, 21.49, 21.91], [22.8, 22.19, 22.89, 21.57, 21.98, 22.1, 21.9, 22.47], [21.4, 22.14, 21.38, 22.36, 22.76, 21.14, 22.02, 22.09], [22.54, 21.25, 21.91, 22.67, 22.17, 22.6, 21.83, 22.94], [21.26, 21.28, 22.16, 22.04, 22.38, 21.56, 21.55, 22.6], [21.69, 22.56, 22.38, 21.27, 22.52, 22.86, 22.74, 21.12]]}","{""smoke"": 0.075754, ""heat_grid"": 0.370493}",smoke,1,0,2,1,0.055892,0.025323,2,fire,0.4167,[],[],,3,alert,MODERATE,3,alert,True
"[""heat_grid""]","{""smoke"": 229.6039, ""heat_grid"": [[23.93, 24.0, 23.41, 23.33, 23.68, 23.34, 28.73, 22.45], [22.53, 23.8, 22.33, 22.39, 24.09, 23.69, 22.29, 22.91], [23.81, 23.12, 23.22, 23.2, 22.69, 23.73, 22.49, 23.3], [22.62, 22.38, 22.57, 24.02, 22.64, 22.84, 22.56, 23.75], [23.17, 24.17, 23.61, 23.35, 23.6, 22.36, 24.18, 24.2], [22.84, 23.54, 22.69, 23.38, 23.82, 24.16, 22.96, 23.67], [23.72, 22.73, 23.54, 23.59, 23.81, 24.28, 22.36, 22.69], [22.57, 22.59, 23.19, 24.04, 23.18, 23.62, 23.04, 22.92]]}","{""smoke"": 0.02296, ""heat_grid"": 0.359093}",fire,1,0,1,0,0.024299,0.0,1,fire,0.8485,[],[],,2,monitor,LOW,2,monitor,True
[],"{""smoke"": 99.3085, ""heat_grid"": [[25.0, 24.32, 24.49, 23.79, 23.34, 24.43, 23.83, 24.57], [24.92, 23.28, 24.43, 23.71, 24.99, 23.75, 24.46, 24.35], [24.04, 24.6, 24.69, 24.38, 24.76, 25.21, 24.08, 24.27], [23.27, 24.84, 24.28, 22.47, 23.43, 25.02, 24.03, 24.61], [23.54, 25.17, 23.6, 23.64, 24.96, 25.07, 23.67, 24.18], [24.71, 25.0, 24.0, 24.28, 24.73, 24.71, 24.81, 24.38], [23.45, 25.05, 24.97, 24.84, 23.44, 23.65, 24.73, 23.29], [25.2, 24.0, 24.68, 25.02, 24.03, 23.88, 24.46, 24.41]]}","{""smoke"": 0.009931, ""heat_grid"": 0.280829}",none,0,0,0,0,0.0,0.0,0,clear,0.3704,[],[],,1,monitor,MINIMAL,1,monitor,True
"[""heat_grid"", ""smoke""]","{""smoke"": 736.0973, ""heat_grid"": [[22.44, 21.85, 22.98, 22.99, 22.81, 22.26, 22.96, 22.42], [22.87, 21.44, 22.93, 28.43, 21.73, 23.12, 22.5, 22.94], [21.13, 22.23, 22.55, 21.15, 22.65, 22.43, 21.67, 22.5], [21.38, 22.77, 22.85, 22.09, 22.14, 21.93, 21.81, 22.87], [21.73, 21.93, 21.72, 22.44, 22.75, 21.45, 21.63, 21.33], [21.44, 21.94, 22.67, 22.21, 21.23, 22.37, 22.71, 21.91], [21.61, 22.65, 21.17, 22.75, 22.73, 22.9, 21.3, 21.34], [22.87, 22.07, 21.91, 22.27, 21.24, 22.41, 23.01, 22.47]]}","{""smoke"": 0.07361, ""heat_grid"": 0.355318}",smoke,1,0,1,1,0.063524,0.008987,1,fire,0.702,[],[],,3,alert,MODERATE,3,alert,True
"[""heat_grid"", ""smoke""]","{""smoke"": 322.4744, ""heat_grid"": [[24.23, 25.33, 23.41, 24.04, 24.93, 24.1, 25.23, 23.82], [24.98, 23.79, 23.78, 24.28, 25.27, 24.56, 24.65, 23.4], [23.5, 23.52, 25.02, 23.86, 24.04, 24.6, 24.55, 24.21], [23.39, 24.28, 29.37, 23.86, 24.8, 23.41, 25.2, 25.28], [23.39, 24.3, 24.21, 25.07, 24.47, 24.61, 23.79, 23.54], [24.77, 24.63, 25.05, 25.07, 24.65, 24.46, 25.21, 24.99], [25.15, 25.38, 24.19, 24.82, 24.76, 23.73, 24.66, 24.24], [24.29, 23.74, 24.87, 24.78, 24.45, 23.7, 24.5, 23.58]]}","{""smoke"": 0.032247, ""heat_grid"": 0.3671}",smoke,0,0,0,0,0.0,0.0,0,hazy,0.8301,[],[],,3,alert,MODERATE,3,alert,True
"[""heat_grid""]","{""smoke"": 280.7273, ""heat_grid"": [[23.11, 23.39, 23.62, 21.96, 23.35, 22.53, 23.58, 22.05], [23.0, 29.13, 22.55, 23.84, 22.11, 22.17, 23.19, 22.93], [22.43, 22.51, 22.21, 23.63, 23.04, 22.39, 22.68, 23.71], [23.67, 22.04, 23.21, 22.2, 22.32, 23.63, 23.69, 22.06], [23.65, 23.35, 23.45, 23.48, 22.91, 23.79, 22.3, 22.91], [22.54, 23.54, 22.06, 22.77, 23.44, 22.52, 22.38, 22.42], [23.33, 22.47, 22.7, 22.99, 23.78, 23.49, 22.27, 23.66], [23.59, 23.39, 22.93, 22.04, 23.32, 22.93, 22.52, 21.92]]}","{""smoke"": 0.028073, ""heat_grid"": 0.364134}",fire,0,0,0,1,0.0,0.012861,1,smoky,0.6933,[],[],,3,alert,MODERATE,3,alert,True
"[""heat_grid"", ""smoke""]","{""smoke"": 5428.6973, ""heat_grid"": [[24.34, 24.26, 24.29, 23.85, 24.57, 24.24, 25.29, 23.68], [23.49, 42.87, 23.77, 25.32, 24.46, 24.06, 24.62, 24.24], [23.76, 24.13, 23.91, 24.61, 24.97, 23.86, 24.58, 24.76], [24.08, 24.31, 24.06, 24.08, 24.23, 23.93, 24.31, 24.84], [24.13, 25.23, 23.77, 24.24, 24.54, 24.42, 25.23, 23.99], [24.09, 24.53, 24.53, 24.91, 24.93, 23.36, 24.87, 24.77], [24.51, 23.97, 25.15, 24.81, 23.85, 23.95, 24.76, 25.17], [24.32, 25.1, 24.1, 24.13, 24.71, 23.44, 23.62, 24.79]]}","{""smoke"": 0.54287, ""heat_grid"": 0.535901}",fire_smoke,0,0,0,0,0.0,0.0,0,hazy,0.3534,[],[],,5,"alert,suppress,evacuate",CRITICAL,5,"alert,suppress,evacuate",True
"[""heat_grid""]","{""smoke"": 194.0045, ""heat_grid"": [[23.79, 23.6, 23.85, 22.3, 23.0, 23.16, 22.41, 22.39], [27.76, 23.33, 23.29, 22.53, 23.0, 22.04, 22.25, 23.03], [22.61, 23.92, 22.93, 22.16, 22.03, 23.44, 22.33, 22.37], [22.84, 22.52, 23.22, 22.96, 22.21, 23.56, 22.84, 23.21], [22.0, 23.24, 22.56, 22.98, 22.59, 23.98, 22.45, 23.82], [23.83, 22.83, 22.6, 22.75, 23.97, 23.23, 23.08, 22.06], [23.69, 22.16, 22.09, 22.54, 22.94, 23.78, 23.57, 22.39], [22.74, 23.55, 23.05, 22.34, 22.78, 23.24, 23.94, 23.31]]}","{""smoke"": 0.0194, ""heat_grid"": 0.347034}",none,1,0,1,0,0.018798,0.0,1,fire,0.8173,[],[],,2,monitor,LOW,2,monitor,True
"[""heat_grid"", ""smoke""]","{""smoke"": 783.5955, ""heat_grid"": [[23.9, 23.53, 23.68, 23.0, 23.28, 23.96, 22.63, 23.95], [23.16, 23.1, 23.94, 22.98, 24.48, 24.53, 23.47, 23.36], [22.71, 24.11, 22.88, 24.42, 24.53, 22.8, 23.92, 23.49], [23.64, 22.91, 29.52, 22.89, 24.32, 23.46, 23.82, 24.4], [24.03, 23.64, 23.36, 23.48, 23.24, 24.45, 23.06, 23.37], [24.11, 23.28, 24.33, 23.04, 22.62, 23.81, 23.57, 24.42], [23.4, 22.82, 23.21, 23.34, 23.72, 23.1, 23.65, 24.37], [23.4, 23.86, 23.01, 24.16, 23.09, 23.71, 23.15, 22.69]]}","{""smoke"": 0.07836, ""heat_grid"": 0.36901}",smoke,1,0,1,0,0.080877,0.0,1,fire,0.4597,[],[],,3,alert,MODERATE,3,alert,True
"[""heat_grid"", ""smoke""]","{""smoke"": 2167.3193, ""heat_grid"": [[23.85, 22.87, 22.73, 23.56, 23.68, 23.11, 23.17, 22.53], [36.86, 24.2, 22.51, 23.42, 22.32, 22.93, 23.8, 23.42], [22.44, 23.19, 22.44, 23.03, 23.82, 22.8, 23.19, 23.28], [23.99, 22.53, 23.38, 22.34, 22.47, 22.72, 23.72, 22.36], [24.17, 23.14, 23.96, 22.73, 22.96, 23.74, 23.04, 23.3], [23.9, 23.58, 23.95, 22.46, 23.5, 23.48, 23.5, 23.46], [23.73, 23.97, 22.74, 22.49, 22.43, 22.6, 23.59, 23.12], [22.98, 24.1, 24.08, 23.36, 23.2, 22.82, 23.2, 23.1]]}","{""smoke"": 0.216732, ""heat_grid"": 0.460736}",fire_smoke,1,0,1,3,0.068593,0.031742,3,fire,0.6998,[],[],,5,"alert,suppress,evacuate",CRITICAL,5,"alert,suppress,evacuate",True
"[""heat_grid"", ""smoke""]","{""smoke"": 518.5463, ""heat_grid"": [[23.38, 22.74, 23.0, 23.38, 22.03, 22.82, 22.1, 23.36], [23.13, 22.57, 22.06, 23.76, 22.54, 22.46, 22.11, 23.07], [22.44, 23.6, 23.28, 21.92, 23.04, 22.37, 21.94, 23.15], [22.32, 23.71, 23.06, 22.33, 23.87, 23.0, 22.24, 22.95], [23.83, 22.76, 22.76, 22.83, 22.47, 22.23, 23.07, 23.7], [28.92, 22.1, 22.71, 21.92, 22.53, 23.25, 22.49, 23.59], [22.87, 23.25, 23.68, 23.28, 23.71, 23.53, 23.05, 22.51], [22.51, 23.66, 22.02, 23.79, 22.57, 23.39, 22.57, 23.82]]}","{""smoke"": 0.051855, ""heat_grid"": 0.361529}",smoke,0,0,0,0,0.0,0.0,0,hazy,0.8205,[],[],,3,alert,MODERATE,3,alert,True
[],"{""smoke"": 58.9531, ""heat_grid"": [[25.36, 23.73, 24.31, 24.78, 24.94, 24.21, 24.97, 23.73], [24.14, 24.91, 24.73, 25.15, 23.57, 23.83, 23.57, 23.86], [23.49, 24.49, 24.53, 24.79, 24.25, 23.48, 24.83, 23.59], [25.21, 23.52, 24.54, 25.27, 24.62, 24.69, 24.84, 23.72], [24.83, 25.24, 25.43, 24.36, 24.17, 24.98, 24.56, 23.99], [23.82, 23.82, 24.4, 23.82, 23.52, 23.58, 25.34, 23.62], [23.62, 24.38, 23.97, 23.7, 25.3, 24.29, 24.38, 24.23], [23.55, 24.06, 23.72, 23.68, 24.6, 23.68, 23.68, 24.44]]}","{""smoke"": 0.005895, ""heat_grid"": 0.296238}",none,0,0,0,0,0.0,0.0,0,clear,0.2775,[],[],,1,monitor,MINIMAL,1,monitor,True
"[""heat_grid""]","{""smoke"": 0, ""heat_grid"": [[24.0, 24.0, 24.0, 24.0, 24.0, 24.0, 24.0, 24.0], [24.0, 24.0, 24.0, 24.0, 24.0, 24.0, 24.0, 24.0], [24.0, 24.0, 24.0, 24.0, 24.0, 24.0, 24.0, 24.0], [24.0, 24.0, 24.0, 24.0, 24.0, 24.0, 24.0, 24.0], [24.0, 24.0, 24.0, 24.0, 24.0, 24.0, 24.0, 24.0], [24.0, 24.0, 24.0, 24.0, 24.0, 24.0, 24.0, 24.0], [24.0, 24.0, 24.0, 24.0, 24.0, 24.0, 24.0, 24.0], [24.0, 24.0, 24.0, 24.0, 24.0, 24.0, 24.0, 24.0]]}","{""smoke"": -1, ""heat_grid"": -1}",smoke,0,0,0,0,0.0,0.0,0,clear,0.8172,[],[],,2,monitor,LOW,2,monitor,True
"[""heat_grid"", ""smoke""]","{""smoke"": 0, ""heat_grid"": [[24.0, 24.0, 24.0, 24.0, 24.0, 24.0, 24.0, 24.0], [24.0, 24.0, 24.0, 24.0, 24.0, 24.0, 24.0, 24.0], [24.0, 24.0, 24.0, 24.0, 24.0, 24.0, 24.0, 24.0], [24.0, 24.0, 24.0, 24.0, 24.0, 24.0, 24.0, 24.0], [24.0, 24.0, 24.0, 24.0, 24.0, 24.0, 24.0, 24.0], [24.0, 24.0, 24.0, 24.0, 24.0, 24.0, 24.0, 24.0], [24.0, 24.0, 24.0, 24.0, 24.0, 24.0, 24.0, 24.0], [24.0, 24.0, 24.0, 24.0, 24.0, 24.0, 24.0, 24.0]]}","{""smoke"": -1, ""heat_grid"": -1}",smoke,1,0,1,0,0.023291,0.0,1,fire,0.8518,[],[],,3,alert,MODERATE,3,alert,True
"[""heat_grid"", ""smoke""]","{""smoke"": 739.8779, ""heat_grid"": [[21.15, 21.97, 22.75, 22.77, 21.89, 21.68, 22.09, 22.74], [22.35, 21.36, 21.8, 22.19, 22.15, 22.74, 22.94, 21.28], [21.53, 21.86, 21.67, 21.89, 21.16, 21.21, 22.75, 21.28], [22.73, 21.69, 21.7, 30.97, 21.1, 21.79, 22.75, 22.92], [21.2, 21.14, 21.4, 22.61, 21.49, 21.54, 22.86, 22.83], [22.42, 21.41, 21.84, 21.55, 22.42, 22.64, 21.36, 22.87], [22.0, 22.67, 21.18, 21.8, 21.11, 22.51, 21.24, 21.75], [22.64, 22.58, 22.36, 22.47, 22.38, 22.36, 21.78, 21.13]]}","{""smoke"": 0.073988, ""heat_grid"": 0.387178}",smoke,1,0,2,0,0.044854,0.0,2,fire,0.5784,[],[],,3,alert,MODERATE,3,alert,True
"[""heat_grid""]","{""smoke"": 204.3124, ""heat_grid"": [[22.4, 23.1, 21.94, 22.49, 23.25, 22.85, 22.23, 21.94], [22.48, 30.0, 23.01, 22.2, 23.17, 23.94, 23.11, 22.99], [23.18, 23.7, 23.83, 22.02, 22.35, 22.17, 23.48, 22.03], [23.74, 21.98, 23.14, 22.49, 22.88, 22.82, 23.44, 22.93], [22.78, 23.4, 23.79, 23.53, 23.41, 22.91, 23.74, 22.91], [23.8, 23.54, 22.24, 22.03, 23.42, 23.31, 23.14, 23.89], [23.03, 22.63, 23.07, 21.99, 23.1, 23.74, 21.95, 23.63], [23.54, 22.15, 23.63, 23.47, 22.92, 22.43, 22.51, 23.16]]}","{""smoke"": 0.020431, ""heat_grid"": 0.375014}",smoke,1,0,1,0,0.084121,0.0,1,fire,0.7376,[],[],,3,alert,MODERATE,3,alert,True
[],"{""smoke"": 72.6995, ""heat_grid"": [[23.75, 23.36, 24.4, 24.03, 24.95, 24.91, 23.92, 25.2], [23.87, 24.32, 23.8, 25.16, 23.62, 23.38, 24.16, 25.27], [25.07, 24.79, 25.07, 25.08, 24.33, 23.92, 24.83, 24.61], [25.04, 23.48, 24.78, 23.81, 25.16, 23.77, 23.54, 24.95], [23.6, 23.65, 24.49, 25.04, 23.68, 23.91, 24.84, 25.23], [24.29, 23.58, 23.32, 23.75, 23.55, 24.65, 23.53, 24.3], [24.68, 24.45, 23.69, 24.9, 24.72, 24.77, 23.55, 23.54], [25.15, 24.09, 23.89, 24.27, 24.62, 25.2, 23.86, 25.14]]}","{""smoke"": 0.00727, ""heat_grid"": 0.312971}",none,0,0,0,0,0.0,0.0,0,clear,0.361,[],[],,1,monitor,MINIMAL,1,monitor,True
[],"{""smoke"": 0, ""heat_grid"": [[24.0, 24.0, 24.0, 24.0, 24.0, 24.0, 24.0, 24.0], [24.0, 24.0, 24.0, 24.0, 24.0, 24.0, 24.0, 24.0], [24.0, 24.0, 24.0, 24.0, 24.0, 24.0, 24.0, 24.0], [24.0, 24.0, 24.0, 24.0, 24.0, 24.0, 24.0, 24.0], [24.0, 24.0, 24.0, 24.0, 24.0, 24.0, 24.0, 24.0], [24.0, 24.0, 24.0, 24.0, 24.0, 24.0, 24.0, 24.0], [24.0, 24.0, 24.0, 24.0, 24.0, 24.0, 24.0, 24.0], [24.0, 24.0, 24.0, 24.0, 24.0, 24.0, 24.0, 24.0]]}","{""smoke"": -1, ""heat_grid"": -1}",none,0,0,0,0,0.0,0.0,0,clear,0.2638,[],[],,1,monitor,MINIMAL,1,monitor,True
"[""heat_grid"", ""smoke""]","{""smoke"": 502.576, ""heat_grid"": [[24.05, 23.25, 23.78, 23.46, 23.25, 24.1, 23.2, 23.99], [22.28, 23.52, 24.03, 24.0, 23.18, 23.15, 23.83, 22.88], [24.08, 22.71, 22.35, 23.75, 23.01, 22.92, 22.85, 24.17], [23.35, 24.19, 22.89, 23.03, 22.63, 23.07, 22.33, 22.21], [23.11, 23.7, 23.08, 23.24, 23.1, 23.26, 23.76, 23.81], [23.88, 22.63, 34.41, 23.87, 24.09, 23.29, 23.19, 23.73], [24.19, 23.06, 22.54, 23.87, 23.63, 22.5, 22.85, 23.31], [23.67, 23.77, 22.52, 22.64, 23.69, 22.44, 23.2, 23.3]]}","{""smoke"": 0.050258, ""heat_grid"": 0.430093}",fire_smoke,0,1,0,2,0.0,0.010265,2,smoky,0.7665,[],[],,4,"alert,suppress",HIGH,4,"alert,suppress",True
"[""heat_grid"", ""smoke""]","{""smoke"": 4331.7688, ""heat_grid"": [[24.89, 25.28, 25.37, 25.19, 40.54, 24.53, 24.23, 23.66], [24.59, 23.89, 24.63, 25.1, 24.25, 25.37, 25.0, 25.08], [23.69, 25.35, 23.54, 25.15, 23.53, 23.79, 24.1, 24.94], [25.27, 24.8, 24.92, 24.05, 25.42, 24.28, 25.29, 25.03], [24.2, 24.15, 24.83, 25.35, 24.81, 25.18, 25.4, 24.13], [24.54, 24.68, 23.9, 25.06, 23.99, 24.88, 24.51, 25.14], [24.49, 24.64, 23.83, 25.08, 24.27, 24.63, 25.16, 24.43], [24.02, 24.0, 24.6, 24.05, 24.14, 23.94, 24.36, 24.4]]}","{""smoke"": 0.433177, ""heat_grid"": 0.506738}",fire_smoke,1,0,2,2,0.090246,0.04907,2,fire,0.8404,[],[],,5,"alert,suppress,evacuate",CRITICAL,5,"alert,suppress,evacuate",True
"[""heat_grid"", ""smoke""]","{""smoke"": 1021.8461, ""heat_grid"": [[23.95, 23.23, 23.02, 23.14, 23.91, 24.2, 24.06, 24.34], [22.99, 23.19, 24.44, 24.48, 24.32, 24.41, 24.84, 24.8], [35.74, 23.56, 22.94, 24.18, 23.78, 23.21, 23.35, 24.79], [23.05, 24.49, 24.72, 24.29, 23.04, 24.61, 24.22, 23.47], [24.18, 23.19, 24.33, 24.72, 23.96, 24.82, 23.79, 24.63], [24.46, 23.09, 24.74, 24.74, 23.62, 24.5, 23.37, 22.98], [23.33, 23.88, 23.03, 23.24, 24.82, 23.9, 24.56, 23.33], [23.09, 24.48, 23.61, 23.84, 24.9, 23.55, 23.86, 24.19]]}","{""smoke"": 0.102185, ""heat_grid"": 0.446706}",fire,0,0,0,2,0.0,0.047914,2,smoky,0.405,[],[],,4,"alert,suppress",HIGH,4,"alert,suppress",True
[],"{""smoke"": 11.207, ""heat_grid"": [[23.25, 22.94, 23.13, 23.83, 23.95, 22.79, 22.92, 22.41], [23.23, 23.64, 22.73, 22.93, 24.13, 22.37, 23.19, 23.69], [22.57, 22.37, 22.55, 24.11, 22.29, 22.65, 22.33, 22.49], [23.51, 22.75, 23.41, 23.45, 23.97, 22.28, 23.98, 23.51], [22.6, 23.82, 23.98, 22.78, 24.11, 23.18, 23.48, 24.24], [22.99, 23.9, 22.91, 23.87, 23.47, 22.7, 23.1, 22.91], [22.43, 22.33, 22.96, 22.31, 22.6, 23.72, 23.69, 23.75], [22.9, 24.05, 23.46, 22.52, 22.56, 23.66, 22.62, 23.29]]}","{""smoke"": 0.001121, ""heat_grid"": 0.280083}",none,0,0,0,0,0.0,0.0,0,clear,0.2508,[],[],,1,monitor,MINIMAL,1,monitor,True
[],"{""smoke"": 0, ""heat_grid"": [[24.0, 24.0, 24.0, 24.0, 24.0, 24.0, 24.0, 24.0], [24.0, 24.0, 24.0, 24.0, 24.0, 24.0, 24.0, 24.0], [24.0, 24.0, 24.0, 24.0, 24.0, 24.0, 24.0, 24.0], [24.0, 24.0, 24.0, 24.0, 24.0, 24.0, 24.0, 24.0], [24.0, 24.0, 24.0, 24.0, 24.0, 24.0, 24.0, 24.0], [24.0, 24.0, 24.0, 24.0, 24.0, 24.0, 24.0, 24.0], [24.0, 24.0, 24.0, 24.0, 24.0, 24.0, 24.0, 24.0], [24.0, 24.0, 24.0, 24.0, 24.0, 24.0, 24.0, 24.0]]}","{""smoke"": -1, ""heat_grid"": -1}",none,0,0,0,0,0.0,0.0,0,clear,0.4031,[],[],,1,monitor,MINIMAL,1,monitor,True
"[""heat_grid"", ""smoke""]","{""smoke"": 2336.303, ""heat_grid"": [[23.18, 21.97, 23.32, 22.49, 22.82, 23.85, 22.32, 22.13], [22.31, 22.59, 22.96, 23.85, 23.63, 23.32, 23.33, 22.46], [23.75, 22.97, 22.22, 23.79, 22.9, 22.2, 23.36, 22.36], [22.27, 22.43, 23.05, 22.48, 21.97, 22.67, 22.36, 22.91], [22.81, 22.05, 22.38, 22.45, 22.86, 23.54, 22.33, 22.21], [21.89, 23.1, 22.54, 23.23, 23.27, 21.98, 22.73, 23.83], [22.44, 22.95, 22.97, 22.41, 23.45, 37.57, 22.35, 23.08], [23.73, 21.91, 23.09, 21.9, 23.14, 22.71, 22.76, 23.83]]}","{""smoke"": 0.23363, ""heat_grid"": 0.469642}",fire_smoke,1,1,2,0,0.149614,0.0,2,fire,0.454,[],[],,5,"alert,suppress,evacuate",CRITICAL,5,"alert,suppress,evacuate",True
"[""heat_grid"", ""smoke""]","{""smoke"": 3275.8732, ""heat_grid"": [[24.84, 23.66, 23.45, 23.56, 23.72, 23.36, 24.98, 23.57], [23.65, 24.98, 25.12, 23.64, 23.79, 24.8, 25.14, 24.5], [24.09, 24.55, 24.76, 23.43, 24.07, 24.91, 24.61, 23.51], [24.71, 24.53, 23.73, 23.89, 23.83, 25.19, 23.57, 24.86], [24.26, 24.96, 25.16, 25.12, 24.91, 24.03, 23.74, 23.84], [24.51, 23.88, 24.07, 23.36, 24.74, 23.42, 23.87, 40.19], [24.26, 24.99, 24.52, 24.78, 23.81, 23.46, 24.69, 23.51], [24.87, 25.09, 23.77, 24.72, 24.07, 23.8, 24.06, 24.49]]}","{""smoke"": 0.327587, ""heat_grid"": 0.502388}",fire_smoke,1,1,1,1,0.107362,0.045184,1,fire,0.4508,[],[],,5,"alert,suppress,evacuate",CRITICAL,5,"alert,suppress,evacuate",True
[],"{""smoke"": 0, ""heat_grid"": [[24.0, 24.0, 24.0, 24.0, 24.0, 24.0, 24.0, 24.0], [24.0, 24.0, 24.0, 24.0, 24.0, 24.0, 24.0, 24.0], [24.0, 24.0, 24.0, 24.0, 24.0, 24.0, 24.0, 24.0], [24.0, 24.0, 24.0, 24.0, 24.0, 24.0, 24.0, 24.0], [24.0, 24.0, 24.0, 24.0, 24.0, 24.0, 24.0, 24.0], [24.0, 24.0, 24.0, 24.0, 24.0, 24.0, 24.0, 24.0], [24.0, 24.0, 24.0, 24.0, 24.0, 24.0, 24.0, 24.0], [24.0, 24.0, 24.0, 24.0, 24.0, 24.0, 24.0, 24.0]]}","{""smoke"": -1, ""heat_grid"": -1}",none,0,0,0,0,0.0,0.0,0,clear,0.4292,[],[],,1,monitor,MINIMAL,1,monitor,True
"[""heat_grid"", ""smoke""]","{""smoke"": 4704.8483, ""heat_grid"": [[23.98, 24.31, 24.95, 23.95, 23.39, 24.15, 24.05, 24.62], [24.77, 24.48, 25.0, 23.59, 23.53, 23.64, 24.39, 23.52], [23.23, 25.01, 23.68, 23.5, 23.77, 23.37, 23.12, 23.66], [23.73, 24.68, 23.92, 24.53, 24.52, 24.63, 24.89, 24.05], [23.26, 23.13, 23.43, 24.71, 24.2, 23.33, 23.32, 24.84], [24.09, 23.4, 24.85, 24.49, 24.01, 23.98, 24.4, 23.73], [25.05, 24.62, 24.33, 37.34, 25.05, 23.07, 23.1, 24.62], [23.47, 24.42, 24.06, 23.69, 23.52, 24.61, 23.4, 23.37]]}","{""smoke"": 0.470485, ""heat_grid"": 0.46671}",fire_smoke,1,1,2,0,0.098019,0.0,2,fire,0.8952,[],[],,5,"alert,suppress,evacuate",CRITICAL,5,"alert,suppress,evacuate",True
"[""heat_grid"", ""smoke""]","{""smoke"": 1601.1299, ""heat_grid"": [[23.94, 23.54, 23.26, 23.03, 22.44, 24.18, 23.54, 23.62], [23.23, 23.1, 22.45, 22.69, 23.2, 22.84, 22.44, 23.44], [23.28, 23.2, 23.92, 23.55, 22.36, 23.88, 23.32, 23.39], [24.13, 22.57, 23.55, 22.92, 22.43, 23.23, 22.92, 22.36], [23.34, 22.98, 23.22, 22.38, 23.16, 23.29, 23.28, 23.79], [24.34, 22.41, 23.14, 24.07, 23.6, 24.32, 23.78, 23.8], [22.51, 22.9, 23.52, 23.4, 23.88, 24.34, 22.77, 23.21], [24.09, 24.03, 23.99, 30.57, 24.34, 23.07, 22.59, 22.62]]}","{""smoke"": 0.160113, ""heat_grid"": 0.382085}",fire,1,1,1,2,0.057077,0.063081,2,fire,0.5148,[],[],,4,"alert,suppress",HIGH,4,"alert,suppress",True
"[""heat_grid"", ""smoke""]","{""smoke"": 1470.5146, ""heat_grid"": [[22.39, 21.45, 22.81, 22.69, 22.82, 22.53, 21.34, 21.73], [22.43, 21.66, 22.43, 21.68, 21.37, 22.05, 22.38, 22.04], [22.29, 21.89, 22.57, 22.31, 22.16, 21.88, 31.66, 21.11], [22.34, 21.42, 22.73, 22.63, 22.07, 22.7, 22.35, 21.29], [22.49, 23.0, 21.09, 21.5, 22.21, 21.84, 22.29, 22.18], [22.59, 21.15, 21.89, 22.73, 21.74, 22.02, 21.05, 21.46], [21.94, 21.81, 22.44, 22.23, 22.77, 22.72, 21.49, 21.05], [22.72, 21.67, 21.7, 21.33, 22.4, 21.57, 21.36, 22.02]]}","{""smoke"": 0.147051, ""heat_grid"": 0.395722}",fire,1,0,1,0,0.088034,0.0,1,fire,0.5772,[],[],,4,"alert,suppress",HIGH,4,"alert,suppress",True
"[""heat_grid"", ""smoke""]","{""smoke"": 1003.8854, ""heat_grid"": [[22.14, 21.4, 22.2, 21.48, 21.81, 22.25, 22.32, 21.07], [22.08, 22.64, 31.81, 22.07, 21.9, 22.7, 21.88, 22.89], [22.31, 22.13, 21.59, 22.2, 21.27, 21.84, 21.57, 22.35], [22.53, 22.86, 21.45, 22.77, 22.7, 22.73, 22.49, 21.54], [22.76, 22.2, 22.49, 21.42, 21.32, 21.56, 22.03, 21.84], [22.78, 21.03, 21.17, 21.66, 21.34, 21.82, 22.44, 22.99], [21.41, 21.54, 22.54, 21.55, 22.41, 22.17, 22.71, 21.07], [22.96, 22.93, 21.05, 22.0, 21.81, 21.51, 22.96, 21.35]]}","{""smoke"": 0.100389, ""heat_grid"": 0.397669}",fire,1,1,2,0,0.071726,0.0,2,fire,0.8165,[],[],,4,"alert,suppress",HIGH,4,"alert,suppress",True
"[""heat_grid"", ""smoke""]","{""smoke"": 0, ""heat_grid"": [[24.0, 24.0, 24.0, 24.0, 24.0, 24.0, 24.0, 24.0], [24.0, 24.0, 24.0, 24.0, 24.0, 24.0, 24.0, 24.0], [24.0, 24.0, 24.0, 24.0, 24.0, 24.0, 24.0, 24.0], [24.0, 24.0, 24.0, 24.0, 24.0, 24.0, 24.0, 24.0], [24.0, 24.0, 24.0, 24.0, 24.0, 24.0, 24.0, 24.0], [24.0, 24.0, 24.0, 24.0, 24.0, 24.0, 24.0, 24.0], [24.0, 24.0, 24.0, 24.0, 24.0, 24.0, 24.0, 24.0], [24.0, 24.0, 24.0, 24.0, 24.0, 24.0, 24.0, 24.0]]}","{""smoke"": -1, ""heat_grid"": -1}",smoke,1,0,2,0,0.082559,0.0,2,fire,0.4593,[],[],,3,alert,MODERATE,3,alert,True
"[""heat_grid""]","{""smoke"": 68.3351, ""heat_grid"": [[22.95, 22.04, 21.58, 21.49, 23.02, 22.89, 21.91, 21.57], [21.83, 21.76, 22.8, 21.76, 21.76, 21.4, 22.53, 22.71], [22.64, 22.47, 23.26, 22.28, 23.05, 22.62, 21.5, 22.95], [22.5, 22.64, 21.69, 22.21, 23.09, 21.76, 21.33, 21.85], [22.31, 22.97, 22.62, 23.17, 22.24, 22.11, 21.8, 21.77], [22.8, 21.49, 28.5, 23.1, 22.49, 21.43, 22.74, 22.35], [23.04, 22.7, 21.34, 21.74, 21.85, 22.74, 22.35, 22.83], [22.36, 21.99, 21.54, 21.74, 22.13, 22.44, 23.21, 21.81]]}","{""smoke"": 0.006834, ""heat_grid"": 0.356279}",smoke,1,0,1,0,0.01339,0.0,1,fire,0.7283,[],[],,2,monitor,LOW,2,monitor,True
[],"{""smoke"": 4.0399, ""heat_grid"": [[23.35, 25.13, 24.93, 23.49, 23.38, 24.93, 23.57, 24.33], [25.09, 24.39, 24.05, 24.15, 23.38, 25.19, 23.88, 23.64], [23.83, 25.19, 23.45, 24.99, 24.67, 24.92, 25.21, 24.94], [25.14, 23.51, 24.85, 24.35, 24.34, 25.06, 25.2, 24.67], [24.22, 24.17, 24.03, 23.98, 24.04, 23.44, 23.41, 26.23], [24.15, 25.12, 24.48, 23.33, 23.57, 23.67, 25.21, 23.69], [24.29, 25.13, 25.21, 23.73, 23.36, 23.56, 23.38, 23.65], [24.39, 25.08, 24.33, 24.51, 23.66, 24.86, 24.49, 24.99]]}","{""smoke"": 0.000404, ""heat_grid"": 0.327935}",none,0,0,0,0,0.0,0.0,0,clear,0.3196,[],[],,1,monitor,MINIMAL,1,monitor,True
"[""heat_grid"", ""smoke""]","{""smoke"": 0, ""heat_grid"": [[24.0, 24.0, 24.0, 24.0, 24.0, 24.0, 24.0, 24.0], [24.0, 24.0, 24.0, 24.0, 24.0, 24.0, 24.0, 24.0], [24.0, 24.0, 24.0, 24.0, 24.0, 24.0, 24.0, 24.0], [24.0, 24.0, 24.0, 24.0, 24.0, 24.0, 24.0, 24.0], [24.0, 24.0, 24.0, 24.0, 24.0, 24.0, 24.0, 24.0], [24.0, 24.0, 24.0, 24.0, 24.0, 24.0, 24.0, 24.0], [24.0, 24.0, 24.0, 24.0, 24.0, 24.0, 24.0, 24.0], [24.0, 24.0, 24.0, 24.0, 24.0, 24.0, 24.0, 24.0]]}","{""smoke"": -1, ""heat_grid"": -1}",fire,0,0,0,2,0.0,0.072613,2,smoky,0.4446,[],[],,4,"alert,suppress",HIGH,4,"alert,suppress",True
"[""heat_grid""]","{""smoke"": 140.6036, ""heat_grid"": [[21.85, 22.92, 23.17, 22.74, 21.72, 22.86, 21.72, 23.56], [22.24, 23.45, 21.73, 21.9, 22.61, 23.22, 23.59, 22.75], [22.42, 21.8, 22.88, 22.47, 23.53, 22.67, 23.24, 23.4], [21.9, 22.59, 23.5, 22.56, 22.84, 23.45, 22.17, 23.5], [22.5, 22.89, 22.36, 22.76, 21.81, 21.84, 22.54, 22.38], [29.93, 21.78, 22.04, 22.13, 22.59, 22.2, 21.98, 22.9], [23.2, 23.08, 22.26, 23.42, 22.93, 22.94, 22.13, 22.19], [22.66, 22.18, 23.08, 22.32, 22.01, 22.01, 21.96, 22.59]]}","{""smoke"": 0.01406, ""heat_grid"": 0.374071}",fire,1,0,1,1,0.030356,0.043674,1,fire,0.8613,[],[],,3,alert,MODERATE,3,alert,True
[],"{""smoke"": 52.2141, ""heat_grid"": [[24.05, 23.12, 24.41, 24.95, 24.71, 23.6, 23.16, 24.93], [24.92, 24.11, 24.33, 23.97, 25.93, 23.29, 23.24, 23.51], [24.72, 23.34, 23.5, 24.15, 23.48, 23.38, 24.18, 23.78], [24.3, 24.87, 23.35, 24.88, 24.85, 24.71, 24.31, 24.29], [24.33, 24.43, 23.08, 24.96, 24.22, 24.61, 23.8, 23.07], [24.07, 24.06, 23.92, 23.73, 23.55, 24.1, 23.8, 24.99], [23.39, 23.69, 23.64, 24.14, 24.05, 24.34, 24.95, 23.62], [24.43, 23.1, 23.57, 23.98, 23.11, 24.28, 24.41, 24.54]]}","{""smoke"": 0.005221, ""heat_grid"": 0.324183}",none,0,0,0,0,0.0,0.0,0,clear,0.3708,[],[],,1,monitor,MINIMAL,1,monitor,True
"[""heat_grid""]","{""smoke"": 69.9504, ""heat_grid"": [[21.86, 22.08, 22.03, 22.72, 23.28, 22.38, 22.08, 23.07], [22.39, 22.94, 23.66, 22.37, 22.81, 27.97, 23.17, 23.29], [23.34, 22.87, 22.86, 23.23, 23.19, 23.13, 22.55, 23.45], [22.26, 22.1, 22.48, 22.3, 23.12, 22.25, 23.1, 22.82], [22.09, 22.31, 22.83, 23.26, 22.59, 22.26, 22.38, 21.98], [21.84, 23.74, 21.98, 22.04, 23.53, 23.12, 22.66, 23.09], [23.66, 21.99, 22.28, 23.51, 23.35, 23.78, 22.42, 23.68], [22.48, 23.22, 23.56, 22.13, 22.2, 22.95, 23.48, 21.95]]}","{""smoke"": 0.006995, ""heat_grid"": 0.349669}",smoke,1,0,1,0,0.023872,0.0,1,fire,0.5437,[],[],,2,monitor,LOW,2,monitor,True
[],"{""smoke"": 0.0568, ""heat_grid"": [[22.9, 23.97, 23.14, 24.72, 23.17, 24.09, 23.49, 24.12], [23.66, 24.35, 23.3, 24.65, 23.83, 24.35, 24.53, 24.83], [23.28, 23.41, 23.33, 23.36, 24.0, 24.82, 24.81, 23.89], [24.11, 24.55, 24.7, 23.24, 23.89, 24.5, 23.44, 23.71], [24.8, 24.8, 24.65, 24.43, 22.78, 23.48, 23.93, 23.96], [23.84, 24.11, 23.65, 24.33, 23.5, 23.5, 23.09, 23.21], [24.53, 23.73, 23.29, 24.35, 23.94, 22.88, 23.47, 23.19], [24.15, 23.38, 22.96, 22.94, 24.0, 22.88, 24.53, 23.14]]}","{""smoke"": 6e-06, ""heat_grid"": 0.284759}",none,0,0,0,0,0.0,0.0,0,clear,0.3389,[],[],,1,monitor,MINIMAL,1,monitor,True
"[""heat_grid""]","{""smoke"": 171.3348, ""heat_grid"": [[24.69, 24.02, 23.21, 24.18, 23.5, 22.92, 23.42, 24.63], [23.64, 24.55, 23.83, 23.85, 22.83, 24.09, 23.03, 23.77], [23.34, 23.6, 23.89, 22.85, 23.39, 24.8, 22.93, 23.46], [23.46, 23.58, 24.19, 23.31, 23.74, 24.11, 23.46, 24.71], [24.78, 23.06, 23.5, 23.23, 23.19, 23.8, 23.94, 23.67], [23.36, 23.37, 24.8, 27.92, 22.97, 24.13, 23.73, 24.19], [24.01, 24.59, 22.95, 23.52, 24.79, 23.18, 23.07, 24.27], [24.37, 24.16, 24.37, 24.2, 23.09, 24.03, 24.37, 24.55]]}","{""smoke"": 0.017133, ""heat_grid"": 0.349015}",fire,0,0,0,0,0.0,0.0,0,clear,0.3765,[],[],,2,monitor,LOW,2,monitor,True
[],"{""smoke"": 22.8812, ""heat_grid"": [[23.81, 24.15, 24.2, 24.45, 25.19, 25.12, 23.47, 24.26], [25.1, 23.45, 24.51, 23.96, 24.27, 24.29, 24.23, 25.23], [24.52, 25.25, 26.63, 24.15, 24.43, 24.23, 25.1, 23.82], [25.32, 24.61, 24.67, 24.48, 24.56, 24.78, 24.76, 23.87], [24.61, 24.16, 24.72, 24.54, 23.81, 24.92, 24.36, 24.55], [24.79, 24.75, 24.94, 23.86, 23.67, 24.78, 23.92, 23.68], [23.71, 24.07, 25.43, 23.76, 24.04, 25.29, 25.37, 23.9], [25.21, 23.72, 24.97, 23.47, 24.26, 23.94, 24.85, 23.48]]}","{""smoke"": 0.002288, ""heat_grid"": 0.332841}",none,0,0,0,0,0.0,0.0,0,clear,0.718,[],[],,2,monitor,LOW,2,monitor,True
"[""heat_grid"", ""smoke""]","{""smoke"": 3035.2259, ""heat_grid"": [[24.0, 22.88, 36.8, 24.41, 23.88, 24.23, 23.33, 23.77], [23.62, 23.02, 24.26, 23.28, 23.55, 22.88, 23.89, 24.19], [23.43, 24.57, 23.13, 24.36, 24.05, 24.47, 24.09, 23.6], [23.44, 24.27, 24.29, 23.79, 24.02, 23.54, 23.05, 22.71], [23.92, 23.95, 23.94, 23.74, 23.3, 23.1, 22.74, 22.91], [23.87, 24.15, 24.43, 22.78, 24.24, 23.81, 23.21, 24.06], [24.59, 23.37, 23.87, 23.13, 23.02, 22.91, 22.68, 24.06], [22.9, 23.96, 24.35, 24.3, 23.21, 22.86, 23.5, 22.97]]}","{""smoke"": 0.303523, ""heat_grid"": 0.460057}",fire_smoke,1,1,2,2,0.09843,0.031199,2,fire,0.4364,[],[],,5,"alert,suppress,evacuate",CRITICAL,5,"alert,suppress,evacuate",True
[],"{""smoke"": 0, ""heat_grid"": [[24.0, 24.0, 24.0, 24.0, 24.0, 24.0, 24.0, 24.0], [24.0, 24.0, 24.0, 24.0, 24.0, 24.0, 24.0, 24.0], [24.0, 24.0, 24.0, 24.0, 24.0, 24.0, 24.0, 24.0], [24.0, 24.0, 24.0, 24.0, 24.0, 24.0, 24.0, 24.0], [24.0, 24.0, 24.0, 24.0, 24.0, 24.0, 24.0, 24.0], [24.0, 24.0, 24.0, 24.0, 24.0, 24.0, 24.0, 24.0], [24.0, 24.0, 24.0, 24.0, 24.0, 24.0, 24.0, 24.0], [24.0, 24.0, 24.0, 24.0, 24.0, 24.0, 24.0, 24.0]]}","{""smoke"": -1, ""heat_grid"": -1}",fire,0,0,0,0,0.0,0.0,0,clear,0.7948,[],[],,2,monitor,LOW,2,monitor,True
"[""heat_grid"", ""smoke""]","{""smoke"": 0, ""heat_grid"": [[24.0, 24.0, 24.0, 24.0, 24.0, 24.0, 24.0, 24.0], [24.0, 24.0, 24.0, 24.0, 24.0, 24.0, 24.0, 24.0], [24.0, 24.0, 24.0, 24.0, 24.0, 24.0, 24.0, 24.0], [24.0, 24.0, 24.0, 24.0, 24.0, 24.0, 24.0, 24.0], [24.0, 24.0, 24.0, 24.0, 24.0, 24.0, 24.0, 24.0], [24.0, 24.0, 24.0, 24.0, 24.0, 24.0, 24.0, 24.0], [24.0, 24.0, 24.0, 24.0, 24.0, 24.0, 24.0, 24.0], [24.0, 24.0, 24.0, 24.0, 24.0, 24.0, 24.0, 24.0]]}","{""smoke"": -1, ""heat_grid"": -1}",fire_smoke,1,1,2,1,0.057273,0.085241,2,fire,0.6154,[],[],,5,"alert,suppress,evacuate",CRITICAL,5,"alert,suppress,evacuate",True
"[""heat_grid""]","{""smoke"": 0, ""heat_grid"": [[24.0, 24.0, 24.0, 24.0, 24.0, 24.0, 24.0, 24.0], [24.0, 24.0, 24.0, 24.0, 24.0, 24.0, 24.0, 24.0], [24.0, 24.0, 24.0, 24.0, 24.0, 24.0, 24.0, 24.0], [24.0, 24.0, 24.0, 24.0, 24.0, 24.0, 24.0, 24.0], [24.0, 24.0, 24.0, 24.0, 24.0, 24.0, 24.0, 24.0], [24.0, 24.0, 24.0, 24.0, 24.0, 24.0, 24.0, 24.0], [24.0, 24.0, 24.0, 24.0, 24.0, 24.0, 24.0, 24.0], [24.0, 24.0, 24.0, 24.0, 24.0, 24.0, 24.0, 24.0]]}","{""smoke"": -1, ""heat_grid"": -1}",smoke,1,0,2,0,0.081621,0.0,2,fire,0.4316,[],[],,3,alert,MODERATE,3,alert,True
"[""heat_grid""]","{""smoke"": 244.2653, ""heat_grid"": [[23.98, 24.07, 28.39, 24.3, 24.08, 23.35, 22.46, 22.78], [23.88, 22.55, 23.27, 23.54, 24.08, 24.02, 23.85, 23.14], [22.61, 23.67, 22.69, 23.45, 24.29, 23.43, 23.62, 23.68], [23.99, 23.2, 23.32, 22.68, 23.56, 22.92, 23.34, 23.86], [22.36, 23.45, 22.67, 22.89, 22.4, 22.67, 24.3, 24.32], [23.77, 23.55, 23.88, 24.12, 23.36, 22.4, 23.75, 24.3], [22.84, 23.25, 23.05, 23.11, 23.77, 23.08, 24.21, 23.91], [22.38, 23.96, 23.87, 23.36, 23.32, 24.0, 23.18, 22.65]]}","{""smoke"": 0.024427, ""heat_grid"": 0.354932}",none,0,0,0,0,0.0,0.0,0,clear,0.7086,[],[],,2,monitor,LOW,2,monitor,True
"[""heat_grid"", ""smoke""]","{""smoke"": 3258.3143, ""heat_grid"": [[23.64, 22.56, 23.02, 36.77, 24.11, 22.87, 22.57, 22.27], [22.48, 23.89, 23.14, 22.81, 23.77, 23.81, 22.95, 24.03], [23.15, 22.75, 24.02, 22.53, 24.22, 23.45, 24.05, 22.58], [23.0, 23.97, 23.9, 23.97, 22.78, 23.46, 23.0, 22.87], [23.26, 23.65, 23.26, 22.68, 23.84, 24.18, 22.95, 23.92], [23.95, 22.74, 23.63, 24.1, 23.7, 22.28, 23.43, 23.78], [23.46, 22.28, 22.46, 23.83, 23.2, 24.14, 23.05, 23.87], [22.29, 23.91, 23.94, 22.95, 22.84, 24.04, 23.78, 23.42]]}","{""smoke"": 0.325831, ""heat_grid"": 0.459577}",fire_smoke,1,0,2,3,0.113347,0.05502,3,fire,0.598,[],[],,5,"alert,suppress,evacuate",CRITICAL,5,"alert,suppress,evacuate",True
"[""heat_grid"", ""smoke""]","{""smoke"": 5836.2941, ""heat_grid"": [[22.68, 21.5, 21.85, 22.34, 21.28, 21.55, 22.12, 21.99], [22.26, 22.6, 21.85, 21.96, 21.69, 21.83, 21.25, 22.31], [21.49, 22.58, 21.23, 21.27, 21.72, 22.02, 22.53, 22.53], [23.09, 21.85, 21.27, 22.87, 22.61, 21.28, 21.31, 22.1], [21.83, 22.34, 35.07, 23.07, 22.17, 22.65, 21.4, 22.38], [22.88, 21.19, 22.23, 21.64, 22.1, 22.78, 22.53, 22.66], [21.57, 22.81, 22.37, 21.29, 22.87, 21.26, 21.2, 22.81], [21.17, 21.32, 21.18, 22.91, 21.24, 21.89, 21.58, 21.83]]}","{""smoke"": 0.583629, ""heat_grid"": 0.438419}",fire_smoke,0,1,0,3,0.0,0.097245,3,smoky,0.831,[],[],,5,"alert,suppress,evacuate",CRITICAL,5,"alert,suppress,evacuate",True
"[""heat_grid"", ""smoke""]","{""smoke"": 3309.3752, ""heat_grid"": [[23.91, 23.06, 24.29, 23.44, 24.56, 24.43, 23.33, 23.28], [23.57, 24.38, 23.04, 23.41, 24.09, 22.84, 22.89, 24.3], [23.82, 23.89, 23.27, 23.84, 23.86, 23.6, 24.7, 22.87], [23.6, 24.49, 23.19, 24.64, 23.62, 23.09, 22.96, 41.71], [24.61, 24.65, 23.9, 23.01, 23.69, 23.61, 23.24, 22.93], [23.54, 23.52, 24.18, 23.56, 22.8, 22.81, 24.15, 24.1], [23.09, 24.51, 24.1, 23.08, 23.35, 24.72, 23.59, 23.25], [23.82, 23.18, 24.36, 24.36, 24.38, 24.01, 24.16, 23.42]]}","{""smoke"": 0.330938, ""heat_grid"": 0.521385}",fire_smoke,1,1,1,0,0.041901,0.0,1,fire,0.8956,[],[],,5,"alert,suppress,evacuate",CRITICAL,5,"alert,suppress,evacuate",True
[],"{""smoke"": 0, ""heat_grid"": [[24.0, 24.0, 24.0, 24.0, 24.0, 24.0, 24.0, 24.0], [24.0, 24.0, 24.0, 24.0, 24.0, 24.0, 24.0, 24.0], [24.0, 24.0, 24.0, 24.0, 24.0, 24.0, 24.0, 24.0], [24.0, 24.0, 24.0, 24.0, 24.0, 24.0, 24.0, 24.0], [24.0, 24.0, 24.0, 24.0, 24.0, 24.0, 24.0, 24.0], [24.0, 24.0, 24.0, 24.0, 24.0, 24.0, 24.0, 24.0], [24.0, 24.0, 24.0, 24.0, 24.0, 24.0, 24.0, 24.0], [24.0, 24.0, 24.0, 24.0, 24.0, 24.0, 24.0, 24.0]]}","{""smoke"": -1, ""heat_grid"": -1}",none,0,0,0,0,0.0,0.0,0,clear,0.3391,[],[],,1,monitor,MINIMAL,1,monitor,True
"[""heat_grid"", ""smoke""]","{""smoke"": 0, ""heat_grid"": [[24.0, 24.0, 24.0, 24.0, 24.0, 24.0, 24.0, 24.0], [24.0, 24.0, 24.0, 24.0, 24.0, 24.0, 24.0, 24.0], [24.0, 24.0, 24.0, 24.0, 24.0, 24.0, 24.0, 24.0], [24.0, 24.0, 24.0, 24.0, 24.0, 24.0, 24.0, 24.0], [24.0, 24.0, 24.0, 24.0, 24.0, 24.0, 24.0, 24.0], [24.0, 24.0, 24.0, 24.0, 24.0, 24.0, 24.0, 24.0], [24.0, 24.0, 24.0, 24.0, 24.0, 24.0, 24.0, 24.0], [24.0, 24.0, 24.0, 24.0, 24.0, 24.0, 24.0, 24.0]]}","{""smoke"": -1, ""heat_grid"": -1}",smoke,1,0,1,0,0.020592,0.0,1,fire,0.8002,[],[],,3,alert,MODERATE,3,alert,True
"[""heat_grid""]","{""smoke"": 0, ""heat_grid"": [[24.0, 24.0, 24.0, 24.0, 24.0, 24.0, 24.0, 24.0], [24.0, 24.0, 24.0, 24.0, 24.0, 24.0, 24.0, 24.0], [24.0, 24.0, 24.0, 24.0, 24.0, 24.0, 24.0, 24.0], [24.0, 24.0, 24.0, 24.0, 24.0, 24.0, 24.0, 24.0], [24.0, 24.0, 24.0, 24.0, 24.0, 24.0, 24.0, 24.0], [24.0, 24.0, 24.0, 24.0, 24.0, 24.0, 24.0, 24.0], [24.0, 24.0, 24.0, 24.0, 24.0, 24.0, 24.0, 24.0], [24.0, 24.0, 24.0, 24.0, 24.0, 24.0, 24.0, 24.0]]}","{""smoke"": -1, ""heat_grid"": -1}",smoke,0,0,0,0,0.0,0.0,0,clear,0.4881,[],[],,2,monitor,LOW,2,monitor,True
"[""heat_grid"", ""smoke""]","{""smoke"": 0, ""heat_grid"": [[24.0, 24.0, 24.0, 24.0, 24.0, 24.0, 24.0, 24.0], [24.0, 24.0, 24.0, 24.0, 24.0, 24.0, 24.0, 24.0], [24.0, 24.0, 24.0, 24.0, 24.0, 24.0, 24.0, 24.0], [24.0, 24.0, 24.0, 24.0, 24.0, 24.0, 24.0, 24.0], [24.0, 24.0, 24.0, 24.0, 24.0, 24.0, 24.0, 24.0], [24.0, 24.0, 24.0, 24.0, 24.0, 24.0, 24.0, 24.0], [24.0, 24.0, 24.0, 24.0, 24.0, 24.0, 24.0, 24.0], [24.0, 24.0, 24.0, 24.0, 24.0, 24.0, 24.0, 24.0]]}","{""smoke"": -1, ""heat_grid"": -1}",fire_smoke,1,1,1,2,0.013787,0.036983,2,fire,0.7504,[],[],,4,"alert,suppress",HIGH,4,"alert,suppress",True
"[""heat_grid""]","{""smoke"": 70.3876, ""heat_grid"": [[23.36, 23.41, 23.08, 23.62, 22.99, 24.29, 24.05, 23.37], [24.05, 22.57, 23.24, 23.43, 23.49, 24.05, 24.48, 27.46], [23.25, 23.77, 23.11, 22.83, 24.47, 24.17, 24.47, 22.99], [22.59, 23.43, 24.42, 22.83, 22.79, 22.69, 24.08, 24.12], [23.94, 22.66, 24.0, 23.45, 22.87, 23.14, 23.55, 23.21], [24.49, 23.5, 23.3, 23.9, 23.85, 22.56, 23.79, 23.04], [23.3, 23.96, 23.67, 23.29, 22.89, 23.56, 23.19, 24.38], [23.62, 24.28, 23.33, 24.21, 22.66, 23.15, 22.71, 22.61]]}","{""smoke"": 0.007039, ""heat_grid"": 0.343287}",none,1,0,1,0,0.039381,0.0,1,fire,0.6195,[],[],,2,monitor,LOW,2,monitor,True
[],"{""smoke"": 58.335, ""heat_grid"": [[23.22, 23.06, 23.82, 24.38, 24.02, 23.43, 23.34, 24.28], [23.62, 23.45, 23.83, 22.93, 22.59, 24.17, 23.67, 22.79], [23.06, 24.44, 23.73, 23.73, 22.6, 24.4, 24.25, 23.56], [23.08, 23.86, 24.13, 24.03, 24.41, 23.73, 23.1, 23.46], [24.09, 22.99, 22.92, 23.91, 23.35, 24.09, 22.75, 23.13], [23.0, 23.86, 23.98, 23.37, 23.42, 22.72, 23.86, 24.44], [24.02, 22.91, 23.71, 23.05, 22.52, 22.82, 22.67, 22.85], [24.05, 23.05, 23.97, 26.89, 23.61, 23.43, 23.96, 22.65]]}","{""smoke"": 0.005833, ""heat_grid"": 0.336133}",none,0,0,0,0,0.0,0.0,0,clear,0.5993,[],[],,2,monitor,LOW,2,monitor,True
"[""heat_grid""]","{""smoke"": 292.0062, ""heat_grid"": [[23.75, 23.28, 23.31, 23.82, 22.54, 23.5, 23.51, 23.93], [24.38, 24.01, 23.42, 22.75, 23.59, 24.08, 24.28, 24.07], [22.79, 23.84, 24.18, 23.78, 23.79, 23.42, 23.69, 23.0], [22.59, 24.07, 24.3, 24.13, 23.08, 22.6, 22.98, 24.1], [23.73, 27.33, 23.1, 23.52, 23.99, 22.88, 24.34, 23.6], [22.43, 22.47, 24.18, 23.71, 23.94, 23.98, 23.26, 24.01], [24.29, 22.76, 23.94, 23.03, 23.06, 23.24, 24.14, 22.46], [23.28, 23.77, 22.64, 24.0, 24.3, 22.6, 22.72, 24.36]]}","{""smoke"": 0.029201, ""heat_grid"": 0.341576}",smoke,1,0,1,0,0.057371,0.0,1,fire,0.8356,[],[],,2,monitor,LOW,2,monitor,True
"[""heat_grid"", ""smoke""]","{""smoke"": 1649.7302, ""heat_grid"": [[24.94, 24.5, 25.18, 23.5, 25.37, 24.85, 23.48, 24.86], [23.62, 24.73, 24.06, 23.88, 24.71, 24.32, 23.58, 25.1], [23.99, 24.69, 24.67, 23.57, 25.45, 24.35, 23.86, 24.33], [24.66, 23.46, 24.05, 24.53, 24.84, 24.08, 24.26, 23.9], [24.04, 24.83, 24.13, 24.01, 24.05, 24.68, 24.57, 24.27], [24.72, 24.74, 23.48, 24.13, 23.94, 25.11, 24.0, 24.09], [24.53, 24.55, 25.08, 24.23, 24.02, 24.67, 24.91, 25.44], [24.69, 38.7, 23.72, 25.43, 24.82, 23.78, 24.37, 24.57]]}","{""smoke"": 0.164973, ""heat_grid"": 0.483759}",fire_smoke,1,1,1,2,0.099299,0.03305,2,fire,0.8939,[],[],,5,"alert,suppress,evacuate",CRITICAL,5,"alert,suppress,evacuate",True
"[""heat_grid""]","{""smoke"": 0, ""heat_grid"": [[24.0, 24.0, 24.0, 24.0, 24.0, 24.0, 24.0, 24.0], [24.0, 24.0, 24.0, 24.0, 24.0, 24.0, 24.0, 24.0], [24.0, 24.0, 24.0, 24.0, 24.0, 24.0, 24.0, 24.0], [24.0, 24.0, 24.0, 24.0, 24.0, 24.0, 24.0, 24.0], [24.0, 24.0, 24.0, 24.0, 24.0, 24.0, 24.0, 24.0], [24.0, 24.0, 24.0, 24.0, 24.0, 24.0, 24.0, 24.0], [24.0, 24.0, 24.0, 24.0, 24.0, 24.0, 24.0, 24.0], [24.0, 24.0, 24.0, 24.0, 24.0, 24.0, 24.0, 24.0]]}","{""smoke"": -1, ""heat_grid"": -1}",fire,1,0,1,0,0.067334,0.0,1,fire,0.3437,[],[],,3,alert,MODERATE,3,alert,True
"[""heat_grid"", ""smoke""]","{""smoke"": 3152.9983, ""heat_grid"": [[23.57, 23.82, 23.77, 24.07, 23.2, 23.32, 24.0, 22.82], [22.75, 22.27, 23.73, 23.63, 22.81, 22.52, 22.34, 23.23], [22.64, 23.84, 24.16, 23.81, 23.96, 24.24, 23.74, 23.39], [23.88, 23.38, 23.12, 22.32, 23.54, 24.05, 36.79, 23.06], [23.49, 23.88, 23.79, 23.24, 22.98, 23.05, 24.07, 22.6], [23.98, 22.65, 24.22, 23.15, 23.72, 23.72, 23.8, 23.84], [22.33, 22.8, 22.72, 23.65, 23.62, 22.85, 23.84, 22.88], [22.94, 23.05, 23.75, 22.28, 24.07, 23.64, 23.43, 22.73]]}","{""smoke"": 0.3153, ""heat_grid"": 0.459912}",fire_smoke,1,0,2,3,0.077724,0.040095,3,fire,0.5283,[],[],,5,"alert,suppress,evacuate",CRITICAL,5,"alert,suppress,evacuate",True
"[""heat_grid""]","{""smoke"": 0, ""heat_grid"": [[24.0, 24.0, 24.0, 24.0, 24.0, 24.0, 24.0, 24.0], [24.0, 24.0, 24.0, 24.0, 24.0, 24.0, 24.0, 24.0], [24.0, 24.0, 24.0, 24.0, 24.0, 24.0, 24.0, 24.0], [24.0, 24.0, 24.0, 24.0, 24.0, 24.0, 24.0, 24.0], [24.0, 24.0, 24.0, 24.0, 24.0, 24.0, 24.0, 24.0], [24.0, 24.0, 24.0, 24.0, 24.0, 24.0, 24.0, 24.0], [24.0, 24.0, 24.0, 24.0, 24.0, 24.0, 24.0, 24.0], [24.0, 24.0, 24.0, 24.0, 24.0, 24.0, 24.0, 24.0]]}","{""smoke"": -1, ""heat_grid"": -1}",fire,1,0,1,1,0.040476,0.035935,1,fire,0.7582,[],[],,3,alert,MODERATE,3,alert,True
[],"{""smoke"": 20.9934, ""heat_grid"": [[24.54, 24.89, 24.46, 24.97, 23.95, 24.33, 24.26, 25.04], [23.56, 24.39, 24.74, 23.97, 24.96, 22.92, 23.58, 24.4], [24.07, 23.26, 23.37, 23.62, 24.77, 25.01, 24.32, 23.44], [24.3, 24.94, 24.73, 23.81, 23.48, 25.03, 24.94, 23.34], [24.88, 23.42, 23.36, 24.75, 24.3, 24.06, 25.04, 24.91], [23.34, 24.46, 24.77, 24.33, 25.2, 24.6, 23.44, 23.63], [24.88, 25.22, 23.43, 23.43, 24.76, 23.36, 23.37, 25.01], [24.83, 24.99, 24.53, 23.87, 25.04, 23.83, 23.78, 25.0]]}","{""smoke"": 0.002099, ""heat_grid"": 0.286502}",none,0,0,0,0,0.0,0.0,0,clear,0.4291,[],[],,1,monitor,MINIMAL,1,monitor,True
"[""heat_grid"", ""smoke""]","{""smoke"": 0, ""heat_grid"": [[24.0, 24.0, 24.0, 24.0, 24.0, 24.0, 24.0, 24.0], [24.0, 24.0, 24.0, 24.0, 24.0, 24.0, 24.0, 24.0], [24.0, 24.0, 24.0, 24.0, 24.0, 24.0, 24.0, 24.0], [24.0, 24.0, 24.0, 24.0, 24.0, 24.0, 24.0, 24.0], [24.0, 24.0, 24.0, 24.0, 24.0, 24.0, 24.0, 24.0], [24.0, 24.0, 24.0, 24.0, 24.0, 24.0, 24.0, 24.0], [24.0, 24.0, 24.0, 24.0, 24.0, 24.0, 24.0, 24.0], [24.0, 24.0, 24.0, 24.0, 24.0, 24.0, 24.0, 24.0]]}","{""smoke"": -1, ""heat_grid"": -1}",fire_smoke,1,0,1,2,0.084983,0.015765,2,fire,0.3448,[],[],,4,"alert,suppress",HIGH,4,"alert,suppress",True
[],"{""smoke"": 35.7116, ""heat_grid"": [[22.71, 23.34, 22.65, 22.67, 23.57, 22.87, 22.69, 24.21], [22.43, 23.48, 23.44, 22.85, 23.25, 22.52, 23.79, 22.79], [22.73, 22.98, 24.15, 23.94, 24.24, 23.65, 23.67, 23.31], [24.16, 23.37, 23.06, 23.63, 23.44, 22.59, 23.13, 22.97], [24.04, 23.1, 23.99, 23.23, 23.85, 22.62, 24.2, 23.31], [22.87, 22.83, 22.88, 23.08, 23.78, 24.25, 23.68, 23.44], [23.24, 24.0, 24.05, 22.93, 24.25, 23.14, 23.95, 24.28], [23.75, 25.26, 23.52, 22.58, 23.92, 22.91, 23.74, 24.17]]}","{""smoke"": 0.003571, ""heat_grid"": 0.315805}",none,0,0,0,0,0.0,0.0,0,clear,0.3286,[],[],,1,monitor,MINIMAL,1,monitor,True
"[""heat_grid"", ""smoke""]","{""smoke"": 1875.1591, ""heat_grid"": [[22.33, 21.74, 21.59, 23.38, 22.89, 23.1, 22.79, 23.36], [23.34, 21.66, 21.92, 22.34, 22.23, 22.6, 22.08, 23.14], [21.56, 23.13, 22.33, 21.55, 23.24, 22.44, 22.99, 23.3], [21.61, 22.07, 21.78, 31.11, 23.44, 23.16, 22.27, 22.92], [23.38, 21.99, 21.57, 23.19, 22.99, 21.86, 22.52, 21.86], [22.75, 22.84, 22.1, 23.11, 22.49, 22.96, 22.82, 22.45], [22.13, 21.95, 23.04, 22.83, 22.11, 23.48, 23.16, 21.8], [21.87, 22.63, 21.75, 23.47, 22.82, 21.68, 22.43, 21.99]]}","{""smoke"": 0.187516, ""heat_grid"": 0.388813}",fire,1,1,2,0,0.100657,0.0,2,fire,0.7327,[],[],,4,"alert,suppress",HIGH,4,"alert,suppress",True
"[""heat_grid"", ""smoke""]","{""smoke"": 4008.2041, ""heat_grid"": [[23.2, 24.79, 23.99, 23.05, 23.69, 24.27, 22.98, 23.37], [24.7, 23.56, 23.16, 23.04, 24.08, 23.96, 24.14, 24.76], [22.97, 23.24, 23.31, 23.7, 23.09, 23.67, 24.48, 23.17], [24.68, 24.67, 23.87, 24.57, 24.27, 23.56, 23.97, 23.08], [23.84, 24.51, 24.02, 23.61, 24.17, 24.8, 22.98, 23.51], [23.16, 42.39, 23.94, 23.11, 24.07, 23.85, 22.97, 24.58], [24.27, 22.86, 24.77, 23.17, 22.85, 23.7, 23.13, 23.99], [23.47, 23.22, 24.82, 23.51, 23.68, 23.44, 24.52, 23.24]]}","{""smoke"": 0.40082, ""heat_grid"": 0.529854}",fire_smoke,1,1,2,3,0.031587,0.107953,3,fire,0.6469,[],[],,5,"alert,suppress,evacuate",CRITICAL,5,"alert,suppress,evacuate",True
[],"{""smoke"": 40.152, ""heat_grid"": [[22.65, 22.51, 24.0, 23.27, 25.86, 23.12, 23.94, 23.35], [24.16, 23.89, 24.37, 24.2, 22.93, 23.74, 22.46, 24.4], [22.94, 23.75, 24.12, 22.74, 24.12, 22.45, 23.31, 23.37], [23.17, 23.59, 24.25, 23.08, 23.58, 24.18, 23.97, 22.5], [24.31, 22.51, 23.6, 23.57, 23.99, 22.72, 22.78, 23.93], [22.72, 23.36, 23.88, 23.72, 22.84, 23.03, 24.36, 23.32], [22.51, 22.86, 23.11, 24.42, 23.03, 22.47, 23.45, 22.59], [22.97, 24.41, 23.83, 22.52, 23.32, 22.76, 22.67, 23.6]]}","{""smoke"": 0.004015, ""heat_grid"": 0.323312}",none,0,0,0,0,0.0,0.0,0,clear,0.3986,[],[],,1,monitor,MINIMAL,1,monitor,True
"[""heat_grid"", ""smoke""]","{""smoke"": 1956.0804, ""heat_grid"": [[22.86, 22.89, 23.66, 23.95, 22.92, 23.48, 23.22, 23.39], [22.96, 22.79, 23.15, 24.25, 24.12, 22.71, 22.69, 23.5], [23.07, 24.16, 23.48, 24.22, 22.73, 24.45, 24.05, 23.97], [24.39, 23.45, 22.81, 23.5, 24.14, 24.23, 23.49, 23.98], [23.0, 22.97, 23.68, 23.35, 22.83, 24.03, 23.58, 23.55], [22.89, 22.99, 23.9, 24.21, 22.87, 24.14, 24.09, 24.14], [23.67, 23.21, 24.05, 23.47, 22.95, 23.32, 23.43, 23.52], [24.31, 23.33, 23.08, 24.44, 22.99, 32.98, 24.21, 24.42]]}","{""smoke"": 0.195608, ""heat_grid"": 0.412294}",fire,1,0,2,1,0.067532,0.08404,2,fire,0.8312,[],[],,4,"alert,suppress",HIGH,4,"alert,suppress",True
"[""heat_grid"", ""smoke""]","{""smoke"": 944.8875, ""heat_grid"": [[21.19, 21.69, 21.67, 21.47, 22.55, 21.16, 22.96, 22.63], [21.92, 22.83, 22.35, 22.25, 21.74, 22.44, 21.39, 22.16], [21.34, 22.0, 22.34, 21.42, 21.56, 22.74, 21.62, 21.3], [21.77, 22.98, 22.5, 22.26, 22.79, 22.43, 22.73, 22.43], [32.33, 22.36, 21.64, 21.19, 21.32, 22.14, 23.05, 22.63], [22.66, 22.44, 22.92, 22.58, 21.63, 22.11, 21.92, 21.44], [21.56, 21.68, 21.46, 21.55, 22.94, 21.8, 22.77, 21.24], [23.08, 22.64, 22.92, 22.16, 22.38, 21.83, 21.98, 22.61]]}","{""smoke"": 0.094489, ""heat_grid"": 0.404117}",fire_smoke,0,0,0,0,0.0,0.0,0,hazy,0.825,[],[],,4,"alert,suppress",HIGH,4,"alert,suppress",True
"[""heat_grid"", ""smoke""]","{""smoke"": 4549.772, ""heat_grid"": [[22.81, 21.91, 21.94, 21.67, 22.65, 21.65, 22.1, 23.19], [22.32, 23.2, 22.4, 21.77, 22.93, 22.12, 23.35, 21.94], [23.06, 22.4, 23.1, 21.78, 22.68, 21.64, 23.02, 21.89], [22.27, 22.73, 22.37, 22.97, 22.79, 21.67, 22.96, 22.26], [22.61, 21.85, 22.26, 23.05, 23.27, 23.29, 22.81, 21.57], [22.3, 21.8, 40.39, 21.74, 23.37, 21.8, 21.52, 23.1], [21.82, 21.46, 22.51, 23.35, 21.95, 22.23, 21.89, 22.53], [22.06, 22.6, 22.37, 23.27, 22.75, 22.78, 22.39, 22.02]]}","{""smoke"": 0.454977, ""heat_grid"": 0.504889}",fire_smoke,1,0,2,2,0.032827,0.020891,2,fire,0.5234,[],[],,5,"alert,suppress,evacuate",CRITICAL,5,"alert,suppress,evacuate",True
"[""heat_grid""]","{""smoke"": 68.5701, ""heat_grid"": [[22.51, 22.39, 23.11, 22.87, 23.16, 22.88, 22.69, 22.41], [23.38, 23.33, 23.11, 22.96, 22.56, 21.93, 23.16, 21.43], [21.86, 22.22, 22.58, 27.44, 21.76, 21.62, 21.85, 22.11], [21.44, 22.79, 21.9, 22.11, 22.08, 22.43, 23.13, 21.71], [22.09, 22.79, 21.5, 23.07, 23.33, 22.62, 23.32, 22.24], [22.24, 21.62, 21.48, 21.9, 22.37, 22.42, 21.84, 22.63], [21.77, 22.06, 21.8, 22.8, 22.44, 22.88, 21.52, 22.26], [23.34, 21.52, 22.25, 21.49, 21.7, 22.33, 21.72, 22.45]]}","{""smoke"": 0.006857, ""heat_grid"": 0.343023}",fire,1,0,1,0,0.016022,0.0,1,fire,0.3643,[],[],,2,monitor,LOW,2,monitor,True
"[""heat_grid"", ""smoke""]","{""smoke"": 457.8014, ""heat_grid"": [[23.47, 22.73, 23.04, 21.83, 22.87, 22.34, 22.5, 22.96], [23.19, 22.3, 23.34, 22.04, 22.72, 21.9, 22.18, 23.39], [21.62, 23.43, 22.25, 22.99, 21.78, 22.88, 23.42, 22.71], [22.32, 23.19, 23.02, 21.83, 22.93, 22.93, 23.1, 22.23], [22.4, 23.52, 22.74, 22.61, 23.57, 22.06, 22.39, 23.12], [23.02, 23.53, 22.91, 22.22, 22.39, 21.78, 23.45, 21.86], [22.69, 22.4, 21.87, 22.18, 22.87, 21.66, 23.53, 23.42], [21.77, 23.33, 22.26, 21.73, 22.21, 30.72, 22.93, 22.08]]}","{""smoke"": 0.04578, ""heat_grid"": 0.383989}",smoke,0,0,0,1,0.0,0.057,1,smoky,0.6244,[],[],,3,alert,MODERATE,3,alert,True
"[""heat_grid"", ""smoke""]","{""smoke"": 372.2448, ""heat_grid"": [[24.16, 22.67, 24.3, 23.43, 24.07, 22.68, 24.38, 23.91], [23.51, 23.2, 23.22, 23.2, 22.86, 23.52, 23.5, 23.42], [24.0, 23.43, 22.77, 24.3, 23.45, 23.91, 24.46, 24.13], [23.67, 23.69, 24.29, 24.24, 22.95, 23.85, 24.33, 24.2], [22.84, 23.47, 23.63, 23.11, 23.95, 23.55, 23.19, 23.27], [24.31, 24.33, 24.22, 24.42, 24.5, 23.58, 22.79, 24.2], [23.86, 23.36, 24.55, 23.27, 24.41, 23.78, 22.67, 24.32], [24.12, 23.88, 23.82, 23.03, 29.55, 22.65, 22.9, 23.27]]}","{""smoke"": 0.037224, ""heat_grid"": 0.36936}",smoke,1,0,1,0,0.052394,0.0,1,fire,0.458,[],[],,3,alert,MODERATE,3,alert,True
"[""heat_grid"", ""smoke""]","{""smoke"": 311.2947, ""heat_grid"": [[24.95, 25.07, 23.36, 23.75, 24.08, 24.44, 24.56, 24.73], [24.15, 24.27, 25.08, 23.64, 24.77, 24.58, 23.44, 25.01], [24.87, 24.72, 23.41, 23.44, 24.53, 23.37, 23.39, 23.96], [23.17, 24.6, 24.24, 23.32, 24.25, 23.27, 23.3, 24.13], [24.16, 23.84, 24.4, 23.93, 24.33, 23.86, 24.59, 24.32], [23.48, 24.53, 24.73, 23.29, 24.38, 24.74, 23.39, 24.96], [23.99, 24.63, 28.39, 25.14, 24.33, 24.57, 23.66, 23.74], [24.86, 23.96, 24.8, 23.26, 23.6, 23.5, 24.21, 23.32]]}","{""smoke"": 0.031129, ""heat_grid"": 0.354912}",fire,1,0,1,1,0.072508,0.058241,1,fire,0.3811,[],[],,3,alert,MODERATE,3,alert,True
"[""heat_grid"", ""smoke""]","{""smoke"": 0, ""heat_grid"": [[24.0, 24.0, 24.0, 24.0, 24.0, 24.0, 24.0, 24.0], [24.0, 24.0, 24.0, 24.0, 24.0, 24.0, 24.0, 24.0], [24.0, 24.0, 24.0, 24.0, 24.0, 24.0, 24.0, 24.0], [24.0, 24.0, 24.0, 24.0, 24.0, 24.0, 24.0, 24.0], [24.0, 24.0, 24.0, 24.0, 24.0, 24.0, 24.0, 24.0], [24.0, 24.0, 24.0, 24.0, 24.0, 24.0, 24.0, 24.0], [24.0, 24.0, 24.0, 24.0, 24.0, 24.0, 24.0, 24.0], [24.0, 24.0, 24.0, 24.0, 24.0, 24.0, 24.0, 24.0]]}","{""smoke"": -1, ""heat_grid"": -1}",fire_smoke,1,0,2,0,0.065883,0.0,2,fire,0.346,[],[],,4,"alert,suppress",HIGH,4,"alert,suppress",True
[],"{""smoke"": 46.2799, ""heat_grid"": [[21.95, 22.62, 22.5, 22.13, 22.4, 22.4, 22.32, 22.43], [23.04, 22.26, 23.56, 23.5, 22.63, 22.32, 22.74, 23.36], [22.97, 23.27, 22.73, 22.93, 22.24, 23.14, 22.07, 23.06], [23.39, 21.93, 22.89, 21.86, 23.12, 21.84, 23.54, 21.94], [23.58, 23.27, 25.83, 23.23, 23.26, 23.56, 22.17, 22.85], [21.86, 22.9, 22.01, 22.8, 22.81, 22.6, 22.71, 23.19], [23.26, 22.65, 22.87, 23.53, 21.91, 21.9, 21.84, 22.98], [22.5, 23.21, 23.01, 22.33, 23.46, 23.19, 22.21, 22.39]]}","{""smoke"": 0.004628, ""heat_grid"": 0.322879}",none,0,0,0,0,0.0,0.0,0,clear,0.2815,[],[],,1,monitor,MINIMAL,1,monitor,True
"[""heat_grid"", ""smoke""]","{""smoke"": 1986.6325, ""heat_grid"": [[22.55, 23.18, 21.82, 23.77, 21.81, 22.85, 23.12, 23.61], [23.07, 22.98, 22.39, 22.97, 23.29, 22.82, 23.35, 21.93], [22.46, 23.71, 22.43, 23.03, 22.83, 23.66, 22.11, 22.38], [23.51, 23.12, 22.87, 22.58, 22.61, 23.66, 23.13, 23.64], [23.73, 22.88, 23.01, 23.1, 23.46, 23.1, 22.02, 23.67], [23.11, 23.53, 22.64, 22.74, 23.16, 23.34, 21.94, 22.6], [23.33, 23.77, 21.81, 22.32, 22.72, 22.23, 35.14, 22.87], [23.08, 22.62, 22.53, 23.76, 22.74, 23.38, 22.36, 23.45]]}","{""smoke"": 0.198663, ""heat_grid"": 0.439288}",fire_smoke,1,0,2,0,0.080423,0.0,2,fire,0.7092,[],[],,4,"alert,suppress",HIGH,4,"alert,suppress",True
[],"{""smoke"": 7.1305, ""heat_grid"": [[22.99, 22.49, 22.88, 22.59, 23.1, 22.61, 22.38, 22.76], [22.23, 22.02, 22.27, 21.67, 22.92, 21.85, 21.64, 21.82], [23.02, 21.99, 22.7, 23.04, 21.49, 22.86, 21.95, 21.76], [22.71, 23.15, 21.92, 22.47, 21.91, 22.44, 22.58, 22.55], [22.58, 22.88, 22.72, 22.68, 22.7, 21.48, 22.23, 22.15], [21.5, 21.78, 22.21, 22.82, 21.81, 22.99, 22.42, 22.85], [22.28, 22.33, 22.57, 23.19, 22.31, 22.39, 22.54, 22.81], [21.48, 22.36, 22.29, 23.17, 22.32, 22.27, 23.26, 22.23]]}","{""smoke"": 0.000713, ""heat_grid"": 0.286006}",none,0,0,0,0,0.0,0.0,0,clear,0.2934,[],[],,1,monitor,MINIMAL,1,monitor,True
"[""heat_grid""]","{""smoke"": 152.1559, ""heat_grid"": [[23.85, 24.44, 23.92, 23.72, 23.28, 24.34, 23.15, 27.06], [24.44, 24.24, 23.98, 22.84, 23.01, 23.76, 24.25, 23.69], [22.79, 23.13, 23.94, 24.15, 22.82, 22.84, 23.28, 22.92], [23.84, 23.01, 24.05, 24.31, 24.7, 24.65, 23.3, 22.82], [23.42, 24.17, 22.88, 23.48, 23.35, 23.2, 24.17, 24.08], [23.83, 24.58, 22.96, 23.06, 23.52, 24.07, 23.93, 22.91], [24.67, 23.37, 23.48, 24.01, 24.65, 24.08, 24.67, 23.13], [24.0, 24.42, 23.78, 23.48, 24.73, 23.04, 23.58, 24.5]]}","{""smoke"": 0.015216, ""heat_grid"": 0.3383}",none,1,0,1,0,0.058921,0.0,1,fire,0.8309,[],[],,2,monitor,LOW,2,monitor,True
"[""heat_grid""]","{""smoke"": 289.5377, ""heat_grid"": [[23.23, 23.07, 22.29, 22.75, 22.82, 23.49, 29.26, 22.09], [22.24, 23.07, 22.45, 23.06, 23.22, 23.94, 23.38, 22.13], [22.83, 23.66, 22.59, 23.92, 23.13, 22.26, 22.55, 23.88], [24.05, 23.8, 22.71, 23.61, 22.52, 22.84, 23.47, 24.01], [22.95, 23.06, 22.51, 22.88, 22.2, 23.79, 22.12, 23.44], [22.62, 23.02, 22.63, 22.87, 23.16, 23.35, 23.95, 22.74], [23.24, 23.87, 22.65, 23.8, 23.99, 23.77, 23.21, 23.52], [23.03, 23.27, 24.02, 22.57, 23.66, 23.08, 22.43, 23.36]]}","{""smoke"": 0.028954, ""heat_grid"": 0.365798}",smoke,1,0,1,1,0.076182,0.030611,1,fire,0.8483,[],[],,3,alert,MODERATE,3,alert,True
"[""heat_grid"", ""smoke""]","{""smoke"": 687.2419, ""heat_grid"": [[22.24, 22.2, 21.82, 22.62, 23.04, 21.41, 21.41, 22.59], [22.03, 22.71, 21.4, 21.2, 22.51, 23.11, 21.31, 22.85], [21.89, 21.15, 22.14, 21.67, 22.5, 21.69, 22.08, 21.52], [22.77, 22.97, 21.92, 22.01, 23.08, 21.4, 22.73, 22.25], [22.88, 21.7, 21.71, 21.77, 21.15, 21.46, 23.11, 21.61], [21.16, 21.67, 21.93, 22.21, 21.25, 22.7, 22.77, 21.54], [22.71, 21.84, 29.86, 22.99, 22.9, 21.87, 22.09, 21.69], [22.15, 22.48, 21.3, 22.96, 22.55, 21.31, 22.85, 22.6]]}","{""smoke"": 0.068724, ""heat_grid"": 0.373295}",smoke,0,0,0,1,0.0,0.065209,1,smoky,0.8809,[],[],,3,alert,MODERATE,3,alert,True
"[""heat_grid"", ""smoke""]","{""smoke"": 4735.0701, ""heat_grid"": [[24.15, 42.78, 24.49, 23.5, 24.6, 25.29, 24.64, 23.71], [23.57, 24.01, 23.58, 24.43, 24.86, 24.61, 24.53, 24.16], [23.64, 24.57, 24.13, 23.9, 24.61, 24.05, 23.63, 24.26], [23.87, 24.76, 23.39, 25.0, 24.22, 23.32, 23.56, 25.18], [24.37, 24.83, 25.06, 23.93, 24.39, 24.59, 24.98, 24.13], [25.2, 24.51, 25.04, 23.46, 24.22, 23.65, 25.12, 23.76], [24.72, 23.42, 23.69, 23.93, 24.86, 23.79, 24.93, 24.87], [25.28, 24.65, 24.57, 24.5, 23.51, 24.32, 25.0, 23.33]]}","{""smoke"": 0.473507, ""heat_grid"": 0.534794}",fire_smoke,1,0,1,2,0.127817,0.04188,2,fire,0.8229,[],[],,5,"alert,suppress,evacuate",CRITICAL,5,"alert,suppress,evacuate",True
[],"{""smoke"": 73.1627, ""heat_grid"": [[25.04, 24.86, 25.15, 25.22, 24.09, 24.63, 24.63, 23.94], [23.85, 23.64, 24.73, 24.97, 24.93, 24.04, 23.82, 24.32], [24.5, 25.25, 25.16, 25.24, 25.11, 25.34, 24.34, 23.5], [23.58, 24.19, 23.93, 23.75, 25.32, 23.8, 25.33, 24.93], [24.69, 24.76, 24.07, 24.7, 23.78, 25.29, 23.13, 23.92], [24.83, 24.72, 24.31, 24.67, 23.73, 24.76, 23.95, 23.96], [23.73, 24.07, 24.07, 24.32, 23.79, 23.8, 24.49, 23.67], [24.79, 25.3, 24.26, 25.21, 23.61, 23.5, 24.85, 24.93]]}","{""smoke"": 0.007316, ""heat_grid"": 0.289097}",none,0,0,0,0,0.0,0.0,0,clear,0.2614,[],[],,1,monitor,MINIMAL,1,monitor,True
[],"{""smoke"": 0, ""heat_grid"": [[24.0, 24.0, 24.0, 24.0, 24.0, 24.0, 24.0, 24.0], [24.0, 24.0, 24.0, 24.0, 24.0, 24.0, 24.0, 24.0], [24.0, 24.0, 24.0, 24.0, 24.0, 24.0, 24.0, 24.0], [24.0, 24.0, 24.0, 24.0, 24.0, 24.0, 24.0, 24.0], [24.0, 24.0, 24.0, 24.0, 24.0, 24.0, 24.0, 24.0], [24.0, 24.0, 24.0, 24.0, 24.0, 24.0, 24.0, 24.0], [24.0, 24.0, 24.0, 24.0, 24.0, 24.0, 24.0, 24.0], [24.0, 24.0, 24.0, 24.0, 24.0, 24.0, 24.0, 24.0]]}","{""smoke"": -1, ""heat_grid"": -1}",none,0,0,0,0,0.0,0.0,0,clear,0.417,[],[],,1,monitor,MINIMAL,1,monitor,True
"[""heat_grid"", ""smoke""]","{""smoke"": 718.3714, ""heat_grid"": [[23.4, 25.11, 23.41, 23.92, 32.41, 24.87, 23.49, 23.48], [24.45, 23.78, 24.49, 24.84, 23.35, 24.89, 23.27, 25.0], [25.15, 24.53, 25.17, 24.84, 23.29, 23.21, 23.24, 24.1], [24.44, 24.16, 24.55, 24.1, 23.28, 23.65, 25.18, 23.89], [23.85, 23.5, 25.17, 23.66, 24.49, 23.28, 23.33, 24.63], [24.47, 24.56, 23.66, 25.17, 24.31, 25.14, 23.53, 24.01], [23.87, 24.71, 24.69, 24.17, 23.23, 23.55, 23.3, 24.89], [23.78, 23.43, 23.91, 23.35, 25.16, 23.83, 25.06, 24.56]]}","{""smoke"": 0.071837, ""heat_grid"": 0.405166}",fire,1,1,2,1,0.084049,0.070196,2,fire,0.3063,[],[],,4,"alert,suppress",HIGH,4,"alert,suppress",True
"[""heat_grid""]","{""smoke"": 236.6153, ""heat_grid"": [[22.04, 22.68, 22.61, 21.45, 22.48, 22.31, 22.42, 21.6], [22.69, 29.39, 22.52, 22.95, 22.78, 22.63, 21.65, 21.18], [22.22, 21.14, 22.5, 22.54, 22.19, 21.4, 22.82, 22.26], [22.1, 22.2, 21.23, 22.55, 21.19, 22.22, 21.41, 21.48], [21.53, 21.1, 22.85, 22.68, 21.13, 21.18, 22.63, 21.08], [22.01, 21.28, 22.25, 23.06, 21.41, 22.98, 22.8, 23.04], [22.6, 22.78, 22.26, 22.8, 21.29, 22.55, 22.33, 21.19], [21.65, 21.5, 21.88, 21.46, 21.62, 21.66, 22.27, 21.34]]}","{""smoke"": 0.023662, ""heat_grid"": 0.367355}",smoke,1,0,2,0,0.043171,0.0,2,fire,0.3229,[],[],,3,alert,MODERATE,3,alert,True
"[""heat_grid"", ""smoke""]","{""smoke"": 764.56, ""heat_grid"": [[23.3, 23.14, 24.35, 24.21, 23.41, 24.36, 23.87, 23.56], [24.44, 24.1, 23.88, 24.41, 23.95, 24.74, 24.5, 23.58], [23.79, 24.78, 24.65, 23.25, 23.41, 23.59, 24.62, 24.72], [24.47, 23.41, 24.64, 22.93, 23.71, 23.62, 23.93, 23.98], [23.31, 23.27, 24.47, 23.02, 23.85, 23.25, 23.5, 23.42], [24.28, 23.77, 23.46, 24.53, 23.03, 28.36, 23.36, 24.7], [22.87, 23.98, 24.11, 24.02, 24.49, 23.09, 23.69, 24.59], [24.64, 23.86, 23.98, 24.39, 24.42, 24.64, 24.55, 23.69]]}","{""smoke"": 0.076456, ""heat_grid"": 0.354481}",fire,1,0,2,0,0.015027,0.0,2,fire,0.793,[],[],,3,alert,MODERATE,3,alert,True
"[""heat_grid"", ""smoke""]","{""smoke"": 2408.9534, ""heat_grid"": [[23.09, 23.26, 23.48, 23.56, 22.21, 21.98, 21.82, 23.16], [22.1, 23.32, 23.65, 22.02, 22.29, 22.77, 22.58, 22.57], [22.16, 23.5, 23.09, 22.03, 21.73, 23.25, 21.75, 23.48], [22.78, 23.58, 23.27, 23.51, 23.21, 22.88, 22.07, 23.18], [22.91, 22.63, 22.84, 22.19, 22.53, 21.97, 22.54, 22.66], [23.44, 22.78, 23.54, 23.66, 21.82, 22.92, 40.5, 23.43], [22.71, 21.88, 22.15, 23.07, 21.88, 22.48, 23.47, 21.78], [23.12, 23.07, 22.36, 21.95, 21.93, 23.66, 23.08, 22.47]]}","{""smoke"": 0.240895, ""heat_grid"": 0.50619}",fire_smoke,1,1,1,0,0.023405,0.0,1,fire,0.4185,[],[],,5,"alert,suppress,evacuate",CRITICAL,5,"alert,suppress,evacuate",True
"[""heat_grid""]","{""smoke"": 161.3007, ""heat_grid"": [[22.63, 22.95, 21.84, 23.09, 22.91, 22.6, 22.67, 23.52], [23.43, 21.84, 22.35, 22.65, 23.45, 23.24, 22.38, 23.38], [22.37, 22.15, 22.83, 22.32, 22.86, 22.43, 23.2, 23.52], [22.15, 22.63, 23.06, 21.93, 23.2, 22.78, 21.91, 23.35], [22.47, 21.96, 22.0, 23.18, 23.48, 22.37, 21.77, 21.81], [22.92, 22.35, 22.46, 22.29, 22.54, 22.9, 22.69, 21.94], [22.59, 22.53, 22.7, 21.83, 21.92, 22.67, 22.16, 22.87], [22.36, 29.4, 22.92, 22.4, 21.93, 23.23, 22.48, 23.44]]}","{""smoke"": 0.01613, ""heat_grid"": 0.367478}",smoke,1,0,1,1,0.074352,0.012274,1,fire,0.619,[],[],,3,alert,MODERATE,3,alert,True
"[""heat_grid""]","{""smoke"": 291.1009, ""heat_grid"": [[21.69, 21.49, 22.17, 22.92, 22.82, 21.69, 21.93, 21.15], [22.17, 21.2, 22.95, 22.81, 21.51, 22.48, 27.29, 22.68], [22.03, 21.46, 22.36, 21.24, 22.25, 21.5, 22.45, 22.73], [21.3, 21.88, 22.54, 21.41, 22.21, 22.42, 21.79, 22.74], [22.1, 22.33, 21.36, 21.12, 21.18, 22.89, 22.84, 22.69], [21.48, 22.13, 22.67, 22.43, 21.31, 22.87, 21.4, 21.42], [22.88, 22.05, 21.82, 22.19, 23.04, 21.32, 22.59, 21.75], [21.31, 21.92, 22.18, 21.49, 21.89, 22.35, 22.23, 22.52]]}","{""smoke"": 0.02911, ""heat_grid"": 0.341122}",smoke,0,0,0,0,0.0,0.0,0,clear,0.5538,[],[],,2,monitor,LOW,2,monitor,True
"[""heat_grid"", ""smoke""]","{""smoke"": 593.8681, ""heat_grid"": [[23.26, 22.55, 22.15, 22.45, 23.56, 22.37, 22.28, 22.08], [21.92, 23.76, 22.88, 23.27, 23.35, 22.51, 23.41, 23.73], [23.29, 23.23, 22.67, 23.49, 21.99, 23.31, 22.53, 22.94], [30.43, 23.02, 21.86, 23.25, 23.67, 23.09, 23.53, 23.46], [23.53, 22.5, 22.76, 23.5, 23.63, 22.1, 22.17, 22.5], [23.35, 23.56, 22.97, 22.03, 22.42, 23.52, 22.5, 22.01], [22.41, 23.42, 22.8, 22.15, 22.43, 23.72, 22.67, 22.69], [22.11, 22.42, 23.44, 23.38, 22.68, 23.6, 22.57, 23.54]]}","{""smoke"": 0.059387, ""heat_grid"": 0.380337}",fire,1,0,2,0,0.077681,0.0,2,fire,0.8408,[],[],,3,alert,MODERATE,3,alert,True
"[""heat_grid"", ""smoke""]","{""smoke"": 0, ""heat_grid"": [[24.0, 24.0, 24.0, 24.0, 24.0, 24.0, 24.0, 24.0], [24.0, 24.0, 24.0, 24.0, 24.0, 24.0, 24.0, 24.0], [24.0, 24.0, 24.0, 24.0, 24.0, 24.0, 24.0, 24.0], [24.0, 24.0, 24.0, 24.0, 24.0, 24.0, 24.0, 24.0], [24.0, 24.0, 24.0, 24.0, 24.0, 24.0, 24.0, 24.0], [24.0, 24.0, 24.0, 24.0, 24.0, 24.0, 24.0, 24.0], [24.0, 24.0, 24.0, 24.0, 24.0, 24.0, 24.0, 24.0], [24.0, 24.0, 24.0, 24.0, 24.0, 24.0, 24.0, 24.0]]}","{""smoke"": -1, ""heat_grid"": -1}",fire_smoke,1,0,2,1,0.08509,0.077385,2,fire,0.5192,[],[],,5,"alert,suppress,evacuate",CRITICAL,5,"alert,suppress,evacuate",True
"[""heat_grid"", ""smoke""]","{""smoke"": 5844.1551, ""heat_grid"": [[21.32, 22.89, 21.99, 22.94, 22.14, 21.24, 22.28, 22.41], [22.12, 22.9, 22.51, 21.95, 22.66, 21.86, 22.9, 21.78], [22.55, 22.05, 21.42, 22.48, 21.99, 40.33, 22.3, 21.3], [21.63, 22.62, 22.16, 22.15, 21.22, 21.83, 22.56, 22.99], [22.37, 22.3, 22.16, 22.58, 22.82, 21.66, 22.65, 21.71], [21.28, 21.37, 21.31, 21.78, 21.47, 21.39, 21.52, 21.3], [21.91, 22.87, 22.33, 21.35, 21.97, 22.08, 21.56, 21.97], [21.89, 22.21, 22.61, 22.18, 21.37, 21.33, 23.0, 22.61]]}","{""smoke"": 0.584416, ""heat_grid"": 0.504082}",fire_smoke,0,1,0,3,0.0,0.069981,3,smoky,0.3442,[],[],,5,"alert,suppress,evacuate",CRITICAL,5,"alert,suppress,evacuate",True
[],"{""smoke"": 7.1797, ""heat_grid"": [[21.38, 22.84, 22.13, 21.33, 21.43, 22.35, 22.48, 22.23], [22.93, 22.02, 21.63, 21.98, 21.75, 21.48, 21.12, 21.73], [22.45, 21.06, 21.91, 22.32, 22.25, 22.58, 22.65, 22.45], [21.23, 24.17, 22.23, 21.52, 21.11, 21.47, 21.94, 21.86], [21.38, 22.68, 22.88, 21.43, 22.89, 21.06, 22.88, 22.93], [21.05, 22.55, 22.97, 22.84, 22.97, 22.13, 21.18, 22.73], [22.26, 22.26, 21.86, 22.17, 21.33, 22.51, 21.18, 22.49], [22.73, 21.97, 22.05, 21.65, 22.97, 22.49, 21.77, 21.38]]}","{""smoke"": 0.000718, ""heat_grid"": 0.302143}",none,0,0,0,0,0.0,0.0,0,clear,0.3428,[],[],,1,monitor,MINIMAL,1,monitor,True
"[""heat_grid"", ""smoke""]","{""smoke"": 508.7171, ""heat_grid"": [[24.91, 24.84, 23.97, 24.34, 25.05, 25.12, 24.78, 24.28], [23.51, 23.6, 23.36, 24.08, 23.41, 24.23, 24.56, 24.55], [24.47, 23.81, 24.4, 25.32, 24.25, 25.11, 24.13, 24.61], [24.33, 33.53, 25.16, 24.24, 24.88, 25.13, 24.94, 23.41], [23.36, 25.13, 24.82, 25.28, 23.95, 24.94, 24.97, 25.08], [24.75, 23.64, 24.72, 24.57, 24.03, 23.78, 25.13, 23.65], [24.21, 24.61, 25.31, 24.7, 23.97, 23.48, 24.0, 23.95], [25.0, 24.12, 23.56, 25.1, 23.4, 23.37, 24.31, 23.5]]}","{""smoke"": 0.050872, ""heat_grid"": 0.419153}",fire,1,0,1,2,0.102102,0.077584,2,fire,0.7025,[],[],,4,"alert,suppress",HIGH,4,"alert,suppress",True
"[""heat_grid"", ""smoke""]","{""smoke"": 543.9951, ""heat_grid"": [[23.89, 30.6, 24.42, 24.47, 24.14, 24.17, 24.84, 24.73], [24.12, 23.72, 24.64, 24.96, 24.6, 23.49, 24.05, 25.04], [24.97, 23.51, 24.43, 24.36, 24.79, 23.74, 24.73, 25.38], [24.23, 24.16, 23.54, 23.6, 25.35, 25.44, 23.5, 25.29], [23.83, 24.61, 24.84, 24.2, 24.54, 24.74, 23.87, 25.47], [23.89, 23.51, 25.37, 24.34, 24.28, 24.04, 23.54, 24.02], [24.27, 24.53, 24.4, 25.24, 25.31, 24.12, 25.41, 25.22], [25.34, 24.9, 23.88, 23.88, 25.3, 24.5, 25.27, 24.93]]}","{""smoke"": 0.0544, ""heat_grid"": 0.382537}",fire,1,0,2,0,0.087265,0.0,2,fire,0.3117,[],[],,3,alert,MODERATE,3,alert,True
"[""heat_grid""]","{""smoke"": 0, ""heat_grid"": [[24.0, 24.0, 24.0, 24.0, 24.0, 24.0, 24.0, 24.0], [24.0, 24.0, 24.0, 24.0, 24.0, 24.0, 24.0, 24.0], [24.0, 24.0, 24.0, 24.0, 24.0, 24.0, 24.0, 24.0], [24.0, 24.0, 24.0, 24.0, 24.0, 24.0, 24.0, 24.0], [24.0, 24.0, 24.0, 24.0, 24.0, 24.0, 24.0, 24.0], [24.0, 24.0, 24.0, 24.0, 24.0, 24.0, 24.0, 24.0], [24.0, 24.0, 24.0, 24.0, 24.0, 24.0, 24.0, 24.0], [24.0, 24.0, 24.0, 24.0, 24.0, 24.0, 24.0, 24.0]]}","{""smoke"": -1, ""heat_grid"": -1}",fire,1,0,1,0,0.006301,0.0,1,fire,0.7857,[],[],,2,monitor,LOW,2,monitor,True
"[""heat_grid"", ""smoke""]","{""smoke"": 310.2744, ""heat_grid"": [[24.1, 23.3, 22.88, 23.52, 23.35, 23.23, 24.35, 24.38], [23.51, 22.52, 23.52, 24.29, 24.24, 22.82, 22.77, 22.69], [31.2, 23.37, 23.06, 23.04, 22.94, 24.15, 23.21, 22.88], [23.81, 23.66, 23.82, 24.03, 22.59, 22.39, 22.49, 23.8], [24.26, 23.05, 23.95, 23.85, 24.34, 23.33, 22.72, 23.92], [24.02, 23.8, 24.11, 23.13, 23.77, 22.91, 23.28, 22.87], [22.7, 22.46, 23.73, 24.14, 23.02, 23.25, 22.39, 23.21], [22.95, 23.54, 24.2, 23.4, 23.74, 23.8, 22.69, 23.08]]}","{""smoke"": 0.031027, ""heat_grid"": 0.389968}",fire,0,0,0,0,0.0,0.0,0,hazy,0.8324,[],[],,3,alert,MODERATE,3,alert,True
"[""heat_grid""]","{""smoke"": 187.1742, ""heat_grid"": [[22.02, 22.23, 22.32, 22.64, 22.0, 21.98, 22.3, 22.88], [22.91, 23.49, 21.94, 22.32, 23.47, 22.92, 22.72, 22.62], [21.69, 23.32, 28.53, 22.68, 22.62, 22.32, 22.05, 23.05], [22.56, 21.6, 22.34, 23.39, 22.28, 22.36, 22.78, 23.14], [22.87, 23.24, 21.76, 23.39, 23.34, 22.58, 22.79, 21.96], [22.43, 21.94, 21.58, 23.5, 22.06, 22.72, 22.14, 22.28], [22.33, 22.21, 22.81, 23.46, 22.39, 23.48, 22.87, 22.75], [22.01, 21.66, 23.24, 22.68, 22.37, 23.16, 22.16, 23.1]]}","{""smoke"": 0.018717, ""heat_grid"": 0.35657}",fire,0,0,0,0,0.0,0.0,0,clear,0.4608,[],[],,2,monitor,LOW,2,monitor,True
"[""heat_grid"", ""smoke""]","{""smoke"": 615.5668, ""heat_grid"": [[21.45, 22.21, 21.76, 22.13, 22.32, 22.72, 21.83, 21.6], [22.12, 21.18, 21.12, 21.95, 21.48, 21.06, 22.4, 22.67], [21.34, 22.17, 23.01, 21.58, 22.5, 21.37, 22.91, 21.04], [21.63, 22.99, 22.38, 21.46, 22.62, 22.84, 22.02, 21.35], [21.56, 22.93, 21.36, 21.66, 21.33, 21.25, 22.09, 21.83], [21.13, 21.33, 21.12, 21.09, 21.4, 22.53, 21.07, 21.65], [32.15, 22.53, 22.4, 23.02, 21.59, 21.04, 21.12, 21.24], [22.99, 22.18, 22.64, 23.01, 22.73, 21.86, 22.79, 21.91]]}","{""smoke"": 0.061557, ""heat_grid"": 0.401821}",fire_smoke,1,1,1,1,0.110311,0.079531,1,fire,0.5412,[],[],,4,"alert,suppress",HIGH,4,"alert,suppress",True
"[""heat_grid"", ""smoke""]","{""smoke"": 5023.7118, ""heat_grid"": [[23.22, 23.76, 24.27, 22.76, 23.07, 23.79, 24.11, 23.75], [23.62, 22.61, 23.31, 24.22, 23.17, 23.2, 23.16, 23.17], [23.25, 23.99, 23.35, 23.66, 23.33, 24.19, 22.8, 22.69], [23.26, 24.39, 23.84, 23.68, 23.22, 23.03, 24.36, 23.3], [23.87, 24.06, 23.76, 22.91, 23.02, 22.49, 35.46, 24.11], [23.25, 24.23, 22.75, 22.53, 22.71, 24.21, 22.76, 22.58], [22.81, 23.27, 23.44, 22.91, 24.05, 24.36, 23.02, 24.31], [24.08, 24.22, 22.56, 24.11, 23.61, 22.52, 23.95, 22.93]]}","{""smoke"": 0.502371, ""heat_grid"": 0.443216}",fire_smoke,0,1,0,2,0.0,0.06408,2,smoky,0.314,[],[],,5,"alert,suppress,evacuate",CRITICAL,5,"alert,suppress,evacuate",True
[],"{""smoke"": 0, ""heat_grid"": [[24.0, 24.0, 24.0, 24.0, 24.0, 24.0, 24.0, 24.0], [24.0, 24.0, 24.0, 24.0, 24.0, 24.0, 24.0, 24.0], [24.0, 24.0, 24.0, 24.0, 24.0, 24.0, 24.0, 24.0], [24.0, 24.0, 24.0, 24.0, 24.0, 24.0, 24.0, 24.0], [24.0, 24.0, 24.0, 24.0, 24.0, 24.0, 24.0, 24.0], [24.0, 24.0, 24.0, 24.0, 24.0, 24.0, 24.0, 24.0], [24.0, 24.0, 24.0, 24.0, 24.0, 24.0, 24.0, 24.0], [24.0, 24.0, 24.0, 24.0, 24.0, 24.0, 24.0, 24.0]]}","{""smoke"": -1, ""heat_grid"": -1}",fire,1,0,1,0,0.041056,0.0,1,fire,0.4385,[],[],,2,monitor,LOW,2,monitor,True
"[""heat_grid"", ""smoke""]","{""smoke"": 1684.7476, ""heat_grid"": [[22.13, 23.05, 21.7, 22.93, 21.43, 21.14, 22.19, 21.6], [22.88, 22.47, 22.5, 22.47, 22.48, 22.62, 22.47, 22.79], [22.24, 21.83, 22.06, 22.01, 21.79, 21.96, 21.9, 21.35], [30.56, 22.64, 21.8, 23.02, 23.03, 22.84, 21.19, 21.87], [22.04, 22.56, 22.4, 22.48, 22.66, 23.02, 22.23, 22.93], [22.76, 21.8, 22.75, 21.36, 21.44, 23.11, 21.98, 22.05], [23.03, 21.85, 21.6, 21.28, 22.17, 21.53, 21.26, 22.75], [21.78, 22.29, 21.34, 22.14, 22.39, 22.03, 21.8, 21.75]]}","{""smoke"": 0.168475, ""heat_grid"": 0.382041}",fire,0,0,0,0,0.0,0.0,0,hazy,0.5974,[],[],,4,"alert,suppress",HIGH,4,"alert,suppress",True
"[""heat_grid"", ""smoke""]","{""smoke"": 519.0539, ""heat_grid"": [[22.62, 23.43, 22.84, 21.85, 23.17, 22.11, 22.71, 22.68], [22.71, 21.8, 22.29, 21.84, 22.57, 22.98, 23.05, 21.87], [21.98, 23.06, 22.8, 23.41, 22.15, 21.98, 22.47, 23.02], [22.71, 21.94, 21.88, 23.1, 22.34, 23.08, 22.33, 22.37], [22.16, 23.71, 21.77, 22.0, 23.41, 22.02, 22.3, 22.27], [23.14, 22.56, 23.42, 23.24, 22.8, 29.11, 23.33, 23.47], [23.41, 21.84, 23.14, 23.15, 23.63, 22.27, 23.31, 23.12], [23.5, 23.13, 23.45, 22.46, 22.06, 22.47, 23.37, 22.0]]}","{""smoke"": 0.051905, ""heat_grid"": 0.363931}",smoke,1,0,2,1,0.081076,0.051983,2,fire,0.7756,[],[],,3,alert,MODERATE,3,alert,True
"[""heat_grid"", ""smoke""]","{""smoke"": 0, ""heat_grid"": [[24.0, 24.0, 24.0, 24.0, 24.0, 24.0, 24.0, 24.0], [24.0, 24.0, 24.0, 24.0, 24.0, 24.0, 24.0, 24.0], [24.0, 24.0, 24.0, 24.0, 24.0, 24.0, 24.0, 24.0], [24.0, 24.0, 24.0, 24.0, 24.0, 24.0, 24.0, 24.0], [24.0, 24.0, 24.0, 24.0, 24.0, 24.0, 24.0, 24.0], [24.0, 24.0, 24.0, 24.0, 24.0, 24.0, 24.0, 24.0], [24.0, 24.0, 24.0, 24.0, 24.0, 24.0, 24.0, 24.0], [24.0, 24.0, 24.0, 24.0, 24.0, 24.0, 24.0, 24.0]]}","{""smoke"": -1, ""heat_grid"": -1}",smoke,1,0,2,1,0.077038,0.070117,2,fire,0.654,[],[],,3,alert,MODERATE,3,alert,True
"[""heat_grid"", ""smoke""]","{""smoke"": 5882.9912, ""heat_grid"": [[21.82, 22.58, 22.32, 23.04, 22.47, 23.51, 22.47, 22.48], [23.24, 22.91, 22.24, 43.7, 22.85, 21.93, 22.66, 23.56], [22.15, 22.55, 22.28, 22.8, 23.68, 22.34, 23.39, 23.4], [22.24, 23.27, 23.7, 23.63, 22.94, 22.03, 21.96, 22.26], [22.93, 22.5, 23.12, 23.3, 22.09, 23.54, 21.85, 22.25], [23.35, 22.09, 22.17, 23.68, 23.55, 23.35, 22.07, 22.24], [22.2, 22.1, 23.67, 22.06, 23.22, 21.83, 22.81, 21.87], [21.85, 22.19, 23.58, 23.0, 23.03, 22.32, 23.17, 23.09]]}","{""smoke"": 0.588299, ""heat_grid"": 0.546214}",fire_smoke,1,0,2,2,0.130735,0.120246,2,fire,0.898,[],[],,5,"alert,suppress,evacuate",CRITICAL,5,"alert,suppress,evacuate",True
"[""heat_grid""]","{""smoke"": 265.5511, ""heat_grid"": [[22.29, 22.93, 22.47, 21.74, 22.4, 22.77, 22.06, 22.75], [21.89, 21.81, 22.28, 22.04, 23.06, 22.14, 21.88, 21.9], [22.21, 21.82, 22.56, 21.87, 21.88, 22.34, 21.23, 22.42], [22.12, 22.02, 28.32, 22.63, 22.8, 21.86, 21.76, 22.54], [22.27, 22.37, 22.22, 22.66, 21.49, 22.22, 21.43, 21.92], [22.44, 22.1, 21.87, 22.88, 22.66, 22.16, 23.01, 21.96], [22.69, 21.45, 21.68, 21.79, 21.32, 22.11, 21.49, 22.38], [21.49, 21.36, 23.05, 22.43, 22.98, 22.09, 21.18, 22.26]]}","{""smoke"": 0.026555, ""heat_grid"": 0.353962}",fire,1,0,1,0,0.005824,0.0,1,fire,0.8167,[],[],,2,monitor,LOW,2,monitor,True
"[""heat_grid"", ""smoke""]","{""smoke"": 3488.1547, ""heat_grid"": [[23.93, 22.42, 23.46, 23.21, 22.71, 23.45, 22.06, 22.48], [22.54, 22.25, 22.08, 22.72, 22.45, 22.28, 22.33, 23.67], [22.21, 23.47, 22.12, 22.1, 22.9, 22.78, 23.11, 23.42], [22.64, 22.4, 23.66, 22.35, 23.61, 23.19, 22.59, 22.64], [22.76, 23.2, 23.97, 22.65, 23.9, 22.43, 22.24, 23.08], [23.97, 22.99, 36.95, 22.96, 23.72, 23.64, 23.39, 23.25], [23.05, 23.93, 23.13, 22.69, 23.78, 23.34, 23.13, 23.38], [22.71, 22.86, 22.41, 23.73, 23.35, 23.66, 22.65, 24.01]]}","{""smoke"": 0.348815, ""heat_grid"": 0.461863}",fire_smoke,1,1,2,1,0.144292,0.083608,2,fire,0.8601,[],[],,5,"alert,suppress,evacuate",CRITICAL,5,"alert,suppress,evacuate",True
[],"{""smoke"": 40.5027, ""heat_grid"": [[21.68, 22.34, 22.59, 21.74, 24.02, 22.07, 21.98, 22.38], [22.77, 22.48, 21.86, 21.67, 23.1, 22.42, 21.58, 21.98], [23.07, 22.96, 23.21, 22.66, 22.31, 22.31, 21.85, 22.76], [22.63, 21.77, 23.23, 22.2, 21.56, 22.12, 23.2, 23.29], [22.44, 23.37, 23.21, 23.11, 23.18, 22.22, 22.97, 22.62], [22.9, 21.82, 22.92, 23.38, 22.07, 23.43, 22.22, 21.86], [21.68, 23.03, 22.57, 22.07, 22.68, 22.12, 22.36, 23.19], [22.8, 22.99, 22.63, 23.44, 21.94, 21.98, 21.65, 22.57]]}","{""smoke"": 0.00405, ""heat_grid"": 0.300297}",none,0,0,0,0,0.0,0.0,0,clear,0.3952,[],[],,1,monitor,MINIMAL,1,monitor,True
[],"{""smoke"": 232.6965, ""heat_grid"": [[24.72, 24.21, 24.97, 24.48, 24.39, 23.76, 23.04, 23.52], [24.57, 24.46, 23.7, 24.29, 23.43, 23.57, 24.93, 23.86], [23.53, 24.01, 23.81, 24.5, 24.96, 24.22, 24.22, 23.77], [24.17, 23.68, 23.04, 24.77, 23.9, 24.02, 23.21, 24.71], [23.38, 23.86, 24.72, 23.95, 24.9, 23.46, 24.47, 26.46], [24.14, 24.42, 23.82, 24.54, 24.86, 24.44, 24.91, 24.22], [24.19, 23.65, 24.46, 24.8, 24.33, 23.5, 24.13, 24.55], [24.92, 23.35, 23.29, 23.86, 23.29, 25.0, 23.89, 24.11]]}","{""smoke"": 0.02327, ""heat_grid"": 0.330779}",none,0,0,0,0,0.0,0.0,0,clear,0.5695,[],[],,2,monitor,LOW,2,monitor,True
"[""heat_grid""]","{""smoke"": 136.89, ""heat_grid"": [[27.48, 23.68, 23.35, 22.03, 22.18, 22.14, 22.07, 22.07], [22.26, 23.65, 23.61, 23.52, 23.18, 23.4, 23.43, 23.73], [23.42, 23.42, 23.56, 23.06, 22.38, 22.12, 22.79, 22.13], [22.29, 22.0, 22.55, 23.89, 22.71, 22.43, 22.76, 22.55], [23.3, 23.22, 22.01, 22.97, 22.02, 23.31, 23.82, 23.77], [22.36, 23.44, 23.54, 23.68, 22.47, 22.85, 22.39, 22.0], [23.27, 22.81, 22.45, 23.64, 22.94, 23.94, 23.54, 23.69], [23.5, 22.16, 22.08, 23.78, 22.23, 22.73, 23.17, 22.37]]}","{""smoke"": 0.013689, ""heat_grid"": 0.343532}",smoke,0,0,0,0,0.0,0.0,0,clear,0.5797,[],[],,2,monitor,LOW,2,monitor,True
"[""heat_grid"", ""smoke""]","{""smoke"": 901.55, ""heat_grid"": [[24.51, 24.39, 24.38, 24.05, 23.71, 24.45, 23.24, 23.29], [23.26, 24.47, 24.19, 23.9, 23.96, 24.66, 23.25, 23.77], [24.52, 24.32, 23.87, 23.45, 24.9, 23.82, 24.76, 24.56], [32.72, 23.04, 23.96, 23.52, 23.55, 23.54, 23.78, 23.83], [24.27, 23.6, 23.55, 23.73, 24.38, 23.0, 24.5, 23.68], [24.16, 24.53, 24.03, 24.3, 24.84, 23.06, 23.7, 24.86], [24.68, 24.24, 23.46, 23.67, 24.72, 24.4, 23.58, 23.27], [24.57, 24.16, 24.93, 23.82, 23.7, 23.59, 23.97, 23.65]]}","{""smoke"": 0.090155, ""heat_grid"": 0.409051}",fire,1,0,2,0,0.030172,0.0,2,fire,0.7892,[],[],,4,"alert,suppress",HIGH,4,"alert,suppress",True
[],"{""smoke"": 1.2257, ""heat_grid"": [[22.1, 22.3, 22.59, 22.24, 22.43, 23.01, 22.43, 22.53], [21.82, 23.57, 22.55, 22.39, 21.91, 23.0, 23.46, 21.82], [22.03, 22.03, 22.94, 23.58, 22.61, 22.42, 23.27, 23.22], [22.23, 22.06, 22.45, 23.29, 23.13, 23.07, 23.4, 22.29], [22.42, 21.82, 23.47, 22.9, 22.33, 21.88, 23.18, 23.23], [23.07, 22.14, 23.56, 23.24, 23.05, 23.04, 23.55, 23.59], [23.74, 22.57, 22.46, 23.37, 23.03, 21.89, 22.02, 23.54], [23.51, 23.64, 22.59, 23.3, 23.39, 22.37, 22.03, 23.73]]}","{""smoke"": 0.000123, ""heat_grid"": 0.296772}",none,0,0,0,0,0.0,0.0,0,clear,0.3695,[],[],,1,monitor,MINIMAL,1,monitor,True
"[""heat_grid""]","{""smoke"": 268.0093, ""heat_grid"": [[24.92, 23.59, 24.29, 25.39, 23.87, 24.75, 25.29, 24.96], [24.63, 24.43, 25.27, 24.2, 25.22, 24.28, 24.93, 25.24], [24.51, 24.03, 23.51, 25.03, 24.66, 23.94, 25.17, 25.25], [25.19, 24.62, 25.37, 25.16, 23.62, 25.38, 24.51, 25.25], [24.93, 24.71, 24.07, 23.47, 23.97, 24.78, 25.14, 23.42], [23.83, 24.76, 23.98, 23.7, 23.58, 24.69, 24.6, 25.13], [24.04, 23.69, 25.01, 25.39, 24.13, 25.14, 24.94, 25.24], [24.26, 23.62, 23.65, 24.94, 29.71, 24.33, 23.53, 23.55]]}","{""smoke"": 0.026801, ""heat_grid"": 0.371437}",smoke,1,0,1,1,0.038965,0.050543,1,fire,0.6252,[],[],,3,alert,MODERATE,3,alert,True
"[""heat_grid""]","{""smoke"": 212.4833, ""heat_grid"": [[24.74, 24.48, 24.92, 23.0, 24.21, 23.2, 24.79, 24.84], [23.58, 24.62, 24.23, 23.17, 24.17, 24.92, 23.59, 22.97], [24.92, 23.8, 23.83, 24.39, 24.18, 28.27, 23.17, 24.62], [23.94, 24.31, 24.69, 23.0, 24.69, 24.47, 24.86, 23.44], [23.61, 24.29, 24.82, 24.95, 23.8, 24.05, 23.31, 24.36], [24.64, 24.57, 23.66, 24.9, 23.21, 23.96, 24.08, 24.04], [24.48, 24.19, 23.12, 23.33, 24.03, 24.36, 24.0, 23.68], [23.07, 24.54, 23.96, 24.05, 23.91, 23.5, 23.52, 23.1]]}","{""smoke"": 0.021248, ""heat_grid"": 0.353437}",smoke,1,0,2,0,0.030378,0.0,2,fire,0.8961,[],[],,3,alert,MODERATE,3,alert,True
"[""heat_grid"", ""smoke""]","{""smoke"": 610.4425, ""heat_grid"": [[23.55, 23.41, 24.08, 23.22, 23.54, 23.32, 23.62, 24.52], [23.23, 24.21, 24.15, 24.06, 23.95, 24.31, 24.69, 23.31], [24.61, 23.11, 23.95, 24.01, 23.38, 23.16, 23.13, 23.06], [24.13, 23.3, 24.6, 24.78, 23.57, 23.31, 23.8, 24.75], [23.78, 23.2, 24.95, 23.98, 23.67, 24.77, 24.84, 23.98], [23.6, 23.95, 23.42, 23.94, 23.44, 28.42, 24.5, 24.92], [24.67, 23.16, 23.41, 24.05, 23.5, 23.01, 24.49, 23.7], [23.12, 24.0, 24.94, 24.34, 23.3, 24.01, 24.79, 23.09]]}","{""smoke"": 0.061044, ""heat_grid"": 0.355235}",smoke,1,0,1,1,0.064841,0.015512,1,fire,0.8444,[],[],,3,alert,MODERATE,3,alert,True
"[""heat_grid"", ""smoke""]","{""smoke"": 1658.3842, ""heat_grid"": [[23.73, 23.06, 23.13, 21.87, 21.97, 22.34, 23.44, 23.58], [22.14, 23.18, 23.5, 23.51, 22.67, 22.27, 23.67, 22.31], [22.26, 22.17, 22.82, 21.97, 22.9, 23.64, 22.77, 23.69], [23.57, 35.32, 22.97, 23.52, 22.87, 22.17, 23.61, 22.76], [23.57, 22.54, 22.43, 23.29, 23.02, 22.63, 23.51, 22.79], [21.78, 23.14, 21.88, 22.72, 22.14, 22.24, 23.71, 21.98], [23.27, 23.03, 22.15, 23.63, 22.16, 22.79, 23.34, 23.28], [22.39, 23.43, 23.68, 22.7, 23.06, 22.48, 22.46, 22.69]]}","{""smoke"": 0.165838, ""heat_grid"": 0.441494}",fire_smoke,1,0,2,2,0.024041,0.005492,2,fire,0.5637,[],[],,4,"alert,suppress",HIGH,4,"alert,suppress",True
[],"{""smoke"": 105.8428, ""heat_grid"": [[23.35, 23.3, 22.51, 24.18, 24.03, 23.31, 22.95, 23.08], [22.64, 23.84, 23.51, 22.86, 23.64, 24.35, 22.64, 23.31], [23.38, 22.73, 23.46, 23.61, 22.71, 22.7, 24.11, 23.02], [23.66, 23.65, 24.07, 23.87, 24.08, 23.65, 23.29, 23.18], [23.15, 23.23, 22.65, 23.24, 23.17, 22.46, 22.95, 26.93], [23.55, 24.01, 23.48, 24.1, 23.99, 22.59, 24.35, 22.42], [23.59, 23.98, 23.06, 23.59, 23.12, 22.52, 22.41, 22.58], [22.59, 23.62, 23.45, 23.31, 23.78, 22.43, 22.94, 23.95]]}","{""smoke"": 0.010584, ""heat_grid"": 0.336681}",none,0,0,0,0,0.0,0.0,0,clear,0.3489,[],[],,2,monitor,LOW,2,monitor,True
"[""heat_grid""]","{""smoke"": 40.2986, ""heat_grid"": [[23.05, 22.44, 24.1, 22.18, 22.17, 22.9, 23.39, 22.51], [23.22, 23.59, 22.34, 24.12, 22.82, 23.43, 22.37, 23.57], [23.83, 22.36, 22.4, 22.71, 22.17, 24.12, 23.35, 23.36], [24.07, 23.81, 23.78, 22.83, 22.82, 22.73, 22.84, 22.89], [22.43, 22.86, 23.04, 22.77, 22.48, 22.9, 23.11, 23.59], [28.19, 22.55, 22.22, 22.76, 22.46, 22.94, 24.11, 22.51], [22.79, 23.6, 23.17, 22.24, 22.47, 24.02, 22.36, 23.42], [23.73, 22.68, 23.6, 22.49, 22.72, 22.77, 24.14, 22.58]]}","{""smoke"": 0.00403, ""heat_grid"": 0.352338}",smoke,0,0,0,0,0.0,0.0,0,clear,0.8554,[],[],,2,monitor,LOW,2,monitor,True
[],"{""smoke"": 124.3894, ""heat_grid"": [[22.15, 22.39, 23.5, 22.57, 22.54, 22.48, 23.63, 21.94], [26.6, 22.36, 23.62, 22.33, 21.87, 22.74, 22.16, 23.21], [23.02, 23.08, 22.09, 23.12, 22.33, 23.7, 23.17, 22.88], [23.44, 22.88, 22.81, 22.18, 23.06, 22.45, 21.79, 23.33], [21.81, 23.05, 22.02, 22.57, 23.42, 21.89, 23.04, 22.93], [23.44, 22.05, 23.3, 22.6, 22.56, 22.43, 22.47, 22.74], [21.92, 22.55, 23.01, 22.7, 22.03, 22.43, 22.59, 23.04], [23.5, 22.8, 23.06, 21.86, 23.61, 22.33, 22.41, 22.15]]}","{""smoke"": 0.012439, ""heat_grid"": 0.332448}",smoke,1,0,1,0,0.018227,0.0,1,fire,0.4696,[],[],,2,monitor,LOW,2,monitor,True
"[""heat_grid""]","{""smoke"": 0, ""heat_grid"": [[24.0, 24.0, 24.0, 24.0, 24.0, 24.0, 24.0, 24.0], [24.0, 24.0, 24.0, 24.0, 24.0, 24.0, 24.0, 24.0], [24.0, 24.0, 24.0, 24.0, 24.0, 24.0, 24.0, 24.0], [24.0, 24.0, 24.0, 24.0, 24.0, 24.0, 24.0, 24.0], [24.0, 24.0, 24.0, 24.0, 24.0, 24.0, 24.0, 24.0], [24.0, 24.0, 24.0, 24.0, 24.0, 24.0, 24.0, 24.0], [24.0, 24.0, 24.0, 24.0, 24.0, 24.0, 24.0, 24.0], [24.0, 24.0, 24.0, 24.0, 24.0, 24.0, 24.0, 24.0]]}","{""smoke"": -1, ""heat_grid"": -1}",fire,0,0,0,1,0.0,0.062996,1,smoky,0.5048,[],[],,3,alert,MODERATE,3,alert,True
"[""heat_grid""]","{""smoke"": 282.4297, ""heat_grid"": [[21.61, 22.83, 22.17, 21.65, 21.81, 22.94, 22.6, 22.87], [21.55, 22.27, 22.95, 21.88, 21.69, 22.12, 22.02, 21.72], [23.26, 22.32, 22.57, 21.6, 22.57, 22.46, 23.22, 22.18], [22.92, 21.96, 22.51, 23.21, 22.6, 22.78, 23.1, 23.2], [21.77, 21.74, 22.45, 23.34, 22.33, 22.01, 22.43, 21.48], [21.71, 21.65, 21.41, 22.8, 22.0, 21.69, 22.38, 22.0], [28.02, 21.98, 21.36, 22.73, 21.57, 21.79, 21.73, 22.02], [21.67, 22.05, 21.84, 21.48, 23.09, 21.96, 21.54, 22.4]]}","{""smoke"": 0.028243, ""heat_grid"": 0.350269}",fire,0,0,0,1,0.0,0.00931,1,smoky,0.5788,[],[],,3,alert,MODERATE,3,alert,True
"[""heat_grid"", ""smoke""]","{""smoke"": 0, ""heat_grid"": [[24.0, 24.0, 24.0, 24.0, 24.0, 24.0, 24.0, 24.0], [24.0, 24.0, 24.0, 24.0, 24.0, 24.0, 24.0, 24.0], [24.0, 24.0, 24.0, 24.0, 24.0, 24.0, 24.0, 24.0], [24.0, 24.0, 24.0, 24.0, 24.0, 24.0, 24.0, 24.0], [24.0, 24.0, 24.0, 24.0, 24.0, 24.0, 24.0, 24.0], [24.0, 24.0, 24.0, 24.0, 24.0, 24.0, 24.0, 24.0], [24.0, 24.0, 24.0, 24.0, 24.0, 24.0, 24.0, 24.0], [24.0, 24.0, 24.0, 24.0, 24.0, 24.0, 24.0, 24.0]]}","{""smoke"": -1, ""heat_grid"": -1}",fire_smoke,1,1,1,2,0.0095,0.042722,2,fire,0.551,[],[],,5,"alert,suppress,evacuate",CRITICAL,5,"alert,suppress,evacuate",True
"[""heat_grid"", ""smoke""]","{""smoke"": 1602.2688, ""heat_grid"": [[23.89, 22.82, 24.12, 23.78, 23.84, 22.82, 22.53, 22.49], [23.64, 32.83, 24.35, 24.27, 22.41, 23.8, 22.87, 23.03], [22.83, 24.01, 24.13, 22.43, 22.89, 23.24, 23.39, 22.52], [24.01, 24.21, 23.15, 24.06, 23.7, 23.53, 23.99, 23.29], [23.44, 22.9, 23.77, 22.67, 22.83, 23.31, 23.12, 22.83], [22.73, 24.07, 23.53, 23.1, 24.04, 24.0, 22.57, 23.48], [22.96, 23.43, 23.78, 22.36, 23.37, 22.93, 23.41, 22.57], [23.98, 23.43, 22.77, 23.89, 22.42, 23.53, 23.35, 22.43]]}","{""smoke"": 0.160227, ""heat_grid"": 0.410429}",fire_smoke,1,0,2,0,0.089224,0.0,2,fire,0.7235,[],[],,4,"alert,suppress",HIGH,4,"alert,suppress",True
"[""heat_grid"", ""smoke""]","{""smoke"": 0, ""heat_grid"": [[24.0, 24.0, 24.0, 24.0, 24.0, 24.0, 24.0, 24.0], [24.0, 24.0, 24.0, 24.0, 24.0, 24.0, 24.0, 24.0], [24.0, 24.0, 24.0, 24.0, 24.0, 24.0, 24.0, 24.0], [24.0, 24.0, 24.0, 24.0, 24.0, 24.0, 24.0, 24.0], [24.0, 24.0, 24.0, 24.0, 24.0, 24.0, 24.0, 24.0], [24.0, 24.0, 24.0, 24.0, 24.0, 24.0, 24.0, 24.0], [24.0, 24.0, 24.0, 24.0, 24.0, 24.0, 24.0, 24.0], [24.0, 24.0, 24.0, 24.0, 24.0, 24.0, 24.0, 24.0]]}","{""smoke"": -1, ""heat_grid"": -1}",fire,1,0,2,0,0.007812,0.0,2,fire,0.6564,[],[],,4,"alert,suppress",HIGH,4,"alert,suppress",True
"[""heat_grid"", ""smoke""]","{""smoke"": 4143.3831, ""heat_grid"": [[23.39, 21.58, 23.19, 22.38, 21.84, 21.62, 22.8, 22.91], [22.74, 22.24, 21.74, 22.98, 23.14, 22.18, 23.08, 22.67], [22.45, 22.62, 21.61, 21.65, 22.85, 23.34, 22.41, 21.5], [21.53, 22.33, 22.71, 21.71, 21.46, 22.86, 21.69, 22.27], [22.87, 21.65, 22.28, 21.62, 22.09, 23.22, 35.4, 21.44], [21.67, 21.98, 23.19, 22.89, 22.63, 21.7, 23.25, 23.01], [21.88, 22.21, 22.25, 22.57, 22.15, 21.82, 22.73, 22.75], [22.28, 22.37, 21.5, 22.31, 23.0, 22.58, 23.24, 22.83]]}","{""smoke"": 0.414338, ""heat_grid"": 0.442558}",fire_smoke,1,1,2,1,0.03015,0.114462,2,fire,0.6955,[],[],,5,"alert,suppress,evacuate",CRITICAL,5,"alert,suppress,evacuate",True
"[""heat_grid"", ""smoke""]","{""smoke"": 5275.0518, ""heat_grid"": [[22.46, 22.05, 22.33, 23.36, 22.13, 21.85, 21.68, 23.19], [21.45, 23.24, 21.55, 22.93, 22.01, 21.92, 21.78, 21.69], [21.55, 21.73, 39.1, 22.56, 21.98, 22.78, 22.96, 23.38], [22.3, 22.17, 23.37, 23.31, 23.28, 22.64, 22.66, 23.28], [22.38, 21.85, 23.39, 23.11, 21.53, 21.65, 23.19, 22.02], [22.82, 21.66, 21.76, 22.92, 23.38, 22.43, 21.51, 21.89], [21.85, 23.29, 22.26, 23.32, 23.14, 22.32, 21.47, 23.37], [21.44, 23.13, 22.25, 22.02, 22.24, 22.14, 22.8, 22.57]]}","{""smoke"": 0.527505, ""heat_grid"": 0.488803}",fire_smoke,0,1,0,2,0.0,0.053594,2,smoky,0.8524,[],[],,5,"alert,suppress,evacuate",CRITICAL,5,"alert,suppress,evacuate",True
"[""heat_grid"", ""smoke""]","{""smoke"": 0, ""heat_grid"": [[24.0, 24.0, 24.0, 24.0, 24.0, 24.0, 24.0, 24.0], [24.0, 24.0, 24.0, 24.0, 24.0, 24.0, 24.0, 24.0], [24.0, 24.0, 24.0, 24.0, 24.0, 24.0, 24.0, 24.0], [24.0, 24.0, 24.0, 24.0, 24.0, 24.0, 24.0, 24.0], [24.0, 24.0, 24.0, 24.0, 24.0, 24.0, 24.0, 24.0], [24.0, 24.0, 24.0, 24.0, 24.0, 24.0, 24.0, 24.0], [24.0, 24.0, 24.0, 24.0, 24.0, 24.0, 24.0, 24.0], [24.0, 24.0, 24.0, 24.0, 24.0, 24.0, 24.0, 24.0]]}","{""smoke"": -1, ""heat_grid"": -1}",fire,1,1,2,2,0.067225,0.085105,2,fire,0.5959,[],[],,4,"alert,suppress",HIGH,4,"alert,suppress",True
"[""heat_grid""]","{""smoke"": 208.7351, ""heat_grid"": [[24.53, 24.66, 25.02, 23.78, 24.54, 24.25, 24.38, 24.52], [24.54, 24.81, 23.74, 24.35, 23.6, 24.23, 24.55, 24.62], [23.88, 24.06, 23.71, 23.38, 23.56, 24.87, 23.66, 24.99], [23.53, 24.49, 24.19, 24.44, 24.33, 24.46, 24.85, 24.17], [23.18, 23.58, 24.46, 24.03, 24.14, 27.67, 23.81, 24.59], [24.49, 24.47, 24.47, 24.82, 24.23, 24.98, 23.28, 24.31], [24.48, 24.0, 23.62, 24.14, 23.77, 24.86, 23.76, 23.39], [24.2, 23.83, 23.23, 24.17, 24.12, 23.39, 24.24, 24.18]]}","{""smoke"": 0.020874, ""heat_grid"": 0.345813}",none,1,0,1,0,0.024886,0.0,1,fire,0.4493,[],[],,2,monitor,LOW,2,monitor,True
"[""heat_grid"", ""smoke""]","{""smoke"": 3308.978, ""heat_grid"": [[22.05, 21.88, 22.13, 21.81, 21.21, 21.15, 22.96, 22.27], [22.35, 42.64, 22.17, 22.29, 22.11, 21.42, 21.69, 22.83], [21.95, 21.47, 22.72, 21.24, 22.34, 22.46, 21.67, 21.4], [21.96, 22.57, 22.84, 22.69, 21.28, 21.51, 22.3, 22.48], [21.08, 21.35, 21.25, 21.75, 22.43, 22.95, 21.24, 22.08], [21.81, 21.86, 21.2, 21.64, 21.57, 22.5, 22.35, 22.34], [22.1, 21.75, 21.55, 21.09, 21.36, 21.5, 23.01, 23.0], [22.6, 22.28, 22.4, 22.26, 22.36, 21.5, 23.02, 22.58]]}","{""smoke"": 0.330898, ""heat_grid"": 0.532998}",fire_smoke,0,0,0,2,0.0,0.099706,2,smoky,0.8467,[],[],,5,"alert,suppress,evacuate",CRITICAL,5,"alert,suppress,evacuate",True
"[""heat_grid""]","{""smoke"": 56.4824, ""heat_grid"": [[23.61, 22.98, 22.85, 23.64, 22.84, 22.75, 22.13, 22.64], [22.71, 22.28, 23.09, 22.21, 22.37, 23.04, 22.46, 23.2], [23.3, 22.52, 22.09, 22.9, 22.1, 22.95, 23.37, 23.16], [22.81, 23.81, 22.12, 23.68, 23.52, 22.76, 22.22, 22.23], [23.76, 22.39, 23.67, 22.92, 22.84, 23.16, 22.35, 22.77], [27.6, 22.39, 23.76, 23.91, 22.02, 22.98, 22.26, 23.16], [23.9, 23.71, 23.77, 22.34, 23.0, 22.39, 23.72, 22.3], [22.23, 21.94, 22.28, 22.3, 22.07, 23.65, 23.48, 22.43]]}","{""smoke"": 0.005648, ""heat_grid"": 0.344955}",none,1,0,1,0,0.028219,0.0,1,fire,0.7653,[],[],,2,monitor,LOW,2,monitor,True
"[""heat_grid"", ""smoke""]","{""smoke"": 0, ""heat_grid"": [[24.0, 24.0, 24.0, 24.0, 24.0, 24.0, 24.0, 24.0], [24.0, 24.0, 24.0, 24.0, 24.0, 24.0, 24.0, 24.0], [24.0, 24.0, 24.0, 24.0, 24.0, 24.0, 24.0, 24.0], [24.0, 24.0, 24.0, 24.0, 24.0, 24.0, 24.0, 24.0], [24.0, 24.0, 24.0, 24.0, 24.0, 24.0, 24.0, 24.0], [24.0, 24.0, 24.0, 24.0, 24.0, 24.0, 24.0, 24.0], [24.0, 24.0, 24.0, 24.0, 24.0, 24.0, 24.0, 24.0], [24.0, 24.0, 24.0, 24.0, 24.0, 24.0, 24.0, 24.0]]}","{""smoke"": -1, ""heat_grid"": -1}",smoke,1,0,2,0,0.08393,0.0,2,fire,0.3494,[],[],,3,alert,MODERATE,3,alert,True
[],"{""smoke"": 57.4869, ""heat_grid"": [[24.66, 24.8, 24.53, 24.9, 25.19, 24.04, 24.83, 24.69], [24.11, 25.06, 23.99, 24.33, 23.42, 23.66, 24.89, 24.0], [23.99, 23.7, 24.19, 24.82, 24.99, 23.34, 24.35, 24.14], [24.43, 24.1, 24.0, 24.15, 24.37, 24.21, 24.15, 24.84], [24.7, 23.89, 24.81, 24.91, 23.51, 24.37, 23.77, 24.68], [23.68, 24.55, 23.71, 24.23, 25.1, 23.97, 24.96, 25.18], [24.95, 23.54, 24.84, 23.27, 23.99, 24.95, 24.58, 25.44], [23.98, 24.83, 24.62, 24.14, 24.99, 23.66, 23.54, 24.49]]}","{""smoke"": 0.005749, ""heat_grid"": 0.317999}",none,0,0,0,0,0.0,0.0,0,clear,0.2995,[],[],,1,monitor,MINIMAL,1,monitor,True
"[""heat_grid""]","{""smoke"": 6.3942, ""heat_grid"": [[24.21, 23.95, 24.28, 23.65, 24.51, 24.8, 23.57, 23.9], [25.0, 24.27, 24.32, 24.71, 24.42, 23.4, 27.17, 25.11], [23.37, 23.5, 24.66, 24.47, 24.03, 24.34, 24.67, 24.27], [23.54, 23.44, 24.14, 25.11, 24.38, 23.98, 25.08, 24.04], [24.28, 23.49, 24.74, 24.66, 24.85, 23.91, 24.13, 23.6], [25.19, 23.43, 24.56, 24.67, 23.58, 23.99, 23.35, 24.37], [25.25, 24.12, 25.24, 23.51, 24.05, 25.06, 25.01, 23.91], [24.62, 25.03, 24.79, 24.52, 23.57, 23.41, 24.49, 24.26]]}","{""smoke"": 0.000639, ""heat_grid"": 0.339683}",smoke,0,0,0,0,0.0,0.0,0,clear,0.4757,[],[],,2,monitor,LOW,2,monitor,True
"[""heat_grid""]","{""smoke"": 299.3272, ""heat_grid"": [[27.1, 24.03, 24.46, 23.39, 23.97, 23.75, 24.48, 23.4], [23.59, 24.55, 23.44, 23.97, 24.55, 24.66, 23.32, 24.83], [24.58, 23.81, 24.66, 24.58, 24.33, 24.25, 24.6, 25.13], [24.29, 24.75, 24.62, 24.84, 25.04, 23.51, 23.46, 24.3], [24.03, 24.27, 24.72, 24.99, 23.96, 24.56, 23.52, 24.2], [23.17, 24.14, 24.22, 24.6, 24.43, 23.84, 23.14, 23.36], [25.07, 24.97, 23.78, 23.65, 24.0, 24.51, 23.84, 23.26], [23.93, 23.65, 23.78, 23.45, 24.45, 24.18, 23.67, 24.24]]}","{""smoke"": 0.029933, ""heat_grid"": 0.338725}",none,0,0,0,0,0.0,0.0,0,clear,0.7776,[],[],,2,monitor,LOW,2,monitor,True
"[""heat_grid"", ""smoke""]","{""smoke"": 5788.638, ""heat_grid"": [[24.37, 23.03, 22.68, 24.41, 23.62, 24.43, 24.23, 23.69], [23.44, 23.46, 22.83, 23.41, 24.14, 24.48, 24.42, 24.42], [22.54, 23.53, 22.9, 23.73, 24.39, 24.25, 24.23, 23.23], [23.5, 23.06, 23.61, 23.11, 24.12, 23.43, 23.9, 24.24], [23.1, 23.74, 24.19, 24.4, 22.82, 23.86, 23.37, 23.07], [22.81, 23.67, 23.17, 23.83, 23.06, 22.5, 24.03, 22.82], [23.0, 22.97, 23.18, 23.47, 24.12, 23.8, 22.79, 22.87], [24.19, 23.0, 22.94, 22.51, 24.05, 23.98, 38.87, 22.51]]}","{""smoke"": 0.578864, ""heat_grid"": 0.485855}",fire_smoke,0,1,0,0,0.0,0.0,0,hazy,0.5763,[],[],,5,"alert,suppress,evacuate",CRITICAL,5,"alert,suppress,evacuate",True
"[""heat_grid"", ""smoke""]","{""smoke"": 537.9828, ""heat_grid"": [[24.57, 23.15, 24.04, 24.4, 23.87, 23.1, 23.03, 24.05], [23.83, 24.69, 24.5, 24.28, 24.8, 24.22, 23.02, 22.99], [24.47, 23.56, 24.68, 23.07, 23.23, 24.38, 24.53, 24.57], [23.03, 23.6, 24.13, 24.67, 23.31, 24.04, 23.12, 24.33], [23.09, 24.83, 23.02, 24.21, 24.39, 23.35, 23.34, 33.93], [24.1, 24.28, 24.0, 23.18, 24.68, 23.17, 23.97, 24.67], [24.66, 23.17, 23.31, 24.04, 23.51, 24.3, 23.88, 23.37], [23.66, 24.22, 24.4, 23.57, 23.04, 23.54, 24.1, 24.35]]}","{""smoke"": 0.053798, ""heat_grid"": 0.42417}",fire,1,0,2,2,0.065877,0.08862,2,fire,0.4572,[],[],,4,"alert,suppress",HIGH,4,"alert,suppress",True
"[""heat_grid"", ""smoke""]","{""smoke"": 1851.782, ""heat_grid"": [[21.86, 22.42, 21.83, 22.7, 21.55, 21.45, 21.63, 22.92], [22.53, 22.21, 21.77, 23.01, 22.95, 21.97, 22.67, 23.0], [21.8, 33.71, 22.26, 21.99, 22.69, 22.24, 21.59, 21.88], [22.51, 21.28, 21.85, 21.2, 22.81, 21.4, 21.32, 22.74], [21.35, 22.54, 21.93, 22.81, 21.53, 21.34, 21.63, 23.03], [22.83, 21.74, 21.58, 21.48, 21.61, 21.58, 22.94, 21.21], [22.93, 21.25, 22.82, 22.02, 21.32, 22.77, 21.68, 22.92], [22.67, 23.13, 22.83, 21.65, 21.99, 22.56, 21.8, 22.26]]}","{""smoke"": 0.185178, ""heat_grid"": 0.42139}",fire,0,1,0,1,0.0,0.037503,1,smoky,0.3331,[],[],,4,"alert,suppress",HIGH,4,"alert,suppress",True
"[""heat_grid"", ""smoke""]","{""smoke"": 4526.7393, ""heat_grid"": [[24.04, 24.15, 25.05, 24.61, 25.26, 24.92, 24.36, 24.6], [24.14, 23.59, 24.15, 23.89, 24.69, 24.67, 25.21, 23.49], [24.27, 24.13, 24.39, 23.57, 24.31, 24.65, 23.96, 24.63], [23.86, 24.07, 25.15, 23.38, 23.88, 25.2, 23.63, 24.13], [24.24, 24.64, 24.56, 24.59, 25.21, 24.12, 24.31, 25.26], [23.59, 25.23, 25.23, 25.24, 23.47, 24.49, 25.01, 23.96], [24.51, 23.84, 23.59, 25.04, 25.29, 23.47, 23.57, 24.51], [39.85, 24.59, 24.77, 24.16, 24.84, 23.56, 23.93, 24.95]]}","{""smoke"": 0.452674, ""heat_grid"": 0.498154}",fire_smoke,0,0,0,1,0.0,0.07954,1,smoky,0.4484,[],[],,5,"alert,suppress,evacuate",CRITICAL,5,"alert,suppress,evacuate",True
"[""heat_grid"", ""smoke""]","{""smoke"": 1796.3885, ""heat_grid"": [[22.83, 22.1, 30.81, 22.99, 22.73, 23.36, 22.86, 23.18], [23.81, 22.77, 22.84, 23.77, 22.76, 22.92, 23.64, 23.22], [23.91, 22.98, 23.0, 22.13, 22.43, 23.12, 22.41, 22.95], [22.61, 22.08, 22.99, 23.33, 22.72, 23.59, 22.33, 22.22], [23.91, 23.88, 22.85, 22.88, 23.74, 23.1, 22.27, 22.27], [22.3, 23.6, 23.24, 22.64, 22.36, 22.29, 23.52, 23.81], [23.1, 23.59, 22.61, 23.21, 22.92, 22.22, 23.02, 23.73], [22.14, 22.99, 23.79, 23.62, 23.03, 22.38, 23.74, 22.35]]}","{""smoke"": 0.179639, ""heat_grid"": 0.38514}",fire,1,1,2,0,0.057786,0.0,2,fire,0.6775,[],[],,4,"alert,suppress",HIGH,4,"alert,suppress",True
"[""heat_grid"", ""smoke""]","{""smoke"": 5222.7217, ""heat_grid"": [[23.7, 25.03, 25.13, 24.57, 25.25, 24.14, 24.72, 23.34], [23.87, 24.45, 25.07, 25.22, 24.48, 25.03, 24.92, 24.86], [23.54, 24.27, 24.29, 24.89, 24.49, 24.96, 25.23, 24.43], [24.9, 24.44, 24.57, 24.27, 25.24, 24.95, 24.82, 23.98], [24.29, 25.04, 25.19, 25.31, 24.79, 39.5, 23.5, 24.82], [24.01, 25.05, 23.34, 25.19, 24.28, 23.57, 24.52, 24.7], [24.88, 24.72, 24.42, 23.48, 25.04, 25.28, 24.87, 23.39], [24.83, 23.86, 25.24, 23.44, 23.5, 23.68, 24.82, 24.62]]}","{""smoke"": 0.522272, ""heat_grid"": 0.493741}",fire_smoke,0,0,0,1,0.0,0.110549,1,smoky,0.5678,[],[],,5,"alert,suppress,evacuate",CRITICAL,5,"alert,suppress,evacuate",True
"[""heat_grid"", ""smoke""]","{""smoke"": 822.5272, ""heat_grid"": [[22.34, 35.52, 21.42, 22.67, 22.67, 22.3, 23.18, 21.66], [21.49, 22.38, 22.45, 21.92, 23.31, 21.89, 21.93, 23.01], [23.23, 22.46, 21.43, 22.1, 21.83, 22.41, 22.75, 22.17], [22.46, 22.91, 21.88, 21.78, 23.0, 21.46, 21.69, 21.41], [22.5, 22.59, 22.45, 22.22, 22.45, 21.77, 23.04, 23.35], [22.47, 22.14, 22.97, 21.77, 22.03, 23.27, 21.76, 21.61], [22.48, 22.56, 22.58, 21.72, 22.83, 21.87, 23.28, 21.84], [21.42, 22.52, 21.79, 22.64, 21.85, 22.24, 21.75, 22.24]]}","{""smoke"": 0.082253, ""heat_grid"": 0.443966}",fire,1,0,2,1,0.027877,0.08253,2,fire,0.7376,[],[],,4,"alert,suppress",HIGH,4,"alert,suppress",True
"[""heat_grid"", ""smoke""]","{""smoke"": 0, ""heat_grid"": [[24.0, 24.0, 24.0, 24.0, 24.0, 24.0, 24.0, 24.0], [24.0, 24.0, 24.0, 24.0, 24.0, 24.0, 24.0, 24.0], [24.0, 24.0, 24.0, 24.0, 24.0, 24.0, 24.0, 24.0], [24.0, 24.0, 24.0, 24.0, 24.0, 24.0, 24.0, 24.0], [24.0, 24.0, 24.0, 24.0, 24.0, 24.0, 24.0, 24.0], [24.0, 24.0, 24.0, 24.0, 24.0, 24.0, 24.0, 24.0], [24.0, 24.0, 24.0, 24.0, 24.0, 24.0, 24.0, 24.0], [24.0, 24.0, 24.0, 24.0, 24.0, 24.0, 24.0, 24.0]]}","{""smoke"": -1, ""heat_grid"": -1}",fire,0,0,0,0,0.0,0.0,0,hazy,0.5961,[],[],,4,"alert,suppress",HIGH,4,"alert,suppress",True
"[""heat_grid"", ""smoke""]","{""smoke"": 5323.7626, ""heat_grid"": [[23.99, 23.61, 24.57, 23.24, 23.19, 24.0, 23.12, 24.4], [23.42, 23.58, 24.1, 24.51, 24.12, 22.93, 23.42, 24.24], [24.56, 24.01, 23.93, 23.5, 23.7, 23.6, 22.85, 22.78], [23.97, 23.76, 23.23, 24.53, 23.15, 24.14, 24.32, 24.42], [24.42, 24.33, 23.66, 23.99, 24.46, 23.58, 40.93, 23.06], [23.87, 23.02, 24.06, 23.49, 23.2, 23.46, 24.14, 24.56], [22.76, 23.08, 24.15, 23.88, 23.38, 24.04, 24.47, 23.26], [23.71, 22.78, 24.63, 24.34, 23.75, 24.72, 23.18, 24.23]]}","{""smoke"": 0.532376, ""heat_grid"": 0.511635}",fire_smoke,1,0,2,3,0.104339,0.027871,3,fire,0.3548,[],[],,5,"alert,suppress,evacuate",CRITICAL,5,"alert,suppress,evacuate",True
"[""heat_grid""]","{""smoke"": 0, ""heat_grid"": [[24.0, 24.0, 24.0, 24.0, 24.0, 24.0, 24.0, 24.0], [24.0, 24.0, 24.0, 24.0, 24.0, 24.0, 24.0, 24.0], [24.0, 24.0, 24.0, 24.0, 24.0, 24.0, 24.0, 24.0], [24.0, 24.0, 24.0, 24.0, 24.0, 24.0, 24.0, 24.0], [24.0, 24.0, 24.0, 24.0, 24.0, 24.0, 24.0, 24.0], [24.0, 24.0, 24.0, 24.0, 24.0, 24.0, 24.0, 24.0], [24.0, 24.0, 24.0, 24.0, 24.0, 24.0, 24.0, 24.0], [24.0, 24.0, 24.0, 24.0, 24.0, 24.0, 24.0, 24.0]]}","{""smoke"": -1, ""heat_grid"": -1}",fire,0,0,0,0,0.0,0.0,0,clear,0.324,[],[],,3,alert,MODERATE,3,alert,True
"[""heat_grid"", ""smoke""]","{""smoke"": 0, ""heat_grid"": [[24.0, 24.0, 24.0, 24.0, 24.0, 24.0, 24.0, 24.0], [24.0, 24.0, 24.0, 24.0, 24.0, 24.0, 24.0, 24.0], [24.0, 24.0, 24.0, 24.0, 24.0, 24.0, 24.0, 24.0], [24.0, 24.0, 24.0, 24.0, 24.0, 24.0, 24.0, 24.0], [24.0, 24.0, 24.0, 24.0, 24.0, 24.0, 24.0, 24.0], [24.0, 24.0, 24.0, 24.0, 24.0, 24.0, 24.0, 24.0], [24.0, 24.0, 24.0, 24.0, 24.0, 24.0, 24.0, 24.0], [24.0, 24.0, 24.0, 24.0, 24.0, 24.0, 24.0, 24.0]]}","{""smoke"": -1, ""heat_grid"": -1}",fire_smoke,1,0,1,1,0.091645,0.116692,1,fire,0.7976,[],[],,5,"alert,suppress,evacuate",CRITICAL,5,"alert,suppress,evacuate",True
"[""heat_grid"", ""smoke""]","{""smoke"": 3907.607, ""heat_grid"": [[23.15, 21.59, 23.56, 22.6, 22.51, 22.86, 22.51, 22.38], [22.3, 23.52, 23.28, 22.57, 23.23, 21.86, 22.62, 22.46], [22.21, 23.4, 23.23, 23.38, 22.83, 22.31, 23.08, 21.78], [23.27, 21.62, 23.2, 22.97, 21.74, 21.86, 22.47, 22.16], [23.3, 21.95, 22.4, 22.08, 21.82, 22.08, 23.28, 22.99], [23.39, 22.37, 22.04, 21.61, 22.55, 21.64, 21.57, 22.77], [21.89, 22.68, 22.71, 23.01, 22.33, 22.97, 22.29, 21.76], [22.18, 21.58, 22.49, 23.04, 23.13, 22.03, 21.77, 36.62]]}","{""smoke"": 0.390761, ""heat_grid"": 0.457691}",fire_smoke,1,0,1,1,0.067246,0.014075,1,fire,0.7736,[],[],,5,"alert,suppress,evacuate",CRITICAL,5,"alert,suppress,evacuate",True
"[""heat_grid"", ""smoke""]","{""smoke"": 1278.2913, ""heat_grid"": [[22.95, 22.97, 21.43, 21.63, 22.45, 21.54, 21.93, 22.17], [21.67, 22.77, 22.35, 22.64, 22.31, 22.19, 22.35, 23.16], [22.15, 22.64, 23.03, 22.6, 21.81, 21.6, 22.54, 22.82], [22.9, 22.75, 21.37, 22.91, 22.57, 23.34, 22.89, 22.22], [22.71, 34.0, 22.04, 22.43, 21.77, 21.54, 22.83, 22.13], [22.87, 22.34, 22.98, 22.84, 22.89, 22.22, 23.28, 22.17], [22.95, 22.34, 21.83, 22.62, 22.3, 21.89, 22.13, 21.68], [23.33, 22.65, 21.71, 22.89, 22.56, 22.81, 22.53, 21.48]]}","{""smoke"": 0.127829, ""heat_grid"": 0.42505}",fire,1,1,1,2,0.09175,0.076618,2,fire,0.3091,[],[],,4,"alert,suppress",HIGH,4,"alert,suppress",True
[],"{""smoke"": 96.6743, ""heat_grid"": [[23.12, 22.09, 22.68, 22.44, 23.82, 22.74, 23.44, 22.69], [22.18, 23.65, 21.92, 22.03, 22.65, 23.29, 22.6, 22.05], [22.55, 22.41, 21.93, 22.99, 22.15, 22.49, 23.2, 23.37], [22.45, 22.58, 22.41, 23.83, 22.3, 22.29, 22.81, 22.3], [22.23, 22.11, 23.2, 23.14, 23.22, 23.47, 22.57, 23.76], [23.39, 23.53, 23.36, 22.64, 22.49, 22.76, 22.11, 22.82], [22.01, 21.93, 23.78, 24.12, 23.04, 22.6, 23.06, 23.7], [23.22, 23.12, 22.84, 22.61, 23.32, 23.88, 22.77, 22.7]]}","{""smoke"": 0.009667, ""heat_grid"": 0.301481}",none,0,0,0,0,0.0,0.0,0,clear,0.3351,[],[],,1,monitor,MINIMAL,1,monitor,True
"[""heat_grid""]","{""smoke"": 206.5273, ""heat_grid"": [[24.55, 23.28, 24.05, 24.71, 23.79, 23.93, 27.86, 23.28], [25.11, 23.52, 23.22, 23.18, 23.97, 24.94, 24.81, 25.0], [24.24, 24.07, 23.94, 23.26, 24.99, 24.16, 24.08, 24.2], [24.76, 23.62, 24.59, 24.59, 24.87, 23.19, 23.51, 24.11], [24.87, 25.1, 24.36, 23.6, 23.54, 24.45, 23.59, 24.28], [24.84, 23.95, 23.93, 23.24, 23.68, 24.57, 23.89, 23.49], [23.38, 23.36, 24.49, 24.4, 24.21, 24.17, 23.48, 24.17], [23.29, 25.02, 23.29, 24.02, 23.17, 24.74, 23.5, 25.02]]}","{""smoke"": 0.020653, ""heat_grid"": 0.348226}",fire,0,0,0,0,0.0,0.0,0,clear,0.7925,[],[],,2,monitor,LOW,2,monitor,True
"[""heat_grid"", ""smoke""]","{""smoke"": 747.2265, ""heat_grid"": [[23.23, 23.29, 22.92, 22.72, 22.89, 23.19, 22.84, 22.4], [23.95, 23.59, 22.26, 23.94, 22.47, 22.32, 22.47, 23.99], [22.57, 23.7, 23.41, 23.16, 22.86, 22.31, 23.55, 22.91], [23.19, 22.23, 23.68, 23.51, 23.18, 23.12, 22.8, 22.81], [22.26, 23.5, 22.21, 22.13, 22.19, 22.53, 23.26, 23.49], [22.97, 22.94, 23.28, 31.65, 23.81, 23.76, 23.77, 23.81], [23.88, 23.23, 23.31, 23.58, 22.52, 22.85, 23.95, 23.17], [22.23, 22.94, 22.45, 22.84, 23.21, 23.13, 23.11, 22.16]]}","{""smoke"": 0.074723, ""heat_grid"": 0.395642}",fire_smoke,0,1,0,0,0.0,0.0,0,hazy,0.5429,[],[],,4,"alert,suppress",HIGH,4,"alert,suppress",True
"[""heat_grid"", ""smoke""]","{""smoke"": 742.9801, ""heat_grid"": [[22.7, 22.52, 23.81, 24.06, 22.8, 31.71, 23.82, 22.14], [23.9, 23.09, 23.2, 23.17, 22.57, 23.65, 23.55, 22.28], [23.21, 24.0, 23.83, 23.34, 22.49, 22.78, 22.39, 23.73], [23.65, 23.91, 22.22, 24.02, 24.02, 23.44, 23.85, 22.97], [22.72, 22.4, 22.15, 22.17, 23.47, 22.76, 22.2, 22.31], [23.42, 23.97, 22.9, 23.64, 24.04, 23.51, 23.53, 23.32], [24.04, 22.69, 23.65, 22.92, 22.4, 23.57, 23.75, 23.82], [23.93, 23.58, 23.14, 23.97, 22.51, 22.24, 22.95, 23.25]]}","{""smoke"": 0.074298, ""heat_grid"": 0.396397}",fire,0,1,0,2,0.0,0.007542,2,smoky,0.7812,[],[],,4,"alert,suppress",HIGH,4,"alert,suppress",True
"[""heat_grid"", ""smoke""]","{""smoke"": 592.419, ""heat_grid"": [[22.81, 24.4, 23.94, 22.9, 23.55, 23.28, 23.26, 23.61], [22.71, 22.92, 22.79, 22.84, 23.8, 24.49, 23.8, 24.46], [23.65, 23.06, 24.24, 22.63, 22.7, 24.39, 23.79, 24.35], [22.76, 24.03, 22.96, 23.18, 24.29, 23.32, 23.83, 24.27], [24.24, 22.51, 22.81, 24.33, 23.62, 23.45, 22.62, 22.54], [24.4, 23.44, 24.07, 22.93, 22.97, 23.61, 24.25, 23.07], [23.15, 23.59, 22.57, 23.25, 23.61, 22.5, 23.77, 22.6], [23.93, 24.1, 24.17, 23.84, 23.62, 31.99, 23.34, 22.67]]}","{""smoke"": 0.059242, ""heat_grid"": 0.399925}",fire_smoke,1,1,1,0,0.052545,0.0,1,fire,0.6037,[],[],,4,"alert,suppress",HIGH,4,"alert,suppress",True
"[""heat_grid"", ""smoke""]","{""smoke"": 0, ""heat_grid"": [[24.0, 24.0, 24.0, 24.0, 24.0, 24.0, 24.0, 24.0], [24.0, 24.0, 24.0, 24.0, 24.0, 24.0, 24.0, 24.0], [24.0, 24.0, 24.0, 24.0, 24.0, 24.0, 24.0, 24.0], [24.0, 24.0, 24.0, 24.0, 24.0, 24.0, 24.0, 24.0], [24.0, 24.0, 24.0, 24.0, 24.0, 24.0, 24.0, 24.0], [24.0, 24.0, 24.0, 24.0, 24.0, 24.0, 24.0, 24.0], [24.0, 24.0, 24.0, 24.0, 24.0, 24.0, 24.0, 24.0], [24.0, 24.0, 24.0, 24.0, 24.0, 24.0, 24.0, 24.0]]}","{""smoke"": -1, ""heat_grid"": -1}",fire_smoke,0,0,0,1,0.0,0.084872,1,smoky,0.4973,[],[],,4,"alert,suppress",HIGH,4,"alert,suppress",True
"[""heat_grid"", ""smoke""]","{""smoke"": 722.2883, ""heat_grid"": [[22.25, 23.37, 22.84, 22.57, 22.54, 22.56, 22.87, 22.77], [23.88, 23.2, 23.06, 22.5, 23.96, 22.31, 22.68, 23.45], [23.61, 23.81, 23.03, 22.9, 22.78, 23.34, 22.9, 22.86], [22.24, 24.1, 22.33, 22.75, 24.05, 23.68, 23.36, 23.53], [22.4, 23.82, 22.71, 24.12, 22.67, 23.46, 23.3, 22.49], [22.93, 23.77, 22.63, 24.13, 22.8, 23.46, 23.44, 23.15], [23.52, 23.69, 23.44, 23.32, 23.42, 23.01, 22.35, 22.52], [23.42, 24.06, 22.26, 23.29, 22.71, 28.08, 23.7, 23.68]]}","{""smoke"": 0.072229, ""heat_grid"": 0.350944}",smoke,0,0,0,1,0.0,0.010083,1,smoky,0.6057,[],[],,3,alert,MODERATE,3,alert,True
"[""heat_grid""]","{""smoke"": 0, ""heat_grid"": [[24.0, 24.0, 24.0, 24.0, 24.0, 24.0, 24.0, 24.0], [24.0, 24.0, 24.0, 24.0, 24.0, 24.0, 24.0, 24.0], [24.0, 24.0, 24.0, 24.0, 24.0, 24.0, 24.0, 24.0], [24.0, 24.0, 24.0, 24.0, 24.0, 24.0, 24.0, 24.0], [24.0, 24.0, 24.0, 24.0, 24.0, 24.0, 24.0, 24.0], [24.0, 24.0, 24.0, 24.0, 24.0, 24.0, 24.0, 24.0], [24.0, 24.0, 24.0, 24.0, 24.0, 24.0, 24.0, 24.0], [24.0, 24.0, 24.0, 24.0, 24.0, 24.0, 24.0, 24.0]]}","{""smoke"": -1, ""heat_grid"": -1}",none,0,0,0,0,0.0,0.0,0,clear,0.4031,[],[],,2,monitor,LOW,2,monitor,True
"[""heat_grid"", ""smoke""]","{""smoke"": 2894.4721, ""heat_grid"": [[21.63, 22.4, 22.51, 23.13, 22.61, 22.22, 22.5, 23.16], [22.53, 22.68, 21.92, 21.58, 23.43, 22.11, 22.26, 21.8], [22.6, 23.04, 22.94, 23.28, 22.14, 22.2, 23.5, 22.48], [23.24, 22.79, 21.93, 23.48, 39.04, 22.85, 22.08, 22.72], [22.65, 22.09, 23.55, 21.85, 22.46, 21.63, 22.93, 22.49], [22.69, 22.97, 23.1, 23.5, 23.3, 22.22, 23.02, 21.72], [21.84, 22.49, 22.49, 22.58, 22.52, 22.85, 23.48, 21.91], [22.28, 21.72, 21.97, 23.54, 21.65, 22.0, 22.42, 22.15]]}","{""smoke"": 0.289447, ""heat_grid"": 0.488048}",fire_smoke,1,1,1,3,0.10707,0.053703,3,fire,0.7098,[],[],,5,"alert,suppress,evacuate",CRITICAL,5,"alert,suppress,evacuate",True
"[""heat_grid""]","{""smoke"": 217.5004, ""heat_grid"": [[23.15, 22.9, 22.77, 22.0, 21.41, 22.38, 21.94, 21.95], [23.22, 21.67, 23.24, 22.38, 23.05, 21.94, 22.64, 22.48], [23.22, 21.73, 21.78, 23.27, 21.56, 22.64, 21.49, 21.52], [22.56, 22.47, 22.52, 22.32, 22.85, 23.35, 21.92, 22.02], [22.02, 22.9, 22.06, 22.72, 22.26, 22.58, 23.03, 22.4], [22.32, 21.9, 22.4, 21.89, 23.06, 22.15, 21.63, 21.85], [22.44, 23.2, 21.97, 21.9, 22.18, 26.98, 23.06, 21.67], [22.6, 22.95, 22.9, 22.35, 22.83, 22.54, 21.77, 21.48]]}","{""smoke"": 0.02175, ""heat_grid"": 0.33727}",none,0,0,0,0,0.0,0.0,0,clear,0.3372,[],[],,2,monitor,LOW,2,monitor,True
"[""heat_grid"", ""smoke""]","{""smoke"": 0, ""heat_grid"": [[24.0, 24.0, 24.0, 24.0, 24.0, 24.0, 24.0, 24.0], [24.0, 24.0, 24.0, 24.0, 24.0, 24.0, 24.0, 24.0], [24.0, 24.0, 24.0, 24.0, 24.0, 24.0, 24.0, 24.0], [24.0, 24.0, 24.0, 24.0, 24.0, 24.0, 24.0, 24.0], [24.0, 24.0, 24.0, 24.0, 24.0, 24.0, 24.0, 24.0], [24.0, 24.0, 24.0, 24.0, 24.0, 24.0, 24.0, 24.0], [24.0, 24.0, 24.0, 24.0, 24.0, 24.0, 24.0, 24.0], [24.0, 24.0, 24.0, 24.0, 24.0, 24.0, 24.0, 24.0]]}","{""smoke"": -1, ""heat_grid"": -1}",fire,0,0,0,0,0.0,0.0,0,hazy,0.5147,[],[],,3,alert,MODERATE,3,alert,True
"[""heat_grid"", ""smoke""]","{""smoke"": 0, ""heat_grid"": [[24.0, 24.0, 24.0, 24.0, 24.0, 24.0, 24.0, 24.0], [24.0, 24.0, 24.0, 24.0, 24.0, 24.0, 24.0, 24.0], [24.0, 24.0, 24.0, 24.0, 24.0, 24.0, 24.0, 24.0], [24.0, 24.0, 24.0, 24.0, 24.0, 24.0, 24.0, 24.0], [24.0, 24.0, 24.0, 24.0, 24.0, 24.0, 24.0, 24.0], [24.0, 24.0, 24.0, 24.0, 24.0, 24.0, 24.0, 24.0], [24.0, 24.0, 24.0, 24.0, 24.0, 24.0, 24.0, 24.0], [24.0, 24.0, 24.0, 24.0, 24.0, 24.0, 24.0, 24.0]]}","{""smoke"": -1, ""heat_grid"": -1}",fire_smoke,0,1,0,2,0.0,0.068132,2,smoky,0.654,[],[],,5,"alert,suppress,evacuate",CRITICAL,5,"alert,suppress,evacuate",True
"[""heat_grid""]","{""smoke"": 236.0087, ""heat_grid"": [[24.58, 22.66, 24.26, 24.31, 24.42, 23.55, 24.17, 22.98], [23.8, 23.31, 23.78, 23.94, 23.29, 23.02, 23.23, 28.61], [23.95, 24.07, 22.84, 24.23, 23.97, 22.65, 23.26, 23.52], [23.31, 22.83, 23.01, 22.64, 22.78, 23.12, 24.23, 23.64], [23.44, 23.92, 23.67, 22.85, 23.04, 23.04, 23.79, 23.51], [23.37, 23.7, 24.53, 23.22, 23.63, 23.55, 24.02, 24.05], [24.05, 22.99, 23.49, 24.21, 23.35, 24.56, 23.32, 23.59], [23.54, 23.46, 24.28, 22.9, 23.73, 23.83, 24.29, 23.81]]}","{""smoke"": 0.023601, ""heat_grid"": 0.357589}",none,1,0,1,0,0.024181,0.0,1,fire,0.8159,[],[],,2,monitor,LOW,2,monitor,True
"[""heat_grid"", ""smoke""]","{""smoke"": 624.0752, ""heat_grid"": [[24.03, 22.58, 22.62, 23.28, 22.92, 23.12, 23.85, 22.37], [23.7, 30.79, 23.95, 22.66, 23.73, 23.44, 23.03, 22.79], [22.37, 22.97, 22.66, 22.53, 23.74, 22.68, 22.7, 22.94], [23.18, 23.29, 23.59, 23.44, 23.22, 23.05, 22.79, 23.68], [22.89, 23.96, 23.43, 23.53, 23.28, 24.12, 23.1, 23.11], [24.04, 23.47, 23.16, 22.78, 22.75, 23.86, 22.82, 22.27], [22.3, 24.22, 23.38, 23.24, 24.09, 22.96, 23.85, 23.7], [23.21, 23.81, 24.19, 22.66, 22.29, 23.9, 23.07, 23.35]]}","{""smoke"": 0.062408, ""heat_grid"": 0.384854}",smoke,0,0,0,1,0.0,0.055484,1,smoky,0.872,[],[],,3,alert,MODERATE,3,alert,True
"[""heat_grid""]","{""smoke"": 152.6623, ""heat_grid"": [[22.68, 22.45, 23.44, 24.34, 23.59, 23.19, 22.5, 24.27], [28.41, 23.85, 23.83, 22.95, 22.57, 23.21, 23.08, 23.84], [24.08, 22.89, 23.5, 22.52, 22.87, 23.97, 24.03, 24.0], [22.73, 23.54, 23.29, 24.43, 23.75, 24.31, 22.73, 23.34], [23.99, 23.18, 23.71, 23.47, 24.43, 22.79, 24.31, 23.25], [23.38, 23.5, 22.97, 24.37, 24.27, 24.39, 24.44, 23.78], [23.35, 24.14, 22.49, 24.11, 23.44, 23.79, 23.19, 23.18], [22.51, 23.29, 23.26, 22.89, 22.94, 23.61, 23.08, 24.1]]}","{""smoke"": 0.015266, ""heat_grid"": 0.355149}",none,0,0,0,0,0.0,0.0,0,clear,0.396,[],[],,2,monitor,LOW,2,monitor,True
"[""heat_grid"", ""smoke""]","{""smoke"": 799.3142, ""heat_grid"": [[22.71, 23.39, 23.48, 22.18, 22.41, 23.41, 21.91, 21.97], [22.69, 23.31, 22.41, 21.87, 23.67, 23.61, 23.04, 23.1], [23.6, 23.02, 23.31, 22.66, 22.19, 23.4, 23.1, 22.31], [22.98, 23.37, 22.27, 23.27, 21.88, 22.98, 23.73, 23.47], [23.49, 23.09, 22.66, 23.09, 22.38, 22.84, 22.81, 22.82], [22.56, 22.44, 22.39, 22.18, 34.44, 21.97, 23.54, 21.87], [23.41, 22.22, 23.44, 23.17, 23.58, 23.47, 23.14, 22.04], [22.83, 22.41, 23.51, 23.48, 22.36, 23.08, 22.41, 23.09]]}","{""smoke"": 0.079931, ""heat_grid"": 0.430472}",fire_smoke,1,1,2,1,0.106017,0.028375,2,fire,0.7785,[],[],,4,"alert,suppress",HIGH,4,"alert,suppress",True
"[""heat_grid""]","{""smoke"": 0, ""heat_grid"": [[24.0, 24.0, 24.0, 24.0, 24.0, 24.0, 24.0, 24.0], [24.0, 24.0, 24.0, 24.0, 24.0, 24.0, 24.0, 24.0], [24.0, 24.0, 24.0, 24.0, 24.0, 24.0, 24.0, 24.0], [24.0, 24.0, 24.0, 24.0, 24.0, 24.0, 24.0, 24.0], [24.0, 24.0, 24.0, 24.0, 24.0, 24.0, 24.0, 24.0], [24.0, 24.0, 24.0, 24.0, 24.0, 24.0, 24.0, 24.0], [24.0, 24.0, 24.0, 24.0, 24.0, 24.0, 24.0, 24.0], [24.0, 24.0, 24.0, 24.0, 24.0, 24.0, 24.0, 24.0]]}","{""smoke"": -1, ""heat_grid"": -1}",smoke,1,0,1,0,0.013903,0.0,1,fire,0.4875,[],[],,2,monitor,LOW,2,monitor,True
"[""heat_grid"", ""smoke""]","{""smoke"": 3173.5476, ""heat_grid"": [[23.91, 24.57, 23.76, 23.27, 23.21, 23.7, 22.87, 23.81], [23.41, 23.33, 23.02, 23.62, 22.71, 23.85, 23.2, 24.44], [23.68, 24.19, 24.33, 41.52, 24.37, 23.08, 23.24, 24.05], [23.71, 23.85, 23.99, 22.86, 22.97, 23.91, 23.88, 24.27], [24.02, 23.05, 22.77, 23.41, 23.37, 24.17, 23.97, 24.38], [23.64, 23.21, 23.64, 23.06, 22.75, 23.63, 23.46, 22.7], [24.07, 23.92, 22.78, 24.05, 22.8, 23.67, 23.88, 23.63], [24.13, 23.4, 23.06, 23.6, 23.32, 22.93, 23.57, 23.03]]}","{""smoke"": 0.317355, ""heat_grid"": 0.518944}",fire_smoke,1,1,1,2,0.118419,0.10738,2,fire,0.7009,[],[],,5,"alert,suppress,evacuate",CRITICAL,5,"alert,suppress,evacuate",True
"[""heat_grid"", ""smoke""]","{""smoke"": 588.7836, ""heat_grid"": [[23.2, 24.06, 23.02, 23.11, 24.0, 23.44, 24.18, 24.14], [24.01, 24.23, 24.36, 24.59, 28.47, 23.91, 24.27, 23.2], [23.3, 23.3, 23.91, 23.5, 24.1, 23.99, 24.08, 23.27], [24.3, 24.1, 23.03, 23.17, 23.37, 24.64, 23.42, 22.81], [23.05, 22.83, 23.58, 24.36, 23.67, 24.45, 22.86, 23.71], [24.34, 24.12, 24.48, 23.32, 23.77, 24.12, 23.11, 24.4], [23.39, 22.96, 24.3, 24.18, 24.54, 24.55, 23.33, 24.05], [24.77, 23.26, 23.72, 24.59, 22.98, 24.63, 23.75, 24.56]]}","{""smoke"": 0.058878, ""heat_grid"": 0.355886}",fire,1,0,2,1,0.070704,0.0097,2,fire,0.6767,[],[],,3,alert,MODERATE,3,alert,True
"[""heat_grid""]","{""smoke"": 40.4123, ""heat_grid"": [[21.44, 21.67, 21.38, 22.99, 28.18, 22.13, 23.12, 22.26], [21.95, 22.98, 21.57, 21.48, 22.19, 21.98, 22.72, 21.21], [22.36, 22.55, 23.07, 21.42, 21.62, 22.99, 22.38, 21.2], [21.28, 22.69, 22.26, 22.25, 22.88, 21.61, 21.44, 22.35], [22.89, 21.65, 22.49, 21.43, 21.47, 22.93, 21.36, 21.17], [22.67, 21.85, 21.92, 22.72, 21.48, 22.42, 21.75, 21.33], [22.5, 21.76, 22.86, 22.96, 22.82, 21.77, 21.6, 22.91], [22.03, 22.54, 22.78, 21.68, 21.36, 22.37, 22.3, 21.66]]}","{""smoke"": 0.004041, ""heat_grid"": 0.352291}",none,0,0,0,0,0.0,0.0,0,clear,0.51,[],[],,2,monitor,LOW,2,monitor,True
[],"{""smoke"": 48.874, ""heat_grid"": [[23.68, 22.17, 23.14, 22.31, 23.64, 23.1, 22.75, 22.45], [22.82, 23.86, 22.96, 22.89, 23.44, 22.7, 22.8, 22.62], [22.25, 23.37, 23.69, 23.76, 23.71, 22.85, 22.51, 23.22], [23.86, 23.4, 22.94, 23.32, 23.49, 23.78, 23.47, 22.81], [22.49, 22.95, 25.23, 23.83, 22.96, 22.89, 22.64, 23.23], [22.99, 22.2, 23.68, 22.66, 22.81, 22.36, 23.05, 23.35], [23.71, 22.05, 23.89, 23.35, 22.51, 22.36, 22.54, 23.7], [22.53, 22.87, 23.36, 23.69, 23.26, 23.45, 22.29, 23.7]]}","{""smoke"": 0.004887, ""heat_grid"": 0.315324}",none,0,0,0,0,0.0,0.0,0,clear,0.2757,[],[],,1,monitor,MINIMAL,1,monitor,True
"[""heat_grid""]","{""smoke"": 74.0046, ""heat_grid"": [[23.34, 21.72, 22.77, 23.09, 22.21, 23.37, 22.13, 23.33], [21.8, 21.97, 22.41, 23.36, 21.94, 23.4, 22.11, 22.55], [28.54, 21.88, 23.54, 22.52, 23.03, 22.8, 22.65, 22.88], [23.44, 23.05, 22.71, 22.94, 22.86, 22.51, 22.9, 22.53], [23.16, 23.58, 23.57, 23.29, 22.85, 23.15, 22.0, 22.61], [22.16, 21.65, 23.58, 23.37, 22.67, 22.16, 23.03, 22.52], [23.25, 23.65, 22.35, 22.14, 22.18, 21.83, 22.44, 21.68], [21.88, 22.19, 21.97, 23.11, 21.86, 23.38, 22.09, 21.86]]}","{""smoke"": 0.0074, ""heat_grid"": 0.356769}",fire,0,0,0,0,0.0,0.0,0,clear,0.454,[],[],,2,monitor,LOW,2,monitor,True
"[""heat_grid"", ""smoke""]","{""smoke"": 4728.2371, ""heat_grid"": [[22.35, 21.85, 22.9, 21.39, 21.62, 22.81, 21.98, 22.63], [23.27, 22.19, 22.33, 23.22, 22.76, 21.66, 22.88, 22.3], [22.84, 22.47, 21.72, 22.9, 21.27, 23.04, 22.91, 23.21], [21.34, 22.14, 21.61, 22.02, 21.99, 22.46, 22.14, 23.2], [21.82, 22.11, 22.67, 21.82, 22.72, 22.69, 22.69, 22.62], [22.9, 23.26, 21.38, 22.26, 22.89, 21.27, 22.36, 22.59], [21.65, 22.07, 22.85, 21.4, 21.54, 22.9, 22.89, 41.71], [22.1, 21.48, 22.89, 21.75, 23.09, 22.82, 21.43, 22.54]]}","{""smoke"": 0.472824, ""heat_grid"": 0.521355}",fire_smoke,1,1,1,3,0.093936,0.025635,3,fire,0.7081,[],[],,5,"alert,suppress,evacuate",CRITICAL,5,"alert,suppress,evacuate",True
"[""heat_grid"", ""smoke""]","{""smoke"": 1990.2269, ""heat_grid"": [[24.28, 23.41, 24.0, 23.54, 23.71, 24.31, 22.44, 24.24], [23.44, 23.65, 23.34, 22.96, 22.57, 24.33, 23.69, 24.19], [23.02, 23.0, 23.11, 22.9, 23.44, 24.31, 24.19, 23.43], [23.14, 23.66, 23.66, 23.81, 23.51, 22.49, 22.59, 24.39], [23.93, 24.34, 23.12, 23.51, 23.08, 24.26, 23.02, 23.83], [22.79, 22.65, 22.75, 23.5, 24.13, 24.44, 23.69, 23.51], [24.01, 22.57, 33.45, 23.96, 23.5, 22.49, 22.84, 23.18], [24.32, 23.72, 23.46, 23.42, 24.0, 23.09, 22.63, 23.79]]}","{""smoke"": 0.199023, ""heat_grid"": 0.418123}",fire_smoke,1,1,1,0,0.057292,0.0,1,fire,0.4456,[],[],,4,"alert,suppress",HIGH,4,"alert,suppress",True
"[""heat_grid"", ""smoke""]","{""smoke"": 528.5514, ""heat_grid"": [[22.33, 21.92, 22.77, 22.96, 22.18, 22.77, 23.09, 22.63], [21.9, 22.18, 21.71, 22.17, 21.75, 22.87, 22.47, 22.52], [21.47, 21.26, 22.83, 22.34, 23.12, 22.33, 21.68, 22.65], [22.66, 21.38, 22.64, 21.68, 21.76, 21.32, 22.51, 22.72], [21.71, 22.84, 22.78, 22.07, 21.39, 21.81, 21.58, 23.17], [22.89, 21.41, 22.28, 21.79, 21.32, 21.9, 21.51, 21.7], [21.91, 22.07, 33.67, 22.29, 21.99, 22.25, 22.09, 23.18], [21.39, 22.43, 21.64, 22.0, 22.35, 22.77, 23.21, 22.24]]}","{""smoke"": 0.052855, ""heat_grid"": 0.420885}",fire,0,1,0,2,0.0,0.026049,2,smoky,0.6047,[],[],,4,"alert,suppress",HIGH,4,"alert,suppress",True
"[""heat_grid""]","{""smoke"": 169.3963, ""heat_grid"": [[23.97, 23.97, 23.18, 23.5, 23.99, 22.57, 22.61, 23.22], [22.91, 23.21, 22.65, 23.65, 23.81, 24.05, 23.77, 23.26], [24.33, 23.92, 23.52, 22.88, 23.76, 23.65, 23.83, 24.03], [24.29, 24.36, 23.72, 24.4, 24.29, 22.47, 23.74, 22.82], [23.05, 23.06, 23.43, 22.49, 22.94, 27.18, 23.77, 24.24], [24.46, 23.36, 22.98, 24.17, 22.69, 24.41, 23.89, 23.47], [22.66, 22.5, 23.55, 23.29, 24.15, 23.75, 23.33, 22.92], [23.42, 22.79, 23.8, 23.68, 24.08, 23.36, 23.02, 24.14]]}","{""smoke"": 0.01694, ""heat_grid"": 0.33969}",fire,0,0,0,0,0.0,0.0,0,clear,0.6169,[],[],,2,monitor,LOW,2,monitor,True
"[""heat_grid"", ""smoke""]","{""smoke"": 3882.9227, ""heat_grid"": [[23.38, 22.03, 22.95, 22.82, 23.46, 41.77, 22.43, 22.6], [22.92, 22.38, 23.33, 22.63, 22.81, 23.08, 22.72, 23.37], [23.28, 23.48, 23.01, 22.7, 22.37, 22.84, 23.71, 22.2], [22.39, 23.29, 23.11, 23.8, 22.02, 23.72, 23.41, 23.51], [22.72, 22.58, 21.99, 23.54, 22.29, 22.42, 22.52, 23.7], [22.54, 22.81, 23.46, 23.75, 23.55, 23.03, 21.97, 22.28], [22.47, 22.79, 22.69, 22.99, 22.79, 23.41, 22.07, 23.95], [23.65, 22.63, 22.76, 23.89, 23.83, 22.75, 22.08, 23.94]]}","{""smoke"": 0.388292, ""heat_grid"": 0.522097}",fire_smoke,1,0,2,2,0.044816,0.103245,2,fire,0.6345,[],[],,5,"alert,suppress,evacuate",CRITICAL,5,"alert,suppress,evacuate",True
"[""heat_grid"", ""smoke""]","{""smoke"": 754.7699, ""heat_grid"": [[21.74, 23.13, 22.12, 22.38, 22.45, 21.56, 21.91, 21.97], [21.63, 21.63, 22.38, 21.38, 21.42, 31.3, 22.07, 22.39], [21.22, 22.58, 22.87, 22.21, 22.85, 21.97, 21.32, 21.92], [22.06, 22.9, 21.84, 21.8, 22.94, 21.67, 22.45, 21.82], [23.07, 21.55, 22.61, 22.27, 23.12, 23.15, 22.75, 21.37], [22.1, 22.88, 22.44, 22.92, 22.77, 21.79, 21.56, 21.81], [22.56, 22.13, 21.25, 22.65, 21.26, 21.99, 22.09, 22.17], [21.44, 22.66, 22.87, 22.56, 23.07, 21.68, 21.49, 21.3]]}","{""smoke"": 0.075477, ""heat_grid"": 0.391292}",fire,1,1,1,0,0.112891,0.0,1,fire,0.659,[],[],,4,"alert,suppress",HIGH,4,"alert,suppress",True
"[""heat_grid"", ""smoke""]","{""smoke"": 0, ""heat_grid"": [[24.0, 24.0, 24.0, 24.0, 24.0, 24.0, 24.0, 24.0], [24.0, 24.0, 24.0, 24.0, 24.0, 24.0, 24.0, 24.0], [24.0, 24.0, 24.0, 24.0, 24.0, 24.0, 24.0, 24.0], [24.0, 24.0, 24.0, 24.0, 24.0, 24.0, 24.0, 24.0], [24.0, 24.0, 24.0, 24.0, 24.0, 24.0, 24.0, 24.0], [24.0, 24.0, 24.0, 24.0, 24.0, 24.0, 24.0, 24.0], [24.0, 24.0, 24.0, 24.0, 24.0, 24.0, 24.0, 24.0], [24.0, 24.0, 24.0, 24.0, 24.0, 24.0, 24.0, 24.0]]}","{""smoke"": -1, ""heat_grid"": -1}",smoke,0,0,0,1,0.0,0.021068,1,smoky,0.8044,[],[],,3,alert,MODERATE,3,alert,True
"[""heat_grid""]","{""smoke"": 289.6738, ""heat_grid"": [[23.05, 22.99, 21.9, 21.8, 21.91, 22.05, 22.31, 23.61], [22.83, 23.39, 23.47, 28.73, 22.57, 23.52, 23.28, 23.28], [23.6, 22.99, 22.85, 23.57, 22.7, 23.42, 21.9, 21.79], [22.85, 21.94, 23.75, 21.8, 23.23, 22.28, 23.73, 22.56], [21.85, 21.85, 22.9, 23.77, 23.75, 22.47, 22.76, 21.99], [22.84, 22.99, 22.29, 23.02, 23.59, 21.79, 22.25, 22.21], [22.04, 22.12, 23.04, 22.0, 23.27, 23.57, 23.65, 23.11], [22.19, 21.96, 22.26, 23.72, 23.72, 22.56, 22.44, 22.81]]}","{""smoke"": 0.028967, ""heat_grid"": 0.359064}",none,0,0,0,0,0.0,0.0,0,clear,0.8878,[],[],,2,monitor,LOW,2,monitor,True
"[""heat_grid"", ""smoke""]","{""smoke"": 0, ""heat_grid"": [[24.0, 24.0, 24.0, 24.0, 24.0, 24.0, 24.0, 24.0], [24.0, 24.0, 24.0, 24.0, 24.0, 24.0, 24.0, 24.0], [24.0, 24.0, 24.0, 24.0, 24.0, 24.0, 24.0, 24.0], [24.0, 24.0, 24.0, 24.0, 24.0, 24.0, 24.0, 24.0], [24.0, 24.0, 24.0, 24.0, 24.0, 24.0, 24.0, 24.0], [24.0, 24.0, 24.0, 24.0, 24.0, 24.0, 24.0, 24.0], [24.0, 24.0, 24.0, 24.0, 24.0, 24.0, 24.0, 24.0], [24.0, 24.0, 24.0, 24.0, 24.0, 24.0, 24.0, 24.0]]}","{""smoke"": -1, ""heat_grid"": -1}",fire_smoke,1,0,2,1,0.102439,0.094105,2,fire,0.8817,[],[],,5,"alert,suppress,evacuate",CRITICAL,5,"alert,suppress,evacuate",True
"[""heat_grid"", ""smoke""]","{""smoke"": 636.8973, ""heat_grid"": [[22.65, 23.46, 23.01, 22.96, 24.16, 22.6, 23.93, 22.83], [22.33, 22.35, 23.13, 23.18, 22.91, 23.61, 23.24, 22.42], [22.96, 22.47, 22.39, 22.68, 23.67, 23.66, 23.99, 23.78], [23.34, 22.89, 22.28, 23.56, 22.85, 22.77, 24.22, 22.62], [22.33, 24.17, 22.88, 23.06, 22.43, 23.08, 24.21, 23.66], [23.22, 22.88, 23.0, 23.49, 22.78, 22.57, 23.66, 24.01], [24.07, 23.95, 23.33, 23.85, 24.12, 22.32, 30.37, 22.68], [24.26, 24.13, 23.87, 22.86, 24.17, 22.33, 22.64, 23.5]]}","{""smoke"": 0.06369, ""heat_grid"": 0.379599}",smoke,1,0,2,1,0.030543,0.032356,2,fire,0.5729,[],[],,3,alert,MODERATE,3,alert,True
"[""heat_grid"", ""smoke""]","{""smoke"": 3029.0257, ""heat_grid"": [[24.72, 24.69, 24.26, 23.43, 25.27, 23.31, 24.27, 24.01], [24.83, 24.75, 24.53, 23.42, 23.75, 23.46, 25.23, 23.53], [25.21, 23.5, 25.0, 24.42, 24.94, 24.54, 24.81, 24.74], [23.8, 25.15, 24.56, 23.68, 23.89, 24.34, 25.04, 24.87], [23.88, 24.65, 23.28, 23.94, 24.95, 23.58, 23.98, 23.28], [23.32, 23.57, 23.48, 24.25, 25.08, 23.44, 25.01, 24.61], [23.61, 23.85, 23.66, 24.85, 24.73, 23.88, 23.38, 23.61], [24.53, 23.46, 24.35, 24.5, 24.65, 23.53, 40.44, 24.2]]}","{""smoke"": 0.302903, ""heat_grid"": 0.505519}",fire_smoke,1,1,2,1,0.063985,0.019815,2,fire,0.7167,[],[],,5,"alert,suppress,evacuate",CRITICAL,5,"alert,suppress,evacuate",True
[],"{""smoke"": 6.7527, ""heat_grid"": [[22.89, 24.53, 24.45, 23.03, 23.3, 23.83, 24.09, 23.54], [22.97, 22.87, 24.66, 23.57, 24.4, 23.62, 24.5, 22.83], [22.89, 24.52, 24.55, 23.29, 23.37, 23.56, 23.49, 23.04], [24.45, 23.16, 24.07, 22.79, 25.66, 23.96, 23.34, 23.97], [22.85, 24.56, 24.15, 24.41, 22.93, 23.3, 23.39, 23.73], [23.25, 22.78, 23.4, 23.17, 23.43, 23.05, 23.18, 23.91], [23.43, 23.35, 23.73, 24.2, 23.42, 23.83, 24.59, 23.7], [24.48, 24.24, 22.77, 23.52, 24.05, 24.63, 23.57, 22.84]]}","{""smoke"": 0.000675, ""heat_grid"": 0.320795}",none,0,0,0,0,0.0,0.0,0,clear,0.2753,[],[],,1,monitor,MINIMAL,1,monitor,True
[],"{""smoke"": 36.8371, ""heat_grid"": [[23.06, 22.23, 23.0, 23.42, 23.23, 22.29, 23.48, 22.76], [22.17, 22.45, 23.13, 22.76, 23.53, 22.62, 23.68, 22.71], [23.38, 23.74, 22.91, 22.23, 23.21, 24.13, 24.08, 22.58], [23.65, 22.83, 22.46, 23.47, 23.14, 23.22, 23.79, 22.81], [23.47, 22.87, 22.22, 22.9, 24.04, 23.11, 22.36, 23.52], [24.07, 23.96, 23.28, 22.89, 23.3, 23.77, 23.86, 23.78], [23.05, 22.38, 23.28, 22.45, 22.26, 23.14, 23.45, 23.85], [23.71, 25.07, 23.66, 23.55, 22.16, 23.39, 22.38, 22.26]]}","{""smoke"": 0.003684, ""heat_grid"": 0.313371}",none,0,0,0,0,0.0,0.0,0,clear,0.4147,[],[],,1,monitor,MINIMAL,1,monitor,True
"[""heat_grid"", ""smoke""]","{""smoke"": 0, ""heat_grid"": [[24.0, 24.0, 24.0, 24.0, 24.0, 24.0, 24.0, 24.0], [24.0, 24.0, 24.0, 24.0, 24.0, 24.0, 24.0, 24.0], [24.0, 24.0, 24.0, 24.0, 24.0, 24.0, 24.0, 24.0], [24.0, 24.0, 24.0, 24.0, 24.0, 24.0, 24.0, 24.0], [24.0, 24.0, 24.0, 24.0, 24.0, 24.0, 24.0, 24.0], [24.0, 24.0, 24.0, 24.0, 24.0, 24.0, 24.0, 24.0], [24.0, 24.0, 24.0, 24.0, 24.0, 24.0, 24.0, 24.0], [24.0, 24.0, 24.0, 24.0, 24.0, 24.0, 24.0, 24.0]]}","{""smoke"": -1, ""heat_grid"": -1}",fire_smoke,1,1,1,0,0.137159,0.0,1,fire,0.3468,[],[],,5,"alert,suppress,evacuate",CRITICAL,5,"alert,suppress,evacuate",True
"[""heat_grid"", ""smoke""]","{""smoke"": 0, ""heat_grid"": [[24.0, 24.0, 24.0, 24.0, 24.0, 24.0, 24.0, 24.0], [24.0, 24.0, 24.0, 24.0, 24.0, 24.0, 24.0, 24.0], [24.0, 24.0, 24.0, 24.0, 24.0, 24.0, 24.0, 24.0], [24.0, 24.0, 24.0, 24.0, 24.0, 24.0, 24.0, 24.0], [24.0, 24.0, 24.0, 24.0, 24.0, 24.0, 24.0, 24.0], [24.0, 24.0, 24.0, 24.0, 24.0, 24.0, 24.0, 24.0], [24.0, 24.0, 24.0, 24.0, 24.0, 24.0, 24.0, 24.0], [24.0, 24.0, 24.0, 24.0, 24.0, 24.0, 24.0, 24.0]]}","{""smoke"": -1, ""heat_grid"": -1}",fire_smoke,0,1,0,2,0.0,0.02974,2,smoky,0.4314,[],[],,4,"alert,suppress",HIGH,4,"alert,suppress",True
[],"{""smoke"": 178.4983, ""heat_grid"": [[23.27, 22.44, 21.71, 21.73, 21.91, 22.08, 22.51, 23.01], [21.89, 23.5, 26.63, 22.71, 23.37, 23.18, 22.81, 22.95], [21.78, 21.53, 22.38, 21.69, 22.23, 21.96, 23.35, 23.28], [23.15, 22.94, 21.82, 21.61, 22.82, 22.8, 22.25, 22.46], [22.49, 22.0, 22.14, 22.35, 22.72, 23.43, 22.59, 22.98], [23.13, 21.74, 22.82, 22.48, 22.66, 21.59, 23.33, 23.42], [21.52, 21.94, 21.88, 23.08, 22.71, 21.87, 23.14, 22.22], [22.44, 22.29, 22.56, 22.48, 22.06, 22.36, 23.33, 22.52]]}","{""smoke"": 0.01785, ""heat_grid"": 0.332855}",none,1,0,1,0,0.035257,0.0,1,fire,0.7613,[],[],,2,monitor,LOW,2,monitor,True
"[""heat_grid"", ""smoke""]","{""smoke"": 5736.4289, ""heat_grid"": [[24.57, 25.44, 24.73, 24.15, 25.07, 24.44, 24.08, 24.42], [25.21, 24.93, 23.81, 25.14, 24.32, 23.63, 23.76, 23.59], [24.81, 23.98, 23.65, 24.19, 25.2, 24.72, 24.43, 24.93], [23.61, 25.23, 23.82, 23.5, 24.19, 23.58, 23.8, 24.94], [24.27, 23.48, 24.75, 24.88, 25.27, 23.77, 25.18, 24.88], [24.59, 23.99, 24.38, 38.56, 24.9, 24.87, 23.84, 23.97], [25.26, 24.4, 24.56, 25.38, 23.88, 24.72, 25.01, 24.1], [24.08, 25.26, 23.66, 23.78, 24.28, 25.06, 24.37, 24.0]]}","{""smoke"": 0.573643, ""heat_grid"": 0.481967}",fire_smoke,1,1,2,1,0.110419,0.10925,2,fire,0.4928,[],[],,5,"alert,suppress,evacuate",CRITICAL,5,"alert,suppress,evacuate",True
[],"{""smoke"": 50.7677, ""heat_grid"": [[23.8, 24.08, 24.26, 24.31, 22.65, 25.41, 23.0, 24.29], [23.87, 23.41, 22.95, 23.25, 23.98, 22.98, 22.76, 24.35], [24.1, 22.97, 23.16, 24.52, 23.99, 23.79, 23.19, 23.17], [22.65, 24.03, 22.66, 22.58, 24.03, 24.47, 24.09, 23.52], [23.54, 23.44, 23.22, 23.62, 23.43, 23.77, 24.37, 24.56], [22.73, 23.34, 22.93, 23.28, 23.15, 22.92, 24.1, 23.56], [24.41, 22.64, 22.71, 23.38, 22.73, 23.1, 24.54, 22.99], [22.97, 23.72, 23.57, 23.73, 23.33, 24.23, 22.85, 23.43]]}","{""smoke"": 0.005077, ""heat_grid"": 0.317576}",none,0,0,0,0,0.0,0.0,0,clear,0.4236,[],[],,1,monitor,MINIMAL,1,monitor,True
"[""heat_grid""]","{""smoke"": 284.9235, ""heat_grid"": [[22.42, 21.65, 23.19, 22.56, 22.25, 21.6, 22.25, 28.62], [22.85, 21.61, 21.76, 22.23, 21.65, 23.31, 22.75, 21.63], [23.02, 22.18, 21.93, 22.58, 21.47, 22.37, 23.13, 23.3], [22.13, 22.73, 21.9, 22.56, 21.95, 22.59, 21.79, 23.33], [23.22, 22.12, 23.0, 21.63, 22.92, 22.01, 21.71, 22.8], [22.38, 22.5, 22.48, 21.56, 21.55, 22.65, 22.69, 21.54], [22.2, 22.67, 22.76, 23.1, 22.29, 22.54, 22.6, 22.07], [21.55, 21.45, 23.12, 21.84, 22.7, 22.6, 22.24, 23.11]]}","{""smoke"": 0.028492, ""heat_grid"": 0.357776}",smoke,1,0,1,0,0.006251,0.0,1,fire,0.766,[],[],,2,monitor,LOW,2,monitor,True
[],"{""smoke"": 92.429, ""heat_grid"": [[24.36, 22.89, 22.55, 23.52, 23.05, 23.04, 22.41, 23.59], [22.92, 22.77, 22.47, 23.12, 24.15, 25.91, 23.75, 23.91], [23.05, 24.04, 23.78, 23.51, 22.4, 22.46, 24.38, 23.96], [24.27, 24.2, 22.43, 23.98, 23.3, 23.97, 22.41, 22.97], [23.9, 23.98, 23.63, 23.0, 23.01, 24.33, 23.27, 23.29], [23.5, 23.21, 23.5, 23.26, 24.05, 24.21, 24.26, 23.52], [23.28, 23.8, 24.07, 23.52, 23.79, 23.89, 23.75, 23.89], [22.81, 23.39, 23.57, 22.4, 24.11, 23.61, 22.65, 24.03]]}","{""smoke"": 0.009243, ""heat_grid"": 0.323924}",none,0,0,0,0,0.0,0.0,0,clear,0.4017,[],[],,1,monitor,MINIMAL,1,monitor,True
"[""heat_grid"", ""smoke""]","{""smoke"": 0, ""heat_grid"": [[24.0, 24.0, 24.0, 24.0, 24.0, 24.0, 24.0, 24.0], [24.0, 24.0, 24.0, 24.0, 24.0, 24.0, 24.0, 24.0], [24.0, 24.0, 24.0, 24.0, 24.0, 24.0, 24.0, 24.0], [24.0, 24.0, 24.0, 24.0, 24.0, 24.0, 24.0, 24.0], [24.0, 24.0, 24.0, 24.0, 24.0, 24.0, 24.0, 24.0], [24.0, 24.0, 24.0, 24.0, 24.0, 24.0, 24.0, 24.0], [24.0, 24.0, 24.0, 24.0, 24.0, 24.0, 24.0, 24.0], [24.0, 24.0, 24.0, 24.0, 24.0, 24.0, 24.0, 24.0]]}","{""smoke"": -1, ""heat_grid"": -1}",fire,1,0,2,0,0.065206,0.0,2,fire,0.351,[],[],,3,alert,MODERATE,3,alert,True
[],"{""smoke"": 84.4414, ""heat_grid"": [[22.14, 23.05, 23.08, 21.53, 24.25, 21.62, 22.68, 23.14], [22.22, 21.48, 22.47, 22.13, 22.93, 21.99, 23.06, 21.86], [21.63, 21.92, 21.38, 21.87, 22.63, 21.6, 21.53, 21.58], [21.47, 23.06, 23.2, 21.4, 22.83, 22.79, 23.3, 22.01], [21.88, 22.22, 23.02, 22.77, 22.25, 21.8, 22.77, 23.02], [22.11, 22.65, 22.11, 22.27, 22.36, 22.86, 23.27, 22.2], [22.0, 22.06, 21.58, 21.9, 21.48, 22.17, 21.65, 22.0], [22.9, 21.8, 22.53, 23.11, 22.44, 21.7, 22.0, 22.49]]}","{""smoke"": 0.008444, ""heat_grid"": 0.303185}",none,0,0,0,0,0.0,0.0,0,clear,0.2797,[],[],,1,monitor,MINIMAL,1,monitor,True
"[""heat_grid"", ""smoke""]","{""smoke"": 309.4083, ""heat_grid"": [[22.48, 23.07, 22.76, 23.57, 23.97, 23.05, 22.9, 22.68], [23.94, 22.96, 22.35, 23.93, 23.91, 22.86, 22.69, 23.35], [23.65, 22.99, 22.65, 22.6, 22.65, 22.23, 23.55, 22.2], [22.79, 23.66, 22.8, 22.58, 23.89, 22.25, 23.76, 22.12], [22.82, 23.26, 22.73, 23.06, 22.4, 23.13, 22.26, 23.59], [23.16, 22.96, 22.1, 22.99, 23.12, 22.52, 23.35, 22.15], [22.41, 23.47, 28.75, 22.48, 23.29, 23.45, 22.1, 22.25], [22.89, 23.18, 22.9, 23.29, 23.5, 23.89, 22.69, 22.32]]}","{""smoke"": 0.030941, ""heat_grid"": 0.359401}",smoke,1,0,2,0,0.038511,0.0,2,fire,0.8235,[],[],,3,alert,MODERATE,3,alert,True
"[""heat_grid""]","{""smoke"": 0, ""heat_grid"": [[24.0, 24.0, 24.0, 24.0, 24.0, 24.0, 24.0, 24.0], [24.0, 24.0, 24.0, 24.0, 24.0, 24.0, 24.0, 24.0], [24.0, 24.0, 24.0, 24.0, 24.0, 24.0, 24.0, 24.0], [24.0, 24.0, 24.0, 24.0, 24.0, 24.0, 24.0, 24.0], [24.0, 24.0, 24.0, 24.0, 24.0, 24.0, 24.0, 24.0], [24.0, 24.0, 24.0, 24.0, 24.0, 24.0, 24.0, 24.0], [24.0, 24.0, 24.0, 24.0, 24.0, 24.0, 24.0, 24.0], [24.0, 24.0, 24.0, 24.0, 24.0, 24.0, 24.0, 24.0]]}","{""smoke"": -1, ""heat_grid"": -1}",fire,1,0,1,0,0.009889,0.0,1,fire,0.7394,[],[],,2,monitor,LOW,2,monitor,True
"[""heat_grid"", ""smoke""]","{""smoke"": 490.7625, ""heat_grid"": [[23.63, 22.14, 23.5, 22.53, 21.68, 22.77, 22.94, 23.42], [22.76, 21.87, 23.53, 22.81, 22.22, 23.48, 21.92, 21.88], [22.75, 22.93, 22.7, 23.54, 22.21, 23.66, 21.72, 21.92], [22.05, 21.84, 22.56, 23.41, 23.32, 23.17, 21.7, 23.41], [22.47, 28.56, 23.14, 22.04, 22.71, 23.53, 22.21, 23.11], [23.6, 22.4, 22.46, 22.59, 23.3, 22.56, 22.65, 22.13], [23.66, 23.47, 22.88, 23.6, 23.06, 23.6, 22.0, 22.13], [23.45, 22.52, 22.42, 23.19, 22.94, 22.37, 22.48, 22.5]]}","{""smoke"": 0.049076, ""heat_grid"": 0.357036}",fire,1,0,2,0,0.05069,0.0,2,fire,0.7691,[],[],,3,alert,MODERATE,3,alert,True
[],"{""smoke"": 237.787, ""heat_grid"": [[22.23, 22.12, 22.45, 23.0, 22.32, 22.58, 22.85, 22.74], [22.15, 21.97, 21.97, 22.6, 23.33, 22.16, 23.47, 23.33], [21.9, 21.95, 22.29, 22.01, 22.96, 21.98, 23.5, 22.88], [23.35, 23.4, 22.91, 23.75, 23.88, 22.61, 22.15, 22.62], [22.34, 22.96, 22.65, 22.86, 23.42, 22.44, 26.48, 22.57], [23.47, 23.18, 21.91, 23.22, 22.24, 23.35, 23.03, 22.7], [23.28, 23.61, 23.45, 22.99, 23.34, 22.72, 23.47, 23.55], [22.17, 22.37, 22.44, 22.23, 22.68, 22.28, 23.09, 22.1]]}","{""smoke"": 0.023779, ""heat_grid"": 0.33106}",smoke,0,0,0,0,0.0,0.0,0,clear,0.6993,[],[],,2,monitor,LOW,2,monitor,True
[],"{""smoke"": 45.8561, ""heat_grid"": [[22.72, 24.32, 23.03, 23.59, 23.83, 23.73, 24.31, 22.73], [23.45, 23.24, 23.38, 22.67, 22.7, 22.99, 23.04, 23.29], [23.65, 23.7, 23.25, 23.25, 22.87, 23.61, 23.07, 22.5], [23.27, 23.38, 22.88, 23.58, 23.56, 23.84, 23.73, 23.74], [23.06, 24.01, 26.32, 23.29, 23.68, 23.15, 23.46, 23.9], [24.2, 24.27, 23.44, 23.47, 24.03, 23.06, 24.11, 23.42], [22.66, 22.58, 24.12, 22.54, 22.99, 23.1, 22.78, 23.06], [23.92, 22.46, 24.09, 24.14, 23.18, 22.74, 23.63, 22.67]]}","{""smoke"": 0.004586, ""heat_grid"": 0.329001}",none,0,0,0,0,0.0,0.0,0,clear,0.4417,[],[],,1,monitor,MINIMAL,1,monitor,True
[],"{""smoke"": 0, ""heat_grid"": [[24.0, 24.0, 24.0, 24.0, 24.0, 24.0, 24.0, 24.0], [24.0, 24.0, 24.0, 24.0, 24.0, 24.0, 24.0, 24.0], [24.0, 24.0, 24.0, 24.0, 24.0, 24.0, 24.0, 24.0], [24.0, 24.0, 24.0, 24.0, 24.0, 24.0, 24.0, 24.0], [24.0, 24.0, 24.0, 24.0, 24.0, 24.0, 24.0, 24.0], [24.0, 24.0, 24.0, 24.0, 24.0, 24.0, 24.0, 24.0], [24.0, 24.0, 24.0, 24.0, 24.0, 24.0, 24.0, 24.0], [24.0, 24.0, 24.0, 24.0, 24.0, 24.0, 24.0, 24.0]]}","{""smoke"": -1, ""heat_grid"": -1}",none,0,0,0,0,0.0,0.0,0,clear,0.268,[],[],,1,monitor,MINIMAL,1,monitor,True
[],"{""smoke"": 0, ""heat_grid"": [[24.0, 24.0, 24.0, 24.0, 24.0, 24.0, 24.0, 24.0], [24.0, 24.0, 24.0, 24.0, 24.0, 24.0, 24.0, 24.0], [24.0, 24.0, 24.0, 24.0, 24.0, 24.0, 24.0, 24.0], [24.0, 24.0, 24.0, 24.0, 24.0, 24.0, 24.0, 24.0], [24.0, 24.0, 24.0, 24.0, 24.0, 24.0, 24.0, 24.0], [24.0, 24.0, 24.0, 24.0, 24.0, 24.0, 24.0, 24.0], [24.0, 24.0, 24.0, 24.0, 24.0, 24.0, 24.0, 24.0], [24.0, 24.0, 24.0, 24.0, 24.0, 24.0, 24.0, 24.0]]}","{""smoke"": -1, ""heat_grid"": -1}",none,0,0,0,0,0.0,0.0,0,clear,0.3117,[],[],,1,monitor,MINIMAL,1,monitor,True
"[""heat_grid""]","{""smoke"": 104.1058, ""heat_grid"": [[27.62, 23.07, 22.99, 21.92, 22.34, 22.67, 23.04, 22.8], [23.3, 22.3, 23.18, 23.41, 23.31, 23.32, 23.55, 21.94], [23.17, 23.71, 22.92, 22.21, 23.77, 22.13, 22.45, 22.12], [22.71, 22.61, 22.76, 23.63, 22.73, 22.81, 23.55, 23.41], [22.26, 21.8, 23.04, 23.47, 22.88, 22.2, 23.26, 23.12], [22.91, 23.5, 23.34, 23.11, 23.11, 23.1, 22.83, 22.7], [23.2, 23.0, 22.76, 22.03, 23.18, 23.07, 22.46, 22.49], [22.27, 23.7, 23.5, 22.9, 22.58, 23.25, 22.83, 23.73]]}","{""smoke"": 0.010411, ""heat_grid"": 0.34521}",fire,0,0,0,0,0.0,0.0,0,clear,0.6412,[],[],,2,monitor,LOW,2,monitor,True
[],"{""smoke"": 0, ""heat_grid"": [[24.0, 24.0, 24.0, 24.0, 24.0, 24.0, 24.0, 24.0], [24.0, 24.0, 24.0, 24.0, 24.0, 24.0, 24.0, 24.0], [24.0, 24.0, 24.0, 24.0, 24.0, 24.0, 24.0, 24.0], [24.0, 24.0, 24.0, 24.0, 24.0, 24.0, 24.0, 24.0], [24.0, 24.0, 24.0, 24.0, 24.0, 24.0, 24.0, 24.0], [24.0, 24.0, 24.0, 24.0, 24.0, 24.0, 24.0, 24.0], [24.0, 24.0, 24.0, 24.0, 24.0, 24.0, 24.0, 24.0], [24.0, 24.0, 24.0, 24.0, 24.0, 24.0, 24.0, 24.0]]}","{""smoke"": -1, ""heat_grid"": -1}",fire,1,0,1,0,0.054375,0.0,1,fire,0.4668,[],[],,2,monitor,LOW,2,monitor,True
"[""heat_grid""]","{""smoke"": 163.1031, ""heat_grid"": [[22.94, 23.65, 23.34, 24.43, 28.41, 22.97, 23.81, 23.85], [23.7, 22.82, 23.88, 24.17, 23.26, 23.6, 22.8, 24.43], [22.79, 22.99, 23.17, 24.22, 23.97, 22.59, 22.94, 24.07], [23.38, 22.62, 24.5, 22.87, 23.59, 23.07, 24.05, 24.13], [23.37, 23.89, 24.39, 24.2, 23.4, 23.45, 24.35, 22.64], [22.62, 22.98, 24.23, 22.88, 23.14, 23.83, 22.94, 23.18], [23.51, 23.03, 24.56, 22.9, 24.27, 23.51, 22.83, 22.81], [23.57, 23.28, 23.04, 24.49, 23.5, 24.43, 22.9, 22.94]]}","{""smoke"": 0.01631, ""heat_grid"": 0.355072}",smoke,0,0,0,0,0.0,0.0,0,clear,0.411,[],[],,2,monitor,LOW,2,monitor,True
"[""heat_grid"", ""smoke""]","{""smoke"": 1802.7524, ""heat_grid"": [[22.17, 21.04, 21.24, 23.0, 21.94, 21.08, 22.72, 22.86], [22.12, 22.43, 22.58, 22.49, 22.01, 22.69, 22.08, 21.54], [21.03, 21.74, 21.19, 21.15, 21.96, 22.91, 21.23, 21.57], [22.68, 21.83, 22.54, 22.11, 22.23, 30.87, 21.73, 22.27], [21.08, 21.4, 21.8, 22.37, 22.04, 22.46, 22.48, 21.08], [22.83, 22.67, 21.56, 21.99, 21.64, 22.84, 21.79, 21.81], [22.85, 22.22, 21.3, 22.27, 22.61, 21.7, 22.08, 22.28], [22.04, 23.02, 22.04, 22.31, 22.61, 21.3, 21.11, 22.97]]}","{""smoke"": 0.180275, ""heat_grid"": 0.385901}",fire,1,0,2,1,0.007032,0.020808,2,fire,0.3058,[],[],,4,"alert,suppress",HIGH,4,"alert,suppress",True
"[""heat_grid"", ""smoke""]","{""smoke"": 4951.264, ""heat_grid"": [[22.35, 22.26, 22.26, 21.6, 21.23, 21.42, 21.47, 21.38], [21.53, 21.17, 21.58, 23.03, 22.06, 21.73, 22.48, 21.98], [21.1, 22.13, 21.64, 22.18, 21.38, 22.0, 21.42, 21.63], [22.41, 21.49, 21.87, 21.18, 22.41, 22.11, 22.66, 22.11], [23.03, 21.52, 22.52, 21.9, 21.79, 22.5, 22.95, 22.55], [21.7, 22.06, 21.47, 22.28, 41.13, 21.49, 21.08, 22.89], [21.19, 21.7, 21.42, 22.03, 21.43, 22.51, 21.49, 21.41], [21.47, 21.63, 22.32, 21.46, 22.43, 21.9, 21.43, 21.52]]}","{""smoke"": 0.495126, ""heat_grid"": 0.514167}",fire_smoke,1,0,1,1,0.07949,0.10251,1,fire,0.3275,[],[],,5,"alert,suppress,evacuate",CRITICAL,5,"alert,suppress,evacuate",True
"[""heat_grid""]","{""smoke"": 298.2028, ""heat_grid"": [[23.98, 22.87, 23.41, 24.2, 22.96, 23.18, 24.07, 22.96], [23.06, 22.9, 23.92, 24.16, 23.56, 23.54, 23.08, 22.32], [22.64, 22.59, 22.53, 23.6, 22.57, 22.47, 23.06, 22.79], [22.59, 22.59, 22.81, 23.37, 23.81, 24.0, 23.8, 23.55], [24.11, 23.34, 23.56, 23.12, 22.95, 22.96, 22.59, 23.89], [22.41, 23.65, 24.03, 23.29, 22.44, 23.15, 27.52, 24.27], [23.68, 23.74, 23.33, 23.72, 23.74, 22.43, 22.74, 22.32], [23.32, 24.05, 23.52, 23.3, 24.15, 22.64, 22.45, 24.13]]}","{""smoke"": 0.02982, ""heat_grid"": 0.343989}",fire,1,0,1,0,0.042563,0.0,1,fire,0.4476,[],[],,2,monitor,LOW,2,monitor,True
"[""heat_grid"", ""smoke""]","{""smoke"": 3208.5091, ""heat_grid"": [[23.61, 23.55, 23.52, 23.65, 23.38, 23.2, 23.32, 23.64], [23.45, 23.85, 23.95, 24.68, 23.91, 24.15, 22.88, 24.2], [23.7, 24.42, 24.62, 23.14, 36.75, 24.03, 24.16, 23.63], [23.39, 24.28, 22.73, 23.76, 22.83, 23.19, 24.13, 24.19], [24.46, 24.11, 24.03, 24.57, 23.76, 23.99, 24.42, 24.21], [24.22, 23.76, 23.74, 23.98, 24.08, 23.78, 23.05, 23.18], [23.67, 23.09, 23.53, 22.98, 22.98, 24.37, 23.77, 24.24], [22.71, 23.25, 22.72, 22.69, 22.75, 23.73, 22.86, 24.28]]}","{""smoke"": 0.320851, ""heat_grid"": 0.459314}",fire_smoke,1,0,1,0,0.126605,0.0,1,fire,0.6058,[],[],,5,"alert,suppress,evacuate",CRITICAL,5,"alert,suppress,evacuate",True
[],"{""smoke"": 0, ""heat_grid"": [[24.0, 24.0, 24.0, 24.0, 24.0, 24.0, 24.0, 24.0], [24.0, 24.0, 24.0, 24.0, 24.0, 24.0, 24.0, 24.0], [24.0, 24.0, 24.0, 24.0, 24.0, 24.0, 24.0, 24.0], [24.0, 24.0, 24.0, 24.0, 24.0, 24.0, 24.0, 24.0], [24.0, 24.0, 24.0, 24.0, 24.0, 24.0, 24.0, 24.0], [24.0, 24.0, 24.0, 24.0, 24.0, 24.0, 24.0, 24.0], [24.0, 24.0, 24.0, 24.0, 24.0, 24.0, 24.0, 24.0], [24.0, 24.0, 24.0, 24.0, 24.0, 24.0, 24.0, 24.0]]}","{""smoke"": -1, ""heat_grid"": -1}",none,0,0,0,0,0.0,0.0,0,clear,0.4331,[],[],,1,monitor,MINIMAL,1,monitor,True
[],"{""smoke"": 0, ""heat_grid"": [[24.0, 24.0, 24.0, 24.0, 24.0, 24.0, 24.0, 24.0], [24.0, 24.0, 24.0, 24.0, 24.0, 24.0, 24.0, 24.0], [24.0, 24.0, 24.0, 24.0, 24.0, 24.0, 24.0, 24.0], [24.0, 24.0, 24.0, 24.0, 24.0, 24.0, 24.0, 24.0], [24.0, 24.0, 24.0, 24.0, 24.0, 24.0, 24.0, 24.0], [24.0, 24.0, 24.0, 24.0, 24.0, 24.0, 24.0, 24.0], [24.0, 24.0, 24.0, 24.0, 24.0, 24.0, 24.0, 24.0], [24.0, 24.0, 24.0, 24.0, 24.0, 24.0, 24.0, 24.0]]}","{""smoke"": -1, ""heat_grid"": -1}",none,0,0,0,0,0.0,0.0,0,clear,0.4491,[],[],,1,monitor,MINIMAL,1,monitor,True
"[""heat_grid"", ""smoke""]","{""smoke"": 0, ""heat_grid"": [[24.0, 24.0, 24.0, 24.0, 24.0, 24.0, 24.0, 24.0], [24.0, 24.0, 24.0, 24.0, 24.0, 24.0, 24.0, 24.0], [24.0, 24.0, 24.0, 24.0, 24.0, 24.0, 24.0, 24.0], [24.0, 24.0, 24.0, 24.0, 24.0, 24.0, 24.0, 24.0], [24.0, 24.0, 24.0, 24.0, 24.0, 24.0, 24.0, 24.0], [24.0, 24.0, 24.0, 24.0, 24.0, 24.0, 24.0, 24.0], [24.0, 24.0, 24.0, 24.0, 24.0, 24.0, 24.0, 24.0], [24.0, 24.0, 24.0, 24.0, 24.0, 24.0, 24.0, 24.0]]}","{""smoke"": -1, ""heat_grid"": -1}",fire,0,0,0,0,0.0,0.0,0,hazy,0.4046,[],[],,3,alert,MODERATE,3,alert,True
"[""heat_grid"", ""smoke""]","{""smoke"": 0, ""heat_grid"": [[24.0, 24.0, 24.0, 24.0, 24.0, 24.0, 24.0, 24.0], [24.0, 24.0, 24.0, 24.0, 24.0, 24.0, 24.0, 24.0], [24.0, 24.0, 24.0, 24.0, 24.0, 24.0, 24.0, 24.0], [24.0, 24.0, 24.0, 24.0, 24.0, 24.0, 24.0, 24.0], [24.0, 24.0, 24.0, 24.0, 24.0, 24.0, 24.0, 24.0], [24.0, 24.0, 24.0, 24.0, 24.0, 24.0, 24.0, 24.0], [24.0, 24.0, 24.0, 24.0, 24.0, 24.0, 24.0, 24.0], [24.0, 24.0, 24.0, 24.0, 24.0, 24.0, 24.0, 24.0]]}","{""smoke"": -1, ""heat_grid"": -1}",fire_smoke,1,0,2,0,0.054968,0.0,2,fire,0.4116,[],[],,5,"alert,suppress,evacuate",CRITICAL,5,"alert,suppress,evacuate",True
"[""heat_grid"", ""smoke""]","{""smoke"": 744.9584, ""heat_grid"": [[22.2, 22.11, 23.04, 23.14, 21.95, 23.42, 23.35, 23.04], [22.65, 22.09, 22.79, 22.1, 22.99, 22.4, 22.27, 22.66], [22.94, 22.51, 23.71, 21.79, 30.76, 21.78, 22.21, 23.77], [23.24, 23.07, 23.23, 22.6, 23.35, 22.09, 23.37, 23.66], [23.49, 23.26, 23.08, 22.82, 22.57, 23.51, 23.07, 22.65], [23.35, 21.89, 23.41, 23.4, 22.24, 21.85, 23.21, 22.18], [23.77, 21.8, 22.24, 21.86, 23.34, 22.94, 23.48, 23.7], [23.0, 22.24, 21.96, 23.51, 22.27, 23.57, 23.54, 23.03]]}","{""smoke"": 0.074496, ""heat_grid"": 0.384513}",fire,1,0,1,1,0.069261,0.05283,1,fire,0.5614,[],[],,3,alert,MODERATE,3,alert,True
"[""heat_grid"", ""smoke""]","{""smoke"": 5693.6722, ""heat_grid"": [[22.59, 23.15, 22.53, 23.59, 23.63, 24.35, 23.73, 22.46], [24.12, 23.11, 23.88, 22.98, 23.97, 24.3, 22.61, 23.54], [23.53, 23.02, 23.13, 23.8, 39.91, 22.51, 23.99, 23.7], [22.95, 24.37, 24.25, 24.38, 23.47, 22.92, 22.8, 24.35], [24.23, 23.93, 23.47, 23.22, 23.86, 22.47, 23.5, 23.81], [23.96, 23.35, 23.94, 22.64, 22.92, 22.74, 23.13, 23.14], [23.2, 23.38, 23.32, 23.43, 23.95, 22.73, 23.15, 22.45], [22.51, 23.66, 24.2, 23.06, 23.25, 22.87, 22.74, 24.22]]}","{""smoke"": 0.569367, ""heat_grid"": 0.498834}",fire_smoke,1,1,2,2,0.132874,0.075607,2,fire,0.4082,[],[],,5,"alert,suppress,evacuate",CRITICAL,5,"alert,suppress,evacuate",True
"[""heat_grid""]","{""smoke"": 281.9639, ""heat_grid"": [[23.84, 23.64, 24.66, 23.53, 23.84, 24.73, 24.8, 24.5], [24.25, 24.64, 27.86, 25.09, 25.07, 24.81, 25.27, 25.16], [23.75, 25.4, 25.27, 24.13, 23.52, 24.69, 24.36, 24.98], [24.53, 23.64, 23.97, 25.25, 23.56, 24.96, 24.07, 24.39], [24.55, 23.98, 24.79, 24.87, 23.65, 24.23, 24.97, 24.93], [24.57, 25.04, 23.7, 23.72, 24.8, 24.87, 25.11, 23.85], [24.52, 24.8, 23.93, 24.52, 24.76, 23.91, 24.23, 23.92], [25.29, 23.96, 23.73, 23.55, 23.57, 23.87, 24.7, 23.52]]}","{""smoke"": 0.028196, ""heat_grid"": 0.348215}",none,1,0,1,0,0.027201,0.0,1,fire,0.3291,[],[],,2,monitor,LOW,2,monitor,True
"[""heat_grid"", ""smoke""]","{""smoke"": 511.1085, ""heat_grid"": [[22.9, 23.35, 22.93, 23.47, 23.55, 23.95, 23.34, 23.98], [22.55, 24.25, 22.78, 24.08, 23.4, 22.62, 23.13, 24.24], [24.08, 23.85, 23.17, 23.58, 22.87, 23.7, 22.93, 24.06], [23.82, 23.18, 23.73, 23.06, 22.72, 22.88, 22.95, 22.86], [23.76, 23.89, 23.32, 24.38, 24.19, 22.58, 34.14, 24.22], [22.85, 23.16, 24.3, 23.96, 24.07, 24.17, 22.75, 23.81], [24.01, 22.86, 22.49, 22.76, 23.89, 23.8, 24.19, 23.04], [23.65, 22.46, 24.28, 23.52, 23.9, 22.97, 22.57, 22.53]]}","{""smoke"": 0.051111, ""heat_grid"": 0.426788}",fire,0,0,0,0,0.0,0.0,0,hazy,0.7944,[],[],,4,"alert,suppress",HIGH,4,"alert,suppress",True
"[""heat_grid"", ""smoke""]","{""smoke"": 0, ""heat_grid"": [[24.0, 24.0, 24.0, 24.0, 24.0, 24.0, 24.0, 24.0], [24.0, 24.0, 24.0, 24.0, 24.0, 24.0, 24.0, 24.0], [24.0, 24.0, 24.0, 24.0, 24.0, 24.0, 24.0, 24.0], [24.0, 24.0, 24.0, 24.0, 24.0, 24.0, 24.0, 24.0], [24.0, 24.0, 24.0, 24.0, 24.0, 24.0, 24.0, 24.0], [24.0, 24.0, 24.0, 24.0, 24.0, 24.0, 24.0, 24.0], [24.0, 24.0, 24.0, 24.0, 24.0, 24.0, 24.0, 24.0], [24.0, 24.0, 24.0, 24.0, 24.0, 24.0, 24.0, 24.0]]}","{""smoke"": -1, ""heat_grid"": -1}",fire_smoke,1,1,1,3,0.121241,0.054591,3,fire,0.4256,[],[],,5,"alert,suppress,evacuate",CRITICAL,5,"alert,suppress,evacuate",True
[],"{""smoke"": 32.3901, ""heat_grid"": [[22.45, 22.29, 24.08, 22.72, 23.2, 22.37, 23.03, 24.05], [23.19, 24.13, 22.7, 23.2, 23.91, 23.08, 22.75, 23.9], [22.97, 23.25, 25.77, 22.56, 22.79, 22.25, 22.97, 22.59], [23.55, 22.55, 23.54, 22.71, 22.9, 22.88, 23.62, 23.12], [22.91, 23.89, 23.33, 22.61, 23.99, 22.87, 22.27, 23.18], [22.44, 22.66, 23.68, 22.45, 23.8, 24.06, 23.4, 23.61], [23.61, 24.17, 22.87, 22.51, 23.23, 23.25, 22.54, 23.41], [22.22, 24.04, 22.72, 22.27, 22.4, 22.67, 22.74, 22.25]]}","{""smoke"": 0.003239, ""heat_grid"": 0.322133}",none,0,0,0,0,0.0,0.0,0,clear,0.2886,[],[],,1,monitor,MINIMAL,1,monitor,True
"[""heat_grid"", ""smoke""]","{""smoke"": 4453.2746, ""heat_grid"": [[23.81, 23.56, 25.05, 24.62, 25.14, 24.19, 25.12, 23.44], [24.37, 24.19, 23.2, 23.58, 23.5, 23.31, 25.09, 25.12], [24.98, 25.17, 24.85, 25.06, 23.59, 23.71, 24.92, 24.15], [24.63, 24.32, 23.8, 23.76, 24.69, 24.26, 23.91, 24.43], [24.03, 24.14, 24.55, 24.11, 25.09, 24.16, 25.12, 24.89], [24.98, 24.72, 24.4, 24.26, 24.3, 23.6, 23.62, 23.26], [24.68, 23.44, 24.36, 23.47, 23.33, 24.26, 24.94, 23.91], [25.03, 23.21, 24.12, 23.49, 23.82, 41.28, 23.26, 24.62]]}","{""smoke"": 0.445327, ""heat_grid"": 0.516034}",fire_smoke,1,0,2,0,0.135667,0.0,2,fire,0.7128,[],[],,5,"alert,suppress,evacuate",CRITICAL,5,"alert,suppress,evacuate",True
"[""heat_grid"", ""smoke""]","{""smoke"": 0, ""heat_grid"": [[24.0, 24.0, 24.0, 24.0, 24.0, 24.0, 24.0, 24.0], [24.0, 24.0, 24.0, 24.0, 24.0, 24.0, 24.0, 24.0], [24.0, 24.0, 24.0, 24.0, 24.0, 24.0, 24.0, 24.0], [24.0, 24.0, 24.0, 24.0, 24.0, 24.0, 24.0, 24.0], [24.0, 24.0, 24.0, 24.0, 24.0, 24.0, 24.0, 24.0], [24.0, 24.0, 24.0, 24.0, 24.0, 24.0, 24.0, 24.0], [24.0, 24.0, 24.0, 24.0, 24.0, 24.0, 24.0, 24.0], [24.0, 24.0, 24.0, 24.0, 24.0, 24.0, 24.0, 24.0]]}","{""smoke"": -1, ""heat_grid"": -1}",fire_smoke,0,1,0,3,0.0,0.091755,3,smoky,0.4839,[],[],,5,"alert,suppress,evacuate",CRITICAL,5,"alert,suppress,evacuate",True
"[""heat_grid""]","{""smoke"": 0, ""heat_grid"": [[24.0, 24.0, 24.0, 24.0, 24.0, 24.0, 24.0, 24.0], [24.0, 24.0, 24.0, 24.0, 24.0, 24.0, 24.0, 24.0], [24.0, 24.0, 24.0, 24.0, 24.0, 24.0, 24.0, 24.0], [24.0, 24.0, 24.0, 24.0, 24.0, 24.0, 24.0, 24.0], [24.0, 24.0, 24.0, 24.0, 24.0, 24.0, 24.0, 24.0], [24.0, 24.0, 24.0, 24.0, 24.0, 24.0, 24.0, 24.0], [24.0, 24.0, 24.0, 24.0, 24.0, 24.0, 24.0, 24.0], [24.0, 24.0, 24.0, 24.0, 24.0, 24.0, 24.0, 24.0]]}","{""smoke"": -1, ""heat_grid"": -1}",fire,1,0,1,0,0.057876,0.0,1,fire,0.8589,[],[],,2,monitor,LOW,2,monitor,True
"[""heat_grid"", ""smoke""]","{""smoke"": 0, ""heat_grid"": [[24.0, 24.0, 24.0, 24.0, 24.0, 24.0, 24.0, 24.0], [24.0, 24.0, 24.0, 24.0, 24.0, 24.0, 24.0, 24.0], [24.0, 24.0, 24.0, 24.0, 24.0, 24.0, 24.0, 24.0], [24.0, 24.0, 24.0, 24.0, 24.0, 24.0, 24.0, 24.0], [24.0, 24.0, 24.0, 24.0, 24.0, 24.0, 24.0, 24.0], [24.0, 24.0, 24.0, 24.0, 24.0, 24.0, 24.0, 24.0], [24.0, 24.0, 24.0, 24.0, 24.0, 24.0, 24.0, 24.0], [24.0, 24.0, 24.0, 24.0, 24.0, 24.0, 24.0, 24.0]]}","{""smoke"": -1, ""heat_grid"": -1}",fire,0,0,0,0,0.0,0.0,0,hazy,0.5804,[],[],,4,"alert,suppress",HIGH,4,"alert,suppress",True
"[""heat_grid""]","{""smoke"": 216.6621, ""heat_grid"": [[23.96, 23.34, 22.61, 23.36, 23.97, 22.19, 23.7, 22.5], [22.38, 23.87, 22.07, 23.55, 22.24, 23.31, 23.31, 23.8], [23.72, 23.44, 22.83, 22.4, 23.34, 23.06, 22.23, 23.98], [22.7, 22.07, 23.87, 23.22, 29.82, 22.38, 22.88, 23.36], [22.57, 23.47, 22.54, 22.49, 22.09, 22.63, 22.56, 23.6], [23.21, 22.43, 23.21, 22.52, 22.92, 23.85, 23.51, 23.37], [22.63, 22.32, 23.58, 23.21, 23.32, 24.02, 22.77, 23.67], [23.19, 22.54, 22.18, 23.3, 22.67, 23.46, 23.47, 22.98]]}","{""smoke"": 0.021666, ""heat_grid"": 0.372721}",smoke,0,0,0,1,0.0,0.037802,1,smoky,0.8264,[],[],,3,alert,MODERATE,3,alert,True
"[""heat_grid""]","{""smoke"": 217.2671, ""heat_grid"": [[23.71, 23.04, 22.79, 24.24, 23.61, 22.89, 23.29, 22.6], [23.42, 23.31, 22.73, 23.36, 23.75, 24.32, 23.87, 23.47], [24.01, 23.03, 23.8, 22.48, 22.61, 23.72, 22.85, 23.84], [23.74, 22.59, 23.25, 23.69, 23.89, 24.1, 23.13, 24.14], [23.18, 22.48, 23.69, 22.95, 22.72, 22.98, 24.12, 24.3], [30.33, 23.07, 23.38, 24.07, 23.1, 23.24, 22.94, 23.61], [23.79, 23.1, 22.52, 23.94, 23.7, 22.91, 23.1, 24.38], [23.73, 23.66, 23.75, 24.38, 23.15, 23.03, 23.22, 24.07]]}","{""smoke"": 0.021727, ""heat_grid"": 0.37907}",smoke,1,0,2,0,0.024401,0.0,2,fire,0.6818,[],[],,3,alert,MODERATE,3,alert,True
"[""heat_grid"", ""smoke""]","{""smoke"": 0, ""heat_grid"": [[24.0, 24.0, 24.0, 24.0, 24.0, 24.0, 24.0, 24.0], [24.0, 24.0, 24.0, 24.0, 24.0, 24.0, 24.0, 24.0], [24.0, 24.0, 24.0, 24.0, 24.0, 24.0, 24.0, 24.0], [24.0, 24.0, 24.0, 24.0, 24.0, 24.0, 24.0, 24.0], [24.0, 24.0, 24.0, 24.0, 24.0, 24.0, 24.0, 24.0], [24.0, 24.0, 24.0, 24.0, 24.0, 24.0, 24.0, 24.0], [24.0, 24.0, 24.0, 24.0, 24.0, 24.0, 24.0, 24.0], [24.0, 24.0, 24.0, 24.0, 24.0, 24.0, 24.0, 24.0]]}","{""smoke"": -1, ""heat_grid"": -1}",fire,1,0,1,0,0.010236,0.0,1,fire,0.8691,[],[],,4,"alert,suppress",HIGH,4,"alert,suppress",True
"[""heat_grid"", ""smoke""]","{""smoke"": 662.2115, ""heat_grid"": [[23.93, 22.22, 22.92, 23.68, 23.6, 23.82, 23.59, 24.01], [23.11, 23.36, 23.81, 23.52, 22.32, 22.85, 23.22, 23.62], [23.2, 23.67, 23.79, 22.65, 23.35, 23.23, 22.57, 23.1], [23.21, 23.75, 23.04, 22.28, 23.09, 23.79, 23.26, 22.75], [23.96, 22.43, 22.77, 22.99, 23.59, 23.79, 22.23, 30.07], [23.56, 23.9, 23.92, 23.67, 22.5, 22.74, 23.99, 23.31], [23.19, 23.95, 23.86, 23.57, 23.88, 22.34, 23.63, 24.05], [22.21, 22.56, 23.7, 23.16, 22.29, 22.65, 22.76, 22.76]]}","{""smoke"": 0.066221, ""heat_grid"": 0.375933}",smoke,0,0,0,1,0.0,0.056444,1,smoky,0.3081,[],[],,3,alert,MODERATE,3,alert,True
[],"{""smoke"": 0, ""heat_grid"": [[24.0, 24.0, 24.0, 24.0, 24.0, 24.0, 24.0, 24.0], [24.0, 24.0, 24.0, 24.0, 24.0, 24.0, 24.0, 24.0], [24.0, 24.0, 24.0, 24.0, 24.0, 24.0, 24.0, 24.0], [24.0, 24.0, 24.0, 24.0, 24.0, 24.0, 24.0, 24.0], [24.0, 24.0, 24.0, 24.0, 24.0, 24.0, 24.0, 24.0], [24.0, 24.0, 24.0, 24.0, 24.0, 24.0, 24.0, 24.0], [24.0, 24.0, 24.0, 24.0, 24.0, 24.0, 24.0, 24.0], [24.0, 24.0, 24.0, 24.0, 24.0, 24.0, 24.0, 24.0]]}","{""smoke"": -1, ""heat_grid"": -1}",smoke,0,0,0,0,0.0,0.0,0,clear,0.614,[],[],,2,monitor,LOW,2,monitor,True
[],"{""smoke"": 0, ""heat_grid"": [[24.0, 24.0, 24.0, 24.0, 24.0, 24.0, 24.0, 24.0], [24.0, 24.0, 24.0, 24.0, 24.0, 24.0, 24.0, 24.0], [24.0, 24.0, 24.0, 24.0, 24.0, 24.0, 24.0, 24.0], [24.0, 24.0, 24.0, 24.0, 24.0, 24.0, 24.0, 24.0], [24.0, 24.0, 24.0, 24.0, 24.0, 24.0, 24.0, 24.0], [24.0, 24.0, 24.0, 24.0, 24.0, 24.0, 24.0, 24.0], [24.0, 24.0, 24.0, 24.0, 24.0, 24.0, 24.0, 24.0], [24.0, 24.0, 24.0, 24.0, 24.0, 24.0, 24.0, 24.0]]}","{""smoke"": -1, ""heat_grid"": -1}",none,0,0,0,0,0.0,0.0,0,clear,0.3062,[],[],,1,monitor,MINIMAL,1,monitor,True
"[""heat_grid"", ""smoke""]","{""smoke"": 518.9289, ""heat_grid"": [[23.83, 22.34, 22.79, 22.25, 23.19, 23.98, 23.38, 23.32], [22.62, 23.93, 23.01, 22.6, 24.04, 22.91, 22.81, 22.13], [22.42, 23.68, 23.03, 29.33, 22.23, 23.3, 23.5, 23.31], [23.12, 23.22, 23.44, 23.79, 22.74, 22.98, 23.34, 22.69], [22.42, 24.0, 22.45, 22.53, 23.3, 22.22, 22.13, 22.19], [22.31, 22.92, 23.72, 22.75, 22.92, 23.26, 22.67, 22.93], [22.84, 22.75, 22.84, 22.09, 23.84, 24.02, 23.79, 22.08], [23.57, 23.21, 22.25, 23.93, 23.62, 22.35, 23.99, 22.32]]}","{""smoke"": 0.051893, ""heat_grid"": 0.366622}",smoke,1,0,1,0,0.017766,0.0,1,fire,0.8807,[],[],,3,alert,MODERATE,3,alert,True
"[""heat_grid"", ""smoke""]","{""smoke"": 2360.556, ""heat_grid"": [[23.72, 37.02, 24.09, 24.23, 23.23, 23.72, 23.19, 24.86], [23.83, 24.47, 24.86, 23.64, 23.2, 23.69, 24.36, 24.02], [23.17, 23.16, 24.42, 24.49, 23.24, 24.61, 23.71, 23.16], [23.69, 24.48, 24.33, 23.98, 23.58, 23.86, 23.78, 23.8], [24.0, 23.93, 23.23, 23.6, 23.28, 24.22, 23.87, 24.36], [23.2, 23.71, 23.38, 23.2, 24.57, 23.28, 23.37, 23.75], [23.61, 24.86, 25.0, 23.87, 23.42, 24.02, 24.01, 23.95], [23.06, 23.28, 23.3, 23.72, 24.18, 24.78, 23.47, 24.56]]}","{""smoke"": 0.236056, ""heat_grid"": 0.462785}",fire_smoke,1,1,1,0,0.099229,0.0,1,fire,0.4288,[],[],,5,"alert,suppress,evacuate",CRITICAL,5,"alert,suppress,evacuate",True
"[""heat_grid"", ""smoke""]","{""smoke"": 5233.6268, ""heat_grid"": [[22.26, 23.1, 23.02, 21.47, 21.52, 21.48, 22.69, 21.5], [35.82, 21.95, 23.11, 21.79, 22.62, 21.46, 22.42, 22.34], [22.98, 22.61, 21.42, 21.98, 21.18, 21.66, 23.12, 22.09], [22.91, 21.22, 22.93, 22.95, 22.48, 21.41, 22.93, 22.97], [21.58, 23.05, 22.94, 21.58, 21.96, 21.85, 22.17, 22.95], [22.92, 21.53, 22.28, 22.24, 22.07, 22.6, 22.47, 21.72], [21.87, 22.95, 21.83, 22.06, 23.12, 22.89, 22.57, 21.78], [22.43, 22.46, 22.0, 21.25, 21.91, 22.19, 23.07, 22.63]]}","{""smoke"": 0.523363, ""heat_grid"": 0.447708}",fire_smoke,1,1,1,1,0.080644,0.059134,1,fire,0.3031,[],[],,5,"alert,suppress,evacuate",CRITICAL,5,"alert,suppress,evacuate",True
"[""heat_grid"", ""smoke""]","{""smoke"": 651.2253, ""heat_grid"": [[23.02, 22.26, 22.57, 21.44, 21.36, 21.89, 22.22, 22.33], [21.84, 21.73, 23.14, 21.73, 21.46, 21.9, 21.79, 22.02], [22.43, 22.39, 22.58, 21.49, 21.27, 22.76, 21.61, 21.81], [22.09, 32.89, 21.51, 22.98, 21.82, 23.15, 21.75, 22.63], [21.93, 22.85, 22.1, 22.92, 22.69, 22.35, 21.68, 21.7], [23.16, 23.03, 21.46, 21.59, 21.39, 21.58, 21.76, 22.86], [21.37, 22.94, 23.12, 21.74, 22.09, 22.24, 21.59, 22.64], [22.34, 21.4, 22.97, 21.78, 21.49, 23.14, 21.39, 21.3]]}","{""smoke"": 0.065123, ""heat_grid"": 0.411097}",fire_smoke,1,0,2,0,0.054887,0.0,2,fire,0.7111,[],[],,4,"alert,suppress",HIGH,4,"alert,suppress",True
[],"{""smoke"": 0, ""heat_grid"": [[24.0, 24.0, 24.0, 24.0, 24.0, 24.0, 24.0, 24.0], [24.0, 24.0, 24.0, 24.0, 24.0, 24.0, 24.0, 24.0], [24.0, 24.0, 24.0, 24.0, 24.0, 24.0, 24.0, 24.0], [24.0, 24.0, 24.0, 24.0, 24.0, 24.0, 24.0, 24.0], [24.0, 24.0, 24.0, 24.0, 24.0, 24.0, 24.0, 24.0], [24.0, 24.0, 24.0, 24.0, 24.0, 24.0, 24.0, 24.0], [24.0, 24.0, 24.0, 24.0, 24.0, 24.0, 24.0, 24.0], [24.0, 24.0, 24.0, 24.0, 24.0, 24.0, 24.0, 24.0]]}","{""smoke"": -1, ""heat_grid"": -1}",none,0,0,0,0,0.0,0.0,0,clear,0.3387,[],[],,1,monitor,MINIMAL,1,monitor,True
[],"{""smoke"": 0, ""heat_grid"": [[24.0, 24.0, 24.0, 24.0, 24.0, 24.0, 24.0, 24.0], [24.0, 24.0, 24.0, 24.0, 24.0, 24.0, 24.0, 24.0], [24.0, 24.0, 24.0, 24.0, 24.0, 24.0, 24.0, 24.0], [24.0, 24.0, 24.0, 24.0, 24.0, 24.0, 24.0, 24.0], [24.0, 24.0, 24.0, 24.0, 24.0, 24.0, 24.0, 24.0], [24.0, 24.0, 24.0, 24.0, 24.0, 24.0, 24.0, 24.0], [24.0, 24.0, 24.0, 24.0, 24.0, 24.0, 24.0, 24.0], [24.0, 24.0, 24.0, 24.0, 24.0, 24.0, 24.0, 24.0]]}","{""smoke"": -1, ""heat_grid"": -1}",none,1,0,1,0,0.025648,0.0,1,fire,0.5828,[],[],,2,monitor,LOW,2,monitor,True
"[""heat_grid"", ""smoke""]","{""smoke"": 0, ""heat_grid"": [[24.0, 24.0, 24.0, 24.0, 24.0, 24.0, 24.0, 24.0], [24.0, 24.0, 24.0, 24.0, 24.0, 24.0, 24.0, 24.0], [24.0, 24.0, 24.0, 24.0, 24.0, 24.0, 24.0, 24.0], [24.0, 24.0, 24.0, 24.0, 24.0, 24.0, 24.0, 24.0], [24.0, 24.0, 24.0, 24.0, 24.0, 24.0, 24.0, 24.0], [24.0, 24.0, 24.0, 24.0, 24.0, 24.0, 24.0, 24.0], [24.0, 24.0, 24.0, 24.0, 24.0, 24.0, 24.0, 24.0], [24.0, 24.0, 24.0, 24.0, 24.0, 24.0, 24.0, 24.0]]}","{""smoke"": -1, ""heat_grid"": -1}",fire,1,0,1,2,0.030377,0.062518,2,fire,0.7674,[],[],,4,"alert,suppress",HIGH,4,"alert,suppress",True
"[""heat_grid"", ""smoke""]","{""smoke"": 2708.7568, ""heat_grid"": [[23.55, 24.79, 24.87, 24.07, 24.6, 23.78, 23.18, 24.57], [24.36, 24.07, 24.94, 24.6, 24.0, 23.25, 24.9, 25.12], [24.42, 24.68, 24.16, 23.62, 24.97, 24.52, 24.24, 24.51], [24.17, 23.26, 24.47, 23.16, 23.59, 23.46, 23.83, 24.96], [23.31, 23.86, 24.67, 24.87, 24.62, 25.08, 24.54, 24.64], [23.99, 23.75, 24.07, 24.68, 36.03, 24.69, 24.4, 24.61], [23.46, 23.79, 24.27, 23.18, 24.97, 23.63, 23.32, 24.48], [23.53, 24.27, 23.65, 23.48, 24.62, 23.92, 24.3, 23.58]]}","{""smoke"": 0.270876, ""heat_grid"": 0.450421}",fire_smoke,1,1,2,1,0.012428,0.092203,2,fire,0.6314,[],[],,5,"alert,suppress,evacuate",CRITICAL,5,"alert,suppress,evacuate",True
"[""heat_grid"", ""smoke""]","{""smoke"": 0, ""heat_grid"": [[24.0, 24.0, 24.0, 24.0, 24.0, 24.0, 24.0, 24.0], [24.0, 24.0, 24.0, 24.0, 24.0, 24.0, 24.0, 24.0], [24.0, 24.0, 24.0, 24.0, 24.0, 24.0, 24.0, 24.0], [24.0, 24.0, 24.0, 24.0, 24.0, 24.0, 24.0, 24.0], [24.0, 24.0, 24.0, 24.0, 24.0, 24.0, 24.0, 24.0], [24.0, 24.0, 24.0, 24.0, 24.0, 24.0, 24.0, 24.0], [24.0, 24.0, 24.0, 24.0, 24.0, 24.0, 24.0, 24.0], [24.0, 24.0, 24.0, 24.0, 24.0, 24.0, 24.0, 24.0]]}","{""smoke"": -1, ""heat_grid"": -1}",fire_smoke,1,0,2,0,0.00773,0.0,2,fire,0.5392,[],[],,5,"alert,suppress,evacuate",CRITICAL,5,"alert,suppress,evacuate",True
"[""heat_grid""]","{""smoke"": 0, ""heat_grid"": [[24.0, 24.0, 24.0, 24.0, 24.0, 24.0, 24.0, 24.0], [24.0, 24.0, 24.0, 24.0, 24.0, 24.0, 24.0, 24.0], [24.0, 24.0, 24.0, 24.0, 24.0, 24.0, 24.0, 24.0], [24.0, 24.0, 24.0, 24.0, 24.0, 24.0, 24.0, 24.0], [24.0, 24.0, 24.0, 24.0, 24.0, 24.0, 24.0, 24.0], [24.0, 24.0, 24.0, 24.0, 24.0, 24.0, 24.0, 24.0], [24.0, 24.0, 24.0, 24.0, 24.0, 24.0, 24.0, 24.0], [24.0, 24.0, 24.0, 24.0, 24.0, 24.0, 24.0, 24.0]]}","{""smoke"": -1, ""heat_grid"": -1}",fire,1,0,1,0,0.029949,0.0,1,fire,0.7155,[],[],,2,monitor,LOW,2,monitor,True
"[""heat_grid"", ""smoke""]","{""smoke"": 360.3205, ""heat_grid"": [[22.95, 24.36, 23.31, 24.69, 23.71, 30.05, 23.13, 23.39], [24.29, 23.99, 24.43, 24.01, 24.03, 24.6, 23.74, 24.68], [23.63, 23.54, 24.45, 22.91, 23.23, 23.03, 23.91, 24.14], [22.91, 23.21, 23.49, 23.48, 23.08, 23.23, 24.58, 24.29], [23.48, 23.41, 23.05, 23.58, 23.68, 24.69, 24.37, 23.84], [23.16, 24.2, 24.76, 23.04, 24.58, 23.25, 24.29, 23.25], [24.09, 23.36, 23.97, 24.09, 24.12, 24.25, 23.02, 24.29], [23.2, 24.24, 23.13, 23.85, 23.66, 24.82, 24.15, 23.06]]}","{""smoke"": 0.036032, ""heat_grid"": 0.375663}",fire,1,0,2,0,0.029323,0.0,2,fire,0.5271,[],[],,3,alert,MODERATE,3,alert,True
[],"{""smoke"": 181.2912, ""heat_grid"": [[23.48, 26.89, 23.09, 22.51, 23.27, 23.01, 23.65, 23.21], [22.66, 23.61, 23.14, 22.46, 23.23, 24.0, 23.51, 22.7], [23.52, 22.67, 23.19, 23.15, 22.6, 22.8, 23.99, 22.6], [23.7, 23.44, 23.17, 22.38, 22.51, 22.46, 23.28, 24.05], [23.86, 22.15, 22.65, 22.42, 24.05, 22.57, 22.5, 23.34], [23.21, 22.55, 23.44, 22.3, 22.14, 22.27, 22.83, 24.05], [23.2, 23.61, 22.74, 23.54, 24.03, 22.82, 24.1, 23.38], [23.6, 22.61, 23.39, 23.12, 24.01, 23.91, 22.89, 24.0]]}","{""smoke"": 0.018129, ""heat_grid"": 0.336098}",smoke,1,0,1,0,0.037471,0.0,1,fire,0.3493,[],[],,2,monitor,LOW,2,monitor,True
[],"{""smoke"": 68.1789, ""heat_grid"": [[23.2, 21.98, 22.93, 23.11, 21.92, 25.0, 23.1, 21.71], [21.92, 22.45, 23.4, 22.66, 22.32, 23.5, 22.47, 22.41], [22.36, 22.17, 22.19, 22.92, 21.62, 22.9, 21.94, 22.31], [21.83, 22.65, 23.0, 22.25, 21.87, 21.99, 23.18, 22.08], [23.09, 22.2, 21.92, 23.0, 22.48, 21.6, 23.46, 21.84], [22.25, 22.31, 22.52, 23.11, 21.55, 23.41, 22.83, 23.44], [23.18, 23.4, 22.74, 22.26, 22.43, 22.86, 22.39, 23.0], [21.72, 23.2, 21.95, 23.43, 21.85, 21.8, 23.16, 23.18]]}","{""smoke"": 0.006818, ""heat_grid"": 0.312511}",none,0,0,0,0,0.0,0.0,0,clear,0.4421,[],[],,1,monitor,MINIMAL,1,monitor,True
"[""heat_grid""]","{""smoke"": 259.116, ""heat_grid"": [[23.6, 24.68, 24.18, 25.1, 24.23, 24.02, 23.85, 25.07], [23.71, 24.92, 23.65, 24.55, 24.16, 23.47, 23.51, 30.42], [24.79, 24.72, 23.67, 24.21, 23.46, 24.69, 24.85, 25.05], [25.03, 23.94, 23.77, 25.05, 23.55, 23.38, 23.89, 24.78], [24.65, 25.24, 23.98, 23.81, 24.02, 24.83, 23.69, 25.16], [24.29, 24.83, 24.92, 24.22, 24.74, 23.99, 24.88, 24.91], [24.39, 23.7, 25.2, 25.16, 24.5, 25.23, 24.27, 24.01], [24.18, 23.35, 24.36, 24.59, 23.48, 23.77, 24.7, 24.85]]}","{""smoke"": 0.025912, ""heat_grid"": 0.380236}",smoke,1,0,1,0,0.076522,0.0,1,fire,0.4033,[],[],,3,alert,MODERATE,3,alert,True
"[""heat_grid""]","{""smoke"": 210.814, ""heat_grid"": [[23.91, 23.72, 23.08, 24.37, 24.61, 23.62, 24.55, 24.68], [23.66, 24.13, 23.97, 23.16, 22.78, 23.59, 24.26, 27.38], [24.25, 23.99, 24.07, 23.26, 23.62, 23.05, 23.18, 22.86], [22.94, 23.1, 23.84, 23.57, 23.22, 24.41, 23.73, 24.53], [23.95, 22.72, 24.51, 24.4, 23.95, 23.75, 23.59, 23.65], [24.22, 23.71, 23.04, 22.8, 22.94, 23.19, 23.42, 24.47], [23.16, 23.32, 23.13, 23.78, 23.92, 23.75, 24.59, 24.67], [24.36, 24.29, 23.42, 23.84, 23.39, 24.25, 23.03, 23.12]]}","{""smoke"": 0.021081, ""heat_grid"": 0.342282}",none,0,0,0,0,0.0,0.0,0,clear,0.6654,[],[],,2,monitor,LOW,2,monitor,True
[],"{""smoke"": 35.1702, ""heat_grid"": [[22.77, 23.97, 23.19, 22.5, 23.04, 23.14, 23.02, 24.1], [24.0, 23.87, 22.78, 24.09, 23.83, 22.87, 23.77, 23.44], [23.35, 22.7, 23.51, 22.68, 22.8, 22.74, 24.38, 23.05], [23.19, 23.12, 24.27, 23.6, 24.31, 23.08, 22.71, 23.59], [23.17, 24.08, 24.23, 23.42, 24.42, 23.58, 23.02, 23.45], [22.55, 24.08, 22.68, 23.09, 23.61, 22.56, 22.63, 23.87], [22.62, 23.43, 23.15, 22.93, 22.85, 24.0, 24.38, 22.76], [24.39, 23.67, 23.76, 23.9, 23.88, 24.12, 23.44, 23.54]]}","{""smoke"": 0.003517, ""heat_grid"": 0.284768}",none,0,0,0,0,0.0,0.0,0,clear,0.2711,[],[],,1,monitor,MINIMAL,1,monitor,True
"[""heat_grid"", ""smoke""]","{""smoke"": 1229.4888, ""heat_grid"": [[21.86, 23.15, 23.04, 23.14, 23.69, 22.75, 23.57, 22.69], [22.76, 23.07, 22.24, 22.24, 22.82, 21.94, 22.28, 23.39], [22.73, 21.86, 21.93, 23.64, 23.72, 23.09, 22.17, 22.54], [22.42, 23.38, 22.88, 23.36, 22.53, 23.54, 22.66, 22.64], [22.78, 22.99, 23.59, 22.72, 23.67, 22.59, 22.45, 22.4], [21.85, 23.5, 21.96, 22.47, 22.31, 23.29, 23.67, 23.44], [22.45, 22.72, 22.3, 23.65, 22.04, 23.71, 23.43, 32.75], [23.35, 22.48, 22.4, 22.57, 22.17, 23.3, 22.76, 23.58]]}","{""smoke"": 0.122949, ""heat_grid"": 0.409401}",fire,1,0,1,0,0.030164,0.0,1,fire,0.5464,[],[],,4,"alert,suppress",HIGH,4,"alert,suppress",True
[],"{""smoke"": 0, ""heat_grid"": [[24.0, 24.0, 24.0, 24.0, 24.0, 24.0, 24.0, 24.0], [24.0, 24.0, 24.0, 24.0, 24.0, 24.0, 24.0, 24.0], [24.0, 24.0, 24.0, 24.0, 24.0, 24.0, 24.0, 24.0], [24.0, 24.0, 24.0, 24.0, 24.0, 24.0, 24.0, 24.0], [24.0, 24.0, 24.0, 24.0, 24.0, 24.0, 24.0, 24.0], [24.0, 24.0, 24.0, 24.0, 24.0, 24.0, 24.0, 24.0], [24.0, 24.0, 24.0, 24.0, 24.0, 24.0, 24.0, 24.0], [24.0, 24.0, 24.0, 24.0, 24.0, 24.0, 24.0, 24.0]]}","{""smoke"": -1, ""heat_grid"": -1}",none,0,0,0,0,0.0,0.0,0,clear,0.3555,[],[],,1,monitor,MINIMAL,1,monitor,True
[],"{""smoke"": 52.7458, ""heat_grid"": [[23.45, 23.11, 23.35, 23.88, 23.88, 24.04, 23.66, 24.45], [24.7, 23.37, 24.35, 24.23, 23.92, 23.25, 24.46, 24.79], [24.32, 24.71, 24.84, 23.58, 24.15, 23.82, 24.85, 23.06], [23.7, 24.62, 23.44, 24.45, 23.64, 24.83, 24.64, 23.48], [24.41, 23.55, 24.09, 24.19, 24.53, 22.92, 23.31, 24.3], [24.0, 23.86, 22.98, 23.57, 24.6, 22.94, 23.67, 24.76], [22.98, 24.37, 23.39, 24.61, 24.37, 24.64, 23.31, 23.94], [24.43, 23.36, 23.33, 22.93, 25.91, 24.29, 24.14, 24.36]]}","{""smoke"": 0.005275, ""heat_grid"": 0.323834}",none,0,0,0,0,0.0,0.0,0,clear,0.3452,[],[],,1,monitor,MINIMAL,1,monitor,True
"[""heat_grid"", ""smoke""]","{""smoke"": 850.7604, ""heat_grid"": [[22.09, 22.96, 22.76, 22.63, 22.17, 22.12, 21.25, 22.43], [22.38, 21.24, 21.5, 21.25, 21.73, 21.23, 22.06, 22.18], [22.1, 21.62, 22.27, 22.85, 21.81, 21.85, 22.31, 21.69], [21.9, 22.13, 22.0, 22.86, 22.92, 22.03, 22.12, 23.14], [22.23, 23.21, 22.75, 21.75, 21.68, 21.54, 22.84, 21.84], [22.58, 22.31, 22.88, 22.73, 21.35, 21.9, 22.27, 22.83], [22.65, 22.32, 33.25, 22.1, 21.34, 22.97, 22.28, 22.84], [22.01, 22.4, 21.89, 22.04, 21.52, 22.71, 21.79, 21.83]]}","{""smoke"": 0.085076, ""heat_grid"": 0.41567}",fire_smoke,1,0,2,1,0.071259,0.069867,2,fire,0.7054,[],[],,4,"alert,suppress",HIGH,4,"alert,suppress",True
"[""heat_grid"", ""smoke""]","{""smoke"": 568.9061, ""heat_grid"": [[23.28, 23.7, 24.09, 23.94, 24.54, 23.72, 23.12, 23.2], [24.46, 22.79, 24.51, 22.88, 23.55, 24.37, 23.58, 24.41], [22.97, 23.79, 23.93, 24.55, 22.96, 23.45, 24.09, 24.73], [24.47, 24.46, 30.42, 23.9, 24.49, 24.51, 24.37, 24.41], [24.53, 23.0, 23.35, 24.72, 23.86, 23.12, 23.78, 24.06], [24.43, 24.39, 22.87, 23.68, 22.81, 24.55, 23.12, 24.02], [23.91, 24.02, 23.9, 24.2, 24.02, 22.95, 23.5, 23.86], [23.42, 24.29, 23.4, 24.43, 23.06, 24.31, 23.14, 23.82]]}","{""smoke"": 0.056891, ""heat_grid"": 0.380257}",fire,0,0,0,1,0.0,0.019892,1,smoky,0.7772,[],[],,3,alert,MODERATE,3,alert,True
"[""heat_grid"", ""smoke""]","{""smoke"": 368.347, ""heat_grid"": [[22.15, 21.81, 22.7, 21.62, 22.29, 22.59, 23.06, 22.84], [23.28, 22.75, 22.09, 21.86, 21.51, 21.95, 21.67, 22.13], [22.8, 22.78, 22.03, 22.41, 21.83, 22.4, 22.41, 22.0], [21.91, 23.35, 22.47, 22.52, 21.41, 21.76, 22.11, 23.33], [21.74, 22.0, 23.37, 22.36, 22.03, 22.66, 22.39, 23.31], [21.56, 22.97, 21.95, 23.01, 23.09, 23.09, 23.13, 22.83], [21.68, 21.5, 22.07, 22.38, 22.0, 22.88, 22.84, 23.34], [22.19, 22.96, 22.88, 23.37, 22.94, 29.34, 21.42, 23.33]]}","{""smoke"": 0.036835, ""heat_grid"": 0.366762}",fire,1,0,1,1,0.072426,0.056503,1,fire,0.7509,[],[],,3,alert,MODERATE,3,alert,True
"[""heat_grid""]","{""smoke"": 0, ""heat_grid"": [[24.0, 24.0, 24.0, 24.0, 24.0, 24.0, 24.0, 24.0], [24.0, 24.0, 24.0, 24.0, 24.0, 24.0, 24.0, 24.0], [24.0, 24.0, 24.0, 24.0, 24.0, 24.0, 24.0, 24.0], [24.0, 24.0, 24.0, 24.0, 24.0, 24.0, 24.0, 24.0], [24.0, 24.0, 24.0, 24.0, 24.0, 24.0, 24.0, 24.0], [24.0, 24.0, 24.0, 24.0, 24.0, 24.0, 24.0, 24.0], [24.0, 24.0, 24.0, 24.0, 24.0, 24.0, 24.0, 24.0], [24.0, 24.0, 24.0, 24.0, 24.0, 24.0, 24.0, 24.0]]}","{""smoke"": -1, ""heat_grid"": -1}",none,1,0,1,0,0.011489,0.0,1,fire,0.8993,[],[],,2,monitor,LOW,2,monitor,True
"[""heat_grid""]","{""smoke"": 237.124, ""heat_grid"": [[21.45, 23.3, 23.4, 22.93, 21.62, 23.2, 22.89, 22.07], [22.41, 22.73, 21.45, 22.4, 22.87, 21.78, 22.29, 22.47], [22.87, 23.33, 23.1, 22.64, 22.57, 22.61, 22.49, 21.52], [22.8, 22.83, 22.43, 23.14, 22.75, 22.13, 21.44, 21.52], [22.11, 22.33, 21.74, 21.78, 21.86, 22.96, 22.94, 22.17], [21.75, 27.1, 21.58, 22.18, 21.49, 22.07, 23.32, 22.42], [23.05, 21.66, 21.94, 23.29, 22.17, 22.7, 23.35, 22.5], [22.01, 22.47, 21.51, 21.63, 21.42, 23.17, 22.74, 22.0]]}","{""smoke"": 0.023712, ""heat_grid"": 0.338808}",fire,1,0,1,0,0.055574,0.0,1,fire,0.4795,[],[],,2,monitor,LOW,2,monitor,True
[],"{""smoke"": 22.5929, ""heat_grid"": [[23.49, 23.03, 22.31, 22.59, 23.25, 23.29, 22.82, 22.4], [23.39, 22.28, 23.82, 22.32, 22.16, 22.76, 22.98, 22.96], [22.82, 23.94, 22.92, 22.9, 22.79, 22.08, 23.13, 22.4], [23.22, 22.05, 23.91, 22.88, 23.74, 22.9, 22.07, 23.59], [23.24, 23.51, 22.8, 23.22, 23.66, 23.21, 22.64, 23.27], [23.29, 23.87, 22.69, 22.8, 23.57, 22.96, 23.42, 22.87], [22.38, 23.44, 22.21, 22.34, 23.2, 23.44, 23.74, 22.49], [22.17, 23.86, 22.25, 22.34, 22.53, 23.0, 23.71, 23.47]]}","{""smoke"": 0.002259, ""heat_grid"": 0.284529}",none,0,0,0,0,0.0,0.0,0,clear,0.285,[],[],,1,monitor,MINIMAL,1,monitor,True
"[""heat_grid"", ""smoke""]","{""smoke"": 4583.6478, ""heat_grid"": [[24.91, 24.21, 24.57, 24.52, 23.42, 24.08, 24.11, 25.03], [25.0, 23.35, 24.92, 24.46, 23.27, 24.0, 25.01, 23.95], [24.59, 24.37, 24.41, 24.2, 24.2, 25.04, 24.06, 23.62], [24.07, 24.7, 24.18, 24.7, 23.71, 24.4, 24.96, 24.29], [37.3, 24.59, 24.71, 23.93, 24.49, 24.07, 24.02, 24.18], [24.05, 23.29, 24.72, 24.4, 23.51, 23.76, 24.46, 24.27], [24.68, 24.21, 24.92, 23.39, 24.46, 23.98, 23.85, 25.12], [24.96, 23.6, 23.35, 24.97, 23.57, 25.09, 23.79, 24.06]]}","{""smoke"": 0.458365, ""heat_grid"": 0.46629}",fire_smoke,1,0,1,2,0.032367,0.056729,2,fire,0.8516,[],[],,5,"alert,suppress,evacuate",CRITICAL,5,"alert,suppress,evacuate",True
"[""heat_grid"", ""smoke""]","{""smoke"": 3254.2361, ""heat_grid"": [[24.56, 24.3, 24.53, 24.49, 22.73, 23.15, 23.18, 22.73], [24.28, 24.38, 23.79, 24.37, 24.01, 23.47, 22.88, 24.5], [23.97, 23.29, 22.84, 24.18, 24.19, 23.67, 24.58, 23.36], [24.47, 23.84, 24.06, 24.42, 24.25, 23.16, 24.32, 23.66], [22.67, 23.93, 23.58, 23.66, 23.41, 22.71, 22.94, 24.1], [23.05, 23.84, 23.67, 23.03, 34.49, 23.35, 24.34, 24.47], [23.36, 22.68, 23.79, 23.42, 23.57, 23.47, 23.89, 23.19], [24.37, 23.43, 23.27, 24.43, 23.3, 22.75, 22.9, 24.01]]}","{""smoke"": 0.325424, ""heat_grid"": 0.431171}",fire_smoke,1,0,2,2,0.016889,0.024689,2,fire,0.5377,[],[],,5,"alert,suppress,evacuate",CRITICAL,5,"alert,suppress,evacuate",True
"[""heat_grid""]","{""smoke"": 0, ""heat_grid"": [[24.0, 24.0, 24.0, 24.0, 24.0, 24.0, 24.0, 24.0], [24.0, 24.0, 24.0, 24.0, 24.0, 24.0, 24.0, 24.0], [24.0, 24.0, 24.0, 24.0, 24.0, 24.0, 24.0, 24.0], [24.0, 24.0, 24.0, 24.0, 24.0, 24.0, 24.0, 24.0], [24.0, 24.0, 24.0, 24.0, 24.0, 24.0, 24.0, 24.0], [24.0, 24.0, 24.0, 24.0, 24.0, 24.0, 24.0, 24.0], [24.0, 24.0, 24.0, 24.0, 24.0, 24.0, 24.0, 24.0], [24.0, 24.0, 24.0, 24.0, 24.0, 24.0, 24.0, 24.0]]}","{""smoke"": -1, ""heat_grid"": -1}",smoke,1,0,1,0,0.056073,0.0,1,fire,0.7788,[],[],,2,monitor,LOW,2,monitor,True
"[""heat_grid"", ""smoke""]","{""smoke"": 2695.8428, ""heat_grid"": [[22.85, 22.77, 22.82, 23.18, 22.72, 23.29, 22.64, 22.8], [22.5, 22.97, 23.07, 23.06, 23.71, 23.22, 23.64, 22.32], [23.13, 22.44, 23.18, 23.49, 23.85, 23.36, 23.02, 22.79], [24.17, 22.65, 22.34, 22.51, 24.25, 24.07, 22.9, 22.26], [23.79, 22.86, 22.3, 23.17, 23.1, 22.98, 23.56, 23.71], [23.37, 22.28, 22.3, 24.02, 22.63, 23.05, 22.46, 22.72], [40.05, 22.73, 23.57, 22.99, 23.83, 23.46, 22.76, 23.87], [24.12, 22.5, 23.6, 23.52, 23.6, 22.32, 22.31, 22.85]]}","{""smoke"": 0.269584, ""heat_grid"": 0.500648}",fire_smoke,1,0,1,1,0.131501,0.047532,1,fire,0.5357,[],[],,5,"alert,suppress,evacuate",CRITICAL,5,"alert,suppress,evacuate",True
"[""heat_grid"", ""smoke""]","{""smoke"": 429.5717, ""heat_grid"": [[23.59, 24.43, 23.54, 24.26, 23.87, 24.82, 24.94, 24.52], [24.8, 23.24, 24.28, 23.37, 23.53, 24.02, 24.46, 24.41], [24.71, 24.09, 24.82, 24.75, 24.67, 23.43, 24.03, 24.44], [24.92, 22.99, 23.63, 23.66, 23.55, 24.61, 23.06, 23.69], [24.39, 23.78, 23.26, 24.19, 24.02, 24.94, 24.47, 24.94], [23.34, 24.49, 24.07, 24.4, 23.91, 23.4, 23.06, 24.65], [24.6, 23.3, 24.26, 24.45, 24.09, 23.61, 24.73, 24.26], [24.41, 24.28, 24.41, 23.26, 24.82, 29.03, 24.64, 24.76]]}","{""smoke"": 0.042957, ""heat_grid"": 0.362932}",fire,1,0,1,1,0.014269,0.035535,1,fire,0.667,[],[],,3,alert,MODERATE,3,alert,True
"[""heat_grid"", ""smoke""]","{""smoke"": 960.3279, ""heat_grid"": [[23.83, 23.77, 23.76, 25.47, 23.8, 23.86, 24.86, 24.99], [24.53, 25.44, 23.55, 24.72, 24.69, 24.12, 25.27, 24.58], [23.97, 23.65, 23.69, 25.27, 23.98, 25.29, 23.72, 25.44], [25.14, 23.71, 23.65, 25.08, 23.63, 24.0, 25.08, 25.29], [25.01, 25.26, 24.6, 25.03, 24.16, 25.05, 24.83, 24.63], [25.46, 24.41, 24.71, 24.5, 24.0, 24.14, 25.43, 24.26], [24.83, 24.61, 25.25, 24.99, 23.64, 24.19, 24.9, 23.8], [24.48, 24.11, 23.6, 25.47, 25.33, 34.73, 23.88, 25.45]]}","{""smoke"": 0.096033, ""heat_grid"": 0.434165}",fire_smoke,0,1,0,2,0.0,0.009045,2,smoky,0.4041,[],[],,4,"alert,suppress",HIGH,4,"alert,suppress",True
"[""heat_grid""]","{""smoke"": 0, ""heat_grid"": [[24.0, 24.0, 24.0, 24.0, 24.0, 24.0, 24.0, 24.0], [24.0, 24.0, 24.0, 24.0, 24.0, 24.0, 24.0, 24.0], [24.0, 24.0, 24.0, 24.0, 24.0, 24.0, 24.0, 24.0], [24.0, 24.0, 24.0, 24.0, 24.0, 24.0, 24.0, 24.0], [24.0, 24.0, 24.0, 24.0, 24.0, 24.0, 24.0, 24.0], [24.0, 24.0, 24.0, 24.0, 24.0, 24.0, 24.0, 24.0], [24.0, 24.0, 24.0, 24.0, 24.0, 24.0, 24.0, 24.0], [24.0, 24.0, 24.0, 24.0, 24.0, 24.0, 24.0, 24.0]]}","{""smoke"": -1, ""heat_grid"": -1}",fire,1,0,2,1,0.06311,0.008532,2,fire,0.8905,[],[],,3,alert,MODERATE,3,alert,True
"[""heat_grid"", ""smoke""]","{""smoke"": 710.4808, ""heat_grid"": [[24.11, 25.07, 23.5, 24.67, 24.61, 24.56, 24.52, 23.24], [24.68, 24.19, 24.24, 23.29, 23.57, 25.01, 23.82, 23.98], [23.57, 24.46, 24.67, 25.04, 24.32, 23.74, 23.33, 23.72], [24.43, 25.14, 23.35, 23.97, 24.53, 24.34, 33.1, 24.12], [23.73, 24.16, 23.96, 24.61, 23.54, 24.18, 25.11, 24.26], [23.67, 25.06, 23.68, 24.7, 23.41, 24.9, 23.55, 23.98], [25.12, 24.35, 23.72, 23.19, 23.21, 23.74, 24.25, 24.16], [25.04, 24.72, 25.04, 24.22, 24.09, 24.32, 23.94, 23.61]]}","{""smoke"": 0.071048, ""heat_grid"": 0.413732}",fire,0,0,0,2,0.0,0.035938,2,smoky,0.5678,[],[],,4,"alert,suppress",HIGH,4,"alert,suppress",True
"[""heat_grid"", ""smoke""]","{""smoke"": 1584.629, ""heat_grid"": [[24.32, 23.27, 23.25, 23.45, 24.58, 23.71, 23.7, 24.22], [22.96, 23.41, 23.88, 24.58, 22.91, 23.51, 24.41, 24.05], [23.83, 23.12, 22.98, 23.35, 23.11, 24.22, 24.04, 24.27], [22.94, 23.22, 24.14, 22.93, 22.89, 23.37, 22.97, 22.76], [23.23, 24.35, 22.72, 23.73, 23.73, 23.66, 23.61, 22.64], [22.7, 23.62, 24.54, 23.42, 23.55, 24.57, 24.16, 24.14], [23.61, 24.4, 23.76, 23.92, 24.18, 23.42, 24.51, 24.58], [34.92, 23.05, 24.15, 23.25, 23.76, 22.78, 24.22, 24.52]]}","{""smoke"": 0.158463, ""heat_grid"": 0.436484}",fire,1,0,1,2,0.103996,0.015403,2,fire,0.4481,[],[],,4,"alert,suppress",HIGH,4,"alert,suppress",True
"[""heat_grid"", ""smoke""]","{""smoke"": 5311.9677, ""heat_grid"": [[24.34, 23.43, 22.47, 23.52, 23.95, 24.36, 22.6, 23.27], [23.57, 24.16, 23.82, 22.85, 24.11, 23.72, 24.18, 24.06], [22.65, 24.31, 23.3, 24.36, 22.77, 23.98, 23.0, 22.48], [24.38, 23.0, 22.55, 24.11, 23.26, 23.55, 24.36, 39.97], [22.53, 23.77, 23.81, 22.78, 23.48, 23.13, 22.49, 23.02], [24.21, 22.99, 22.84, 24.27, 23.16, 24.27, 24.15, 23.33], [23.16, 22.67, 22.77, 22.86, 23.33, 23.14, 23.99, 22.99], [23.24, 22.64, 22.93, 23.96, 23.81, 23.2, 23.55, 23.31]]}","{""smoke"": 0.531197, ""heat_grid"": 0.499661}",fire_smoke,1,0,1,1,0.109707,0.031223,1,fire,0.5605,[],[],,5,"alert,suppress,evacuate",CRITICAL,5,"alert,suppress,evacuate",True
[],"{""smoke"": 285.7867, ""heat_grid"": [[23.25, 21.9, 22.91, 23.03, 22.09, 22.51, 21.95, 22.26], [23.43, 22.89, 23.19, 22.58, 21.98, 22.93, 22.5, 21.85], [22.33, 22.77, 22.97, 21.99, 23.25, 22.26, 22.04, 21.89], [23.11, 22.21, 26.61, 21.95, 22.87, 23.06, 22.18, 23.39], [21.56, 21.77, 22.68, 22.9, 22.0, 22.61, 22.14, 22.61], [22.82, 23.45, 22.41, 22.8, 22.66, 22.14, 22.01, 23.48], [21.91, 23.08, 21.79, 23.11, 21.87, 23.44, 22.87, 21.68], [22.89, 22.71, 22.18, 22.02, 22.94, 22.98, 22.16, 23.25]]}","{""smoke"": 0.028579, ""heat_grid"": 0.332645}",none,1,0,1,0,0.037993,0.0,1,fire,0.3642,[],[],,2,monitor,LOW,2,monitor,True
[],"{""smoke"": 3.361, ""heat_grid"": [[22.75, 22.73, 22.32, 21.66, 22.34, 22.18, 22.92, 22.63], [22.46, 22.45, 23.41, 22.99, 22.47, 22.44, 21.53, 23.36], [22.12, 21.99, 23.48, 25.06, 21.57, 21.6, 21.53, 22.68], [21.62, 23.34, 23.35, 22.57, 22.71, 22.06, 21.6, 22.95], [21.68, 21.65, 22.1, 21.5, 22.34, 22.89, 23.08, 22.69], [23.17, 22.29, 23.17, 22.49, 21.92, 23.37, 22.03, 21.53], [21.96, 22.21, 22.18, 22.53, 23.24, 22.06, 22.52, 22.16], [23.12, 21.79, 21.68, 22.48, 22.82, 23.07, 22.66, 23.02]]}","{""smoke"": 0.000336, ""heat_grid"": 0.313232}",none,0,0,0,0,0.0,0.0,0,clear,0.2566,[],[],,1,monitor,MINIMAL,1,monitor,True
"[""heat_grid"", ""smoke""]","{""smoke"": 1526.8621, ""heat_grid"": [[22.11, 23.24, 23.47, 22.01, 21.82, 21.63, 22.99, 22.54], [22.6, 21.58, 21.65, 23.32, 22.64, 21.93, 21.9, 21.97], [21.61, 21.59, 22.93, 22.01, 22.26, 22.56, 22.13, 22.44], [23.22, 21.97, 23.07, 22.01, 21.86, 21.63, 22.86, 22.31], [23.03, 21.75, 22.69, 21.51, 21.95, 22.71, 21.6, 22.24], [22.61, 22.94, 22.9, 21.78, 21.64, 22.24, 21.97, 22.1], [22.17, 22.28, 22.52, 21.51, 22.08, 22.02, 21.96, 33.0], [21.99, 21.79, 23.19, 22.25, 21.85, 22.99, 22.8, 23.38]]}","{""smoke"": 0.152686, ""heat_grid"": 0.412493}",fire,1,0,2,2,0.023514,0.050902,2,fire,0.3713,[],[],,4,"alert,suppress",HIGH,4,"alert,suppress",True
[],"{""smoke"": 110.7428, ""heat_grid"": [[23.67, 22.24, 23.13, 22.77, 22.3, 21.98, 22.5, 22.08], [22.71, 23.58, 23.4, 23.85, 22.81, 23.37, 23.29, 22.39], [22.56, 23.02, 23.55, 22.88, 22.41, 23.94, 22.19, 23.87], [23.58, 23.63, 23.55, 22.37, 23.22, 23.47, 23.45, 22.5], [22.32, 22.61, 22.92, 23.1, 23.63, 23.5, 23.31, 22.48], [22.91, 22.63, 22.43, 21.98, 22.64, 22.47, 23.1, 22.08], [22.5, 22.05, 23.24, 26.93, 22.63, 22.25, 23.87, 23.13], [23.32, 23.02, 23.57, 23.75, 22.72, 23.34, 22.42, 23.26]]}","{""smoke"": 0.011074, ""heat_grid"": 0.336637}",fire,1,0,1,0,0.057554,0.0,1,fire,0.8211,[],[],,2,monitor,LOW,2,monitor,True
"[""heat_grid"", ""smoke""]","{""smoke"": 4726.1825, ""heat_grid"": [[23.0, 24.3, 24.41, 24.21, 23.23, 23.16, 24.31, 24.13], [24.8, 23.74, 23.29, 24.37, 24.33, 23.88, 24.33, 23.46], [23.27, 23.09, 23.42, 24.14, 23.35, 24.6, 23.33, 24.2], [23.89, 23.26, 23.95, 24.74, 24.72, 23.42, 23.91, 23.14], [23.77, 23.48, 24.69, 24.1, 23.2, 24.82, 24.22, 23.1], [24.43, 23.95, 23.64, 23.23, 23.39, 23.17, 24.44, 23.38], [23.77, 24.77, 24.82, 24.42, 24.43, 24.72, 24.43, 23.74], [22.96, 23.25, 36.6, 23.37, 23.49, 22.95, 23.94, 23.54]]}","{""smoke"": 0.472618, ""heat_grid"": 0.45748}",fire_smoke,1,1,2,2,0.045133,0.062152,2,fire,0.4478,[],[],,5,"alert,suppress,evacuate",CRITICAL,5,"alert,suppress,evacuate",True
"[""heat_grid"", ""smoke""]","{""smoke"": 0, ""heat_grid"": [[24.0, 24.0, 24.0, 24.0, 24.0, 24.0, 24.0, 24.0], [24.0, 24.0, 24.0, 24.0, 24.0, 24.0, 24.0, 24.0], [24.0, 24.0, 24.0, 24.0, 24.0, 24.0, 24.0, 24.0], [24.0, 24.0, 24.0, 24.0, 24.0, 24.0, 24.0, 24.0], [24.0, 24.0, 24.0, 24.0, 24.0, 24.0, 24.0, 24.0], [24.0, 24.0, 24.0, 24.0, 24.0, 24.0, 24.0, 24.0], [24.0, 24.0, 24.0, 24.0, 24.0, 24.0, 24.0, 24.0], [24.0, 24.0, 24.0, 24.0, 24.0, 24.0, 24.0, 24.0]]}","{""smoke"": -1, ""heat_grid"": -1}",fire_smoke,0,0,0,2,0.0,0.045532,2,smoky,0.507,[],[],,5,"alert,suppress,evacuate",CRITICAL,5,"alert,suppress,evacuate",True
[],"{""smoke"": 0, ""heat_grid"": [[24.0, 24.0, 24.0, 24.0, 24.0, 24.0, 24.0, 24.0], [24.0, 24.0, 24.0, 24.0, 24.0, 24.0, 24.0, 24.0], [24.0, 24.0, 24.0, 24.0, 24.0, 24.0, 24.0, 24.0], [24.0, 24.0, 24.0, 24.0, 24.0, 24.0, 24.0, 24.0], [24.0, 24.0, 24.0, 24.0, 24.0, 24.0, 24.0, 24.0], [24.0, 24.0, 24.0, 24.0, 24.0, 24.0, 24.0, 24.0], [24.0, 24.0, 24.0, 24.0, 24.0, 24.0, 24.0, 24.0], [24.0, 24.0, 24.0, 24.0, 24.0, 24.0, 24.0, 24.0]]}","{""smoke"": -1, ""heat_grid"": -1}",none,0,0,0,0,0.0,0.0,0,clear,0.2673,[],[],,1,monitor,MINIMAL,1,monitor,True
[],"{""smoke"": 62.0358, ""heat_grid"": [[24.7, 25.18, 24.82, 24.99, 23.49, 24.72, 24.14, 24.36], [24.57, 25.2, 25.23, 23.83, 24.73, 24.76, 23.95, 23.51], [23.34, 24.81, 24.24, 25.23, 24.19, 25.21, 24.08, 24.85], [23.43, 24.37, 24.86, 25.11, 24.9, 23.33, 24.0, 23.36], [23.48, 24.61, 24.68, 24.81, 24.99, 24.74, 24.86, 26.33], [23.73, 24.5, 24.97, 23.27, 24.29, 24.61, 23.32, 24.06], [25.05, 24.6, 23.73, 24.96, 23.95, 24.97, 23.86, 24.44], [24.05, 23.81, 25.03, 23.63, 23.43, 23.94, 24.69, 24.87]]}","{""smoke"": 0.006204, ""heat_grid"": 0.32909}",none,0,0,0,0,0.0,0.0,0,clear,0.3093,[],[],,1,monitor,MINIMAL,1,monitor,True
"[""heat_grid""]","{""smoke"": 292.2537, ""heat_grid"": [[23.97, 24.35, 24.19, 24.08, 24.16, 24.46, 24.29, 24.45], [23.16, 24.22, 24.34, 23.46, 24.61, 27.15, 23.35, 24.6], [23.36, 23.7, 23.6, 24.66, 23.78, 24.25, 24.45, 24.12], [24.75, 24.47, 23.67, 24.77, 23.91, 22.91, 23.38, 24.11], [23.18, 24.03, 23.59, 23.93, 22.87, 24.56, 23.59, 23.15], [23.74, 23.84, 24.14, 23.91, 22.95, 24.61, 23.78, 23.02], [24.41, 24.19, 24.16, 23.72, 23.69, 23.94, 22.97, 23.46], [24.84, 24.19, 23.7, 23.31, 24.36, 23.39, 23.19, 23.17]]}","{""smoke"": 0.029225, ""heat_grid"": 0.339424}",none,1,0,1,0,0.008839,0.0,1,fire,0.369,[],[],,2,monitor,LOW,2,monitor,True
[],"{""smoke"": 24.17, ""heat_grid"": [[23.03, 23.62, 21.95, 21.82, 22.99, 22.32, 21.79, 22.6], [25.81, 22.21, 22.31, 23.34, 22.68, 23.33, 22.54, 23.55], [22.95, 21.88, 23.41, 22.62, 21.93, 21.95, 23.02, 21.74], [22.22, 21.92, 22.53, 22.47, 22.69, 22.2, 21.71, 22.87], [22.39, 22.95, 21.86, 21.67, 22.14, 22.56, 22.43, 23.27], [22.4, 22.71, 22.83, 21.69, 22.68, 22.33, 22.49, 21.85], [23.21, 23.53, 21.69, 22.85, 23.17, 22.21, 23.22, 22.91], [23.5, 23.61, 21.73, 22.53, 22.74, 21.94, 22.32, 23.62]]}","{""smoke"": 0.002417, ""heat_grid"": 0.322586}",none,0,0,0,0,0.0,0.0,0,clear,0.3405,[],[],,1,monitor,MINIMAL,1,monitor,True
"[""heat_grid"", ""smoke""]","{""smoke"": 2018.2018, ""heat_grid"": [[22.47, 24.35, 24.41, 23.4, 23.92, 24.16, 22.7, 22.63], [23.84, 23.58, 23.82, 23.61, 23.92, 22.78, 22.9, 22.94], [23.3, 23.98, 24.13, 23.27, 23.67, 23.06, 23.42, 24.35], [23.0, 24.04, 22.55, 23.16, 23.78, 24.02, 23.65, 24.2], [24.11, 23.7, 23.16, 23.19, 23.7, 23.78, 23.25, 23.26], [22.82, 22.47, 23.39, 24.13, 24.0, 24.45, 23.8, 22.93], [23.82, 24.12, 23.75, 23.43, 23.7, 22.52, 23.0, 22.78], [23.29, 24.25, 22.84, 42.52, 24.02, 24.2, 23.53, 23.22]]}","{""smoke"": 0.20182, ""heat_grid"": 0.531455}",fire_smoke,1,1,2,2,0.125531,0.027733,2,fire,0.8414,[],[],,5,"alert,suppress,evacuate",CRITICAL,5,"alert,suppress,evacuate",True
"[""heat_grid"", ""smoke""]","{""smoke"": 763.6733, ""heat_grid"": [[24.47, 24.07, 24.32, 23.82, 24.23, 23.48, 22.72, 23.89], [23.67, 23.44, 23.02, 24.04, 24.11, 23.2, 24.33, 23.21], [22.69, 22.8, 23.46, 22.63, 23.91, 24.06, 23.57, 24.26], [24.38, 23.37, 22.65, 22.93, 23.79, 23.28, 23.84, 23.8], [23.68, 22.79, 23.04, 23.23, 24.12, 23.83, 23.76, 23.81], [23.48, 22.55, 22.87, 22.75, 22.6, 23.11, 24.05, 22.7], [22.69, 22.72, 23.01, 22.87, 22.5, 23.02, 24.46, 23.14], [22.89, 35.48, 22.93, 23.59, 23.27, 24.26, 24.33, 23.9]]}","{""smoke"": 0.076367, ""heat_grid"": 0.443503}",fire_smoke,1,1,2,1,0.040124,0.080836,2,fire,0.3175,[],[],,4,"alert,suppress",HIGH,4,"alert,suppress",True
"[""heat_grid""]","{""smoke"": 198.2806, ""heat_grid"": [[21.63, 21.62, 21.71, 22.69, 22.23, 22.02, 21.97, 23.43], [21.77, 22.14, 22.47, 21.53, 23.37, 21.73, 22.9, 22.79], [23.15, 22.83, 23.07, 22.37, 22.51, 22.94, 22.67, 22.55], [21.94, 22.05, 22.25, 21.55, 22.37, 21.54, 22.66, 22.94], [22.66, 22.92, 21.53, 21.65, 22.93, 23.14, 22.97, 22.86], [22.95, 23.01, 22.98, 23.01, 21.68, 21.66, 27.04, 22.59], [23.06, 22.2, 22.08, 23.09, 22.03, 23.17, 21.89, 22.25], [22.33, 22.13, 21.54, 22.0, 22.21, 22.16, 23.1, 21.63]]}","{""smoke"": 0.019828, ""heat_grid"": 0.338044}",none,0,0,0,0,0.0,0.0,0,clear,0.3225,[],[],,2,monitor,LOW,2,monitor,True
"[""heat_grid""]","{""smoke"": 1.0087, ""heat_grid"": [[23.06, 23.08, 24.22, 24.16, 24.64, 24.17, 24.88, 23.61], [23.78, 24.94, 23.2, 24.57, 23.0, 23.95, 23.29, 24.18], [24.58, 23.05, 23.31, 23.67, 23.49, 23.75, 24.88, 23.18], [23.83, 23.9, 23.54, 23.54, 24.41, 24.22, 24.61, 23.79], [24.19, 24.77, 24.68, 24.82, 23.52, 24.95, 24.61, 24.57], [24.32, 24.95, 23.86, 28.05, 24.38, 24.45, 24.48, 23.36], [23.68, 23.77, 24.48, 24.41, 24.65, 24.56, 24.17, 23.26], [24.25, 24.76, 24.27, 24.77, 24.98, 23.7, 24.43, 24.06]]}","{""smoke"": 0.000101, ""heat_grid"": 0.350656}",none,0,0,0,0,0.0,0.0,0,clear,0.4475,[],[],,2,monitor,LOW,2,monitor,True
[],"{""smoke"": 55.7583, ""heat_grid"": [[23.6, 23.76, 24.08, 22.61, 24.22, 22.42, 24.04, 22.52], [22.75, 22.37, 23.25, 23.03, 22.69, 23.27, 23.17, 23.9], [24.15, 23.67, 22.61, 22.95, 24.19, 22.54, 23.18, 24.25], [24.26, 22.46, 23.7, 23.28, 23.87, 22.43, 22.65, 23.59], [22.83, 23.7, 23.07, 24.14, 24.0, 23.35, 23.91, 22.91], [23.35, 22.76, 24.08, 24.01, 24.17, 24.12, 24.28, 22.82], [24.23, 23.51, 23.21, 23.48, 23.05, 22.94, 22.85, 22.53], [23.36, 24.14, 23.62, 23.4, 23.22, 23.29, 22.78, 24.01]]}","{""smoke"": 0.005576, ""heat_grid"": 0.28079}",none,0,0,0,0,0.0,0.0,0,clear,0.3933,[],[],,1,monitor,MINIMAL,1,monitor,True
"[""heat_grid"", ""smoke""]","{""smoke"": 511.1194, ""heat_grid"": [[22.7, 22.28, 22.2, 23.44, 22.28, 23.3, 23.25, 21.9], [23.59, 23.41, 23.42, 23.45, 22.99, 23.82, 22.19, 21.97], [23.24, 22.42, 23.05, 22.61, 22.5, 23.62, 22.11, 22.21], [23.16, 23.39, 23.49, 22.29, 23.59, 23.05, 23.48, 21.97], [22.54, 22.88, 22.98, 22.03, 22.91, 23.16, 22.55, 22.83], [22.41, 23.57, 23.03, 22.93, 23.72, 23.16, 22.39, 23.11], [23.75, 21.88, 23.08, 22.14, 23.46, 23.11, 23.7, 23.17], [21.86, 22.85, 28.05, 22.29, 21.99, 23.27, 22.83, 21.92]]}","{""smoke"": 0.051112, ""heat_grid"": 0.350611}",fire,1,0,1,0,0.061768,0.0,1,fire,0.583,[],[],,3,alert,MODERATE,3,alert,True
"[""heat_grid"", ""smoke""]","{""smoke"": 0, ""heat_grid"": [[24.0, 24.0, 24.0, 24.0, 24.0, 24.0, 24.0, 24.0], [24.0, 24.0, 24.0, 24.0, 24.0, 24.0, 24.0, 24.0], [24.0, 24.0, 24.0, 24.0, 24.0, 24.0, 24.0, 24.0], [24.0, 24.0, 24.0, 24.0, 24.0, 24.0, 24.0, 24.0], [24.0, 24.0, 24.0, 24.0, 24.0, 24.0, 24.0, 24.0], [24.0, 24.0, 24.0, 24.0, 24.0, 24.0, 24.0, 24.0], [24.0, 24.0, 24.0, 24.0, 24.0, 24.0, 24.0, 24.0], [24.0, 24.0, 24.0, 24.0, 24.0, 24.0, 24.0, 24.0]]}","{""smoke"": -1, ""heat_grid"": -1}",smoke,0,0,0,1,0.0,0.073684,1,smoky,0.3182,[],[],,3,alert,MODERATE,3,alert,True
"[""heat_grid"", ""smoke""]","{""smoke"": 507.632, ""heat_grid"": [[23.74, 24.61, 23.56, 24.29, 24.69, 24.44, 23.59, 24.32], [23.32, 23.02, 24.49, 24.52, 22.95, 24.8, 23.8, 24.72], [24.48, 24.71, 24.57, 29.77, 24.16, 23.36, 23.69, 24.41], [23.22, 24.77, 23.32, 24.66, 23.87, 24.59, 24.82, 23.75], [24.3, 23.36, 24.51, 24.55, 23.5, 22.95, 23.77, 23.25], [24.54, 23.43, 24.79, 24.85, 24.72, 24.11, 23.44, 24.52], [24.31, 24.86, 23.66, 23.02, 24.9, 24.58, 23.35, 24.36], [22.91, 24.02, 23.63, 23.67, 23.4, 23.46, 23.82, 23.4]]}","{""smoke"": 0.050763, ""heat_grid"": 0.372142}",smoke,0,0,0,1,0.0,0.054778,1,smoky,0.7063,[],[],,3,alert,MODERATE,3,alert,True
"[""heat_grid"", ""smoke""]","{""smoke"": 0, ""heat_grid"": [[24.0, 24.0, 24.0, 24.0, 24.0, 24.0, 24.0, 24.0], [24.0, 24.0, 24.0, 24.0, 24.0, 24.0, 24.0, 24.0], [24.0, 24.0, 24.0, 24.0, 24.0, 24.0, 24.0, 24.0], [24.0, 24.0, 24.0, 24.0, 24.0, 24.0, 24.0, 24.0], [24.0, 24.0, 24.0, 24.0, 24.0, 24.0, 24.0, 24.0], [24.0, 24.0, 24.0, 24.0, 24.0, 24.0, 24.0, 24.0], [24.0, 24.0, 24.0, 24.0, 24.0, 24.0, 24.0, 24.0], [24.0, 24.0, 24.0, 24.0, 24.0, 24.0, 24.0, 24.0]]}","{""smoke"": -1, ""heat_grid"": -1}",fire,1,0,2,1,0.047219,0.046335,2,fire,0.6609,[],[],,4,"alert,suppress",HIGH,4,"alert,suppress",True
"[""heat_grid"", ""smoke""]","{""smoke"": 0, ""heat_grid"": [[24.0, 24.0, 24.0, 24.0, 24.0, 24.0, 24.0, 24.0], [24.0, 24.0, 24.0, 24.0, 24.0, 24.0, 24.0, 24.0], [24.0, 24.0, 24.0, 24.0, 24.0, 24.0, 24.0, 24.0], [24.0, 24.0, 24.0, 24.0, 24.0, 24.0, 24.0, 24.0], [24.0, 24.0, 24.0, 24.0, 24.0, 24.0, 24.0, 24.0], [24.0, 24.0, 24.0, 24.0, 24.0, 24.0, 24.0, 24.0], [24.0, 24.0, 24.0, 24.0, 24.0, 24.0, 24.0, 24.0], [24.0, 24.0, 24.0, 24.0, 24.0, 24.0, 24.0, 24.0]]}","{""smoke"": -1, ""heat_grid"": -1}",fire_smoke,1,0,1,0,0.095528,0.0,1,fire,0.4534,[],[],,4,"alert,suppress",HIGH,4,"alert,suppress",True
"[""heat_grid"", ""smoke""]","{""smoke"": 4640.2142, ""heat_grid"": [[23.85, 23.67, 24.25, 23.87, 23.58, 24.8, 24.42, 23.37], [24.46, 23.48, 23.84, 23.41, 23.2, 23.77, 24.09, 23.58], [23.13, 23.48, 23.47, 24.16, 23.54, 24.04, 23.92, 23.51], [24.46, 24.31, 24.34, 23.84, 23.61, 24.16, 39.55, 23.84], [24.31, 23.86, 24.84, 23.51, 23.89, 23.96, 24.43, 24.42], [24.46, 24.44, 23.92, 23.29, 24.72, 23.63, 23.2, 23.23], [23.97, 23.83, 24.3, 24.2, 23.19, 23.57, 24.77, 24.51], [24.72, 23.02, 24.8, 24.7, 23.88, 24.32, 23.52, 24.29]]}","{""smoke"": 0.464021, ""heat_grid"": 0.494359}",fire_smoke,1,1,2,1,0.0091,0.054961,2,fire,0.735,[],[],,5,"alert,suppress,evacuate",CRITICAL,5,"alert,suppress,evacuate",True
"[""heat_grid""]","{""smoke"": 235.874, ""heat_grid"": [[22.61, 22.07, 22.61, 22.03, 22.96, 21.38, 23.06, 21.81], [21.36, 22.4, 21.72, 22.19, 22.88, 22.85, 22.47, 23.23], [22.2, 21.35, 22.91, 21.71, 21.62, 21.41, 21.93, 21.92], [21.88, 22.46, 22.77, 23.15, 28.63, 21.57, 22.45, 21.47], [22.01, 22.52, 22.83, 21.71, 22.61, 22.56, 22.99, 21.9], [22.77, 22.77, 21.75, 22.51, 22.62, 21.82, 22.17, 22.14], [22.82, 21.27, 22.27, 21.64, 22.56, 22.63, 22.27, 22.35], [21.9, 21.9, 22.76, 21.53, 22.81, 22.58, 23.04, 21.79]]}","{""smoke"": 0.023587, ""heat_grid"": 0.357818}",fire,1,0,2,0,0.082563,0.0,2,fire,0.7052,[],[],,3,alert,MODERATE,3,alert,True
"[""heat_grid""]","{""smoke"": 268.8145, ""heat_grid"": [[22.76, 24.1, 24.06, 23.1, 23.93, 23.49, 24.22, 24.01], [27.02, 24.16, 24.34, 23.89, 22.64, 24.02, 23.7, 23.08], [24.17, 23.53, 24.11, 23.74, 22.98, 24.35, 23.54, 23.44], [23.21, 22.67, 23.77, 23.26, 24.27, 24.33, 23.94, 22.89], [23.83, 22.44, 24.06, 23.39, 24.28, 23.16, 22.93, 24.39], [23.46, 24.13, 24.22, 23.44, 23.31, 23.51, 24.1, 24.33], [23.06, 23.88, 22.97, 23.62, 24.01, 24.18, 23.3, 23.14], [22.91, 22.67, 23.13, 24.15, 23.24, 23.04, 23.88, 22.83]]}","{""smoke"": 0.026881, ""heat_grid"": 0.337797}",smoke,0,0,0,0,0.0,0.0,0,clear,0.8615,[],[],,2,monitor,LOW,2,monitor,True
"[""heat_grid""]","{""smoke"": 52.2556, ""heat_grid"": [[21.64, 22.54, 22.9, 22.54, 22.96, 22.53, 22.94, 23.3], [22.13, 21.64, 21.61, 22.54, 22.44, 21.71, 23.11, 23.26], [21.85, 21.76, 21.77, 22.12, 23.05, 22.54, 21.48, 22.29], [21.52, 22.16, 22.15, 22.64, 22.44, 23.09, 21.38, 28.15], [21.39, 21.95, 23.1, 22.72, 21.69, 22.33, 22.79, 23.22], [22.61, 21.39, 22.34, 21.65, 21.44, 22.54, 22.9, 21.42], [22.91, 22.76, 22.85, 21.83, 22.13, 21.58, 21.82, 21.95], [21.98, 21.69, 21.72, 23.15, 22.91, 22.03, 23.24, 21.82]]}","{""smoke"": 0.005226, ""heat_grid"": 0.351936}",none,0,0,0,0,0.0,0.0,0,clear,0.7881,[],[],,2,monitor,LOW,2,monitor,True
"[""heat_grid"", ""smoke""]","{""smoke"": 568.3883, ""heat_grid"": [[23.19, 23.54, 23.64, 23.8, 24.38, 23.84, 24.62, 24.12], [24.64, 23.77, 24.02, 24.14, 24.17, 22.71, 22.92, 23.12], [23.21, 24.47, 24.11, 22.95, 23.52, 23.15, 24.32, 24.5], [22.99, 23.5, 24.57, 23.98, 24.4, 23.38, 23.08, 24.05], [22.94, 24.34, 24.17, 23.27, 23.66, 24.26, 24.53, 32.94], [24.24, 23.05, 24.47, 24.04, 22.97, 24.14, 24.11, 24.15], [23.35, 24.14, 24.32, 23.36, 23.08, 24.44, 23.91, 23.58], [24.42, 22.94, 24.29, 23.65, 22.75, 24.61, 24.22, 23.09]]}","{""smoke"": 0.056839, ""heat_grid"": 0.411742}",fire,1,1,2,2,0.097054,0.017081,2,fire,0.4118,[],[],,4,"alert,suppress",HIGH,4,"alert,suppress",True
"[""heat_grid"", ""smoke""]","{""smoke"": 1680.1085, ""heat_grid"": [[22.79, 22.72, 21.58, 21.79, 22.14, 21.34, 22.75, 22.95], [21.73, 22.96, 22.71, 22.57, 23.05, 21.76, 22.94, 21.31], [22.07, 22.21, 21.36, 22.58, 22.06, 22.02, 22.27, 21.38], [21.51, 21.47, 23.01, 22.66, 22.17, 22.43, 22.41, 21.63], [21.28, 22.22, 21.64, 22.86, 21.58, 22.26, 21.95, 22.6], [23.01, 21.93, 21.2, 22.43, 21.37, 21.32, 22.43, 21.32], [21.37, 21.99, 22.01, 22.94, 21.66, 21.91, 22.52, 22.76], [21.81, 22.37, 22.36, 21.72, 34.81, 22.47, 21.65, 21.75]]}","{""smoke"": 0.168011, ""heat_grid"": 0.435165}",fire_smoke,0,0,0,0,0.0,0.0,0,hazy,0.4449,[],[],,4,"alert,suppress",HIGH,4,"alert,suppress",True
[],"{""smoke"": 70.5265, ""heat_grid"": [[23.91, 25.31, 24.25, 24.32, 23.93, 24.47, 23.49, 23.29], [23.59, 23.71, 24.28, 24.58, 24.33, 23.24, 23.62, 23.2], [24.26, 23.38, 23.94, 24.47, 24.23, 23.48, 23.55, 24.19], [23.99, 23.08, 24.64, 23.91, 23.83, 23.28, 23.64, 23.55], [23.43, 24.02, 23.81, 24.67, 24.77, 23.33, 23.09, 24.46], [24.88, 24.61, 22.93, 23.39, 22.97, 24.53, 24.05, 23.91], [24.0, 23.39, 24.09, 22.95, 24.18, 24.36, 24.23, 23.55], [24.54, 24.32, 23.14, 23.28, 24.16, 23.47, 23.13, 23.2]]}","{""smoke"": 0.007053, ""heat_grid"": 0.316345}",none,0,0,0,0,0.0,0.0,0,clear,0.3456,[],[],,1,monitor,MINIMAL,1,monitor,True
"[""heat_grid"", ""smoke""]","{""smoke"": 0, ""heat_grid"": [[24.0, 24.0, 24.0, 24.0, 24.0, 24.0, 24.0, 24.0], [24.0, 24.0, 24.0, 24.0, 24.0, 24.0, 24.0, 24.0], [24.0, 24.0, 24.0, 24.0, 24.0, 24.0, 24.0, 24.0], [24.0, 24.0, 24.0, 24.0, 24.0, 24.0, 24.0, 24.0], [24.0, 24.0, 24.0, 24.0, 24.0, 24.0, 24.0, 24.0], [24.0, 24.0, 24.0, 24.0, 24.0, 24.0, 24.0, 24.0], [24.0, 24.0, 24.0, 24.0, 24.0, 24.0, 24.0, 24.0], [24.0, 24.0, 24.0, 24.0, 24.0, 24.0, 24.0, 24.0]]}","{""smoke"": -1, ""heat_grid"": -1}",fire,0,1,0,0,0.0,0.0,0,hazy,0.654,[],[],,4,"alert,suppress",HIGH,4,"alert,suppress",True
[],"{""smoke"": 0, ""heat_grid"": [[24.0, 24.0, 24.0, 24.0, 24.0, 24.0, 24.0, 24.0], [24.0, 24.0, 24.0, 24.0, 24.0, 24.0, 24.0, 24.0], [24.0, 24.0, 24.0, 24.0, 24.0, 24.0, 24.0, 24.0], [24.0, 24.0, 24.0, 24.0, 24.0, 24.0, 24.0, 24.0], [24.0, 24.0, 24.0, 24.0, 24.0, 24.0, 24.0, 24.0], [24.0, 24.0, 24.0, 24.0, 24.0, 24.0, 24.0, 24.0], [24.0, 24.0, 24.0, 24.0, 24.0, 24.0, 24.0, 24.0], [24.0, 24.0, 24.0, 24.0, 24.0, 24.0, 24.0, 24.0]]}","{""smoke"": -1, ""heat_grid"": -1}",none,0,0,0,0,0.0,0.0,0,clear,0.3063,[],[],,1,monitor,MINIMAL,1,monitor,True
"[""heat_grid"", ""smoke""]","{""smoke"": 3417.2006, ""heat_grid"": [[39.51, 22.59, 23.33, 22.74, 23.75, 23.51, 23.37, 23.34], [22.96, 23.6, 22.97, 22.54, 22.18, 23.42, 22.54, 23.37], [23.76, 22.59, 22.47, 22.13, 22.74, 23.1, 22.42, 22.76], [22.87, 22.34, 21.84, 22.22, 23.4, 22.35, 21.82, 22.64], [23.16, 23.3, 22.62, 22.94, 23.28, 23.57, 23.07, 23.17], [21.99, 22.63, 23.57, 22.11, 22.41, 23.15, 23.6, 21.91], [23.53, 22.23, 23.51, 23.57, 23.34, 23.64, 23.72, 23.64], [22.82, 22.72, 22.0, 22.23, 23.1, 22.05, 23.68, 22.25]]}","{""smoke"": 0.34172, ""heat_grid"": 0.49389}",fire_smoke,1,0,1,0,0.012092,0.0,1,fire,0.3997,[],[],,5,"alert,suppress,evacuate",CRITICAL,5,"alert,suppress,evacuate",True
[],"{""smoke"": 40.2963, ""heat_grid"": [[23.71, 23.28, 23.76, 24.33, 23.03, 22.36, 22.58, 23.44], [23.02, 24.21, 23.59, 23.37, 23.93, 22.85, 23.97, 22.34], [23.57, 24.2, 23.91, 24.04, 23.13, 23.98, 23.43, 23.57], [22.45, 22.74, 23.43, 22.45, 23.82, 24.01, 24.17, 22.54], [24.21, 22.47, 23.28, 24.01, 22.47, 22.37, 22.38, 23.36], [23.96, 22.59, 22.58, 23.47, 22.8, 23.79, 24.23, 23.86], [24.09, 23.37, 24.0, 22.7, 22.47, 23.64, 22.44, 24.12], [23.72, 24.24, 22.96, 23.3, 23.82, 22.82, 23.42, 25.64]]}","{""smoke"": 0.00403, ""heat_grid"": 0.320479}",none,0,0,0,0,0.0,0.0,0,clear,0.3989,[],[],,1,monitor,MINIMAL,1,monitor,True
"[""heat_grid""]","{""smoke"": 232.1519, ""heat_grid"": [[21.57, 23.16, 22.14, 22.44, 22.93, 22.13, 22.69, 21.54], [22.35, 21.58, 21.89, 21.98, 22.83, 22.74, 22.88, 21.51], [23.38, 21.5, 23.04, 22.87, 22.57, 22.27, 22.9, 22.87], [21.66, 22.98, 21.55, 22.39, 22.68, 23.03, 22.32, 21.86], [22.37, 21.89, 22.45, 22.31, 22.95, 21.87, 21.79, 22.34], [21.49, 21.85, 22.1, 22.37, 21.93, 22.51, 27.88, 22.48], [21.96, 21.51, 21.66, 22.51, 22.76, 21.49, 21.76, 22.03], [22.03, 23.31, 21.8, 21.51, 22.1, 21.66, 21.64, 22.2]]}","{""smoke"": 0.023215, ""heat_grid"": 0.348486}",smoke,0,0,0,0,0.0,0.0,0,clear,0.355,[],[],,2,monitor,LOW,2,monitor,True
[],"{""smoke"": 0, ""heat_grid"": [[24.0, 24.0, 24.0, 24.0, 24.0, 24.0, 24.0, 24.0], [24.0, 24.0, 24.0, 24.0, 24.0, 24.0, 24.0, 24.0], [24.0, 24.0, 24.0, 24.0, 24.0, 24.0, 24.0, 24.0], [24.0, 24.0, 24.0, 24.0, 24.0, 24.0, 24.0, 24.0], [24.0, 24.0, 24.0, 24.0, 24.0, 24.0, 24.0, 24.0], [24.0, 24.0, 24.0, 24.0, 24.0, 24.0, 24.0, 24.0], [24.0, 24.0, 24.0, 24.0, 24.0, 24.0, 24.0, 24.0], [24.0, 24.0, 24.0, 24.0, 24.0, 24.0, 24.0, 24.0]]}","{""smoke"": -1, ""heat_grid"": -1}",none,0,0,0,0,0.0,0.0,0,clear,0.4306,[],[],,1,monitor,MINIMAL,1,monitor,True
"[""heat_grid"", ""smoke""]","{""smoke"": 0, ""heat_grid"": [[24.0, 24.0, 24.0, 24.0, 24.0, 24.0, 24.0, 24.0], [24.0, 24.0, 24.0, 24.0, 24.0, 24.0, 24.0, 24.0], [24.0, 24.0, 24.0, 24.0, 24.0, 24.0, 24.0, 24.0], [24.0, 24.0, 24.0, 24.0, 24.0, 24.0, 24.0, 24.0], [24.0, 24.0, 24.0, 24.0, 24.0, 24.0, 24.0, 24.0], [24.0, 24.0, 24.0, 24.0, 24.0, 24.0, 24.0, 24.0], [24.0, 24.0, 24.0, 24.0, 24.0, 24.0, 24.0, 24.0], [24.0, 24.0, 24.0, 24.0, 24.0, 24.0, 24.0, 24.0]]}","{""smoke"": -1, ""heat_grid"": -1}",fire_smoke,1,0,2,2,0.100584,0.075207,2,fire,0.7154,[],[],,5,"alert,suppress,evacuate",CRITICAL,5,"alert,suppress,evacuate",True
"[""heat_grid"", ""smoke""]","{""smoke"": 1731.4781, ""heat_grid"": [[23.58, 23.14, 23.4, 24.19, 23.13, 24.31, 24.51, 23.14], [22.77, 24.44, 22.87, 24.07, 22.61, 23.0, 23.05, 23.12], [24.37, 22.88, 22.88, 23.91, 24.43, 23.31, 35.7, 22.59], [24.18, 23.98, 24.32, 23.8, 24.41, 23.31, 23.99, 23.98], [23.07, 24.37, 24.09, 24.26, 23.25, 24.21, 23.16, 24.46], [22.58, 23.77, 22.75, 23.97, 23.26, 24.27, 24.27, 23.27], [24.15, 23.89, 23.38, 23.22, 22.95, 22.66, 23.56, 23.61], [23.42, 24.43, 22.56, 24.23, 24.13, 24.05, 23.58, 22.91]]}","{""smoke"": 0.173148, ""heat_grid"": 0.446308}",fire_smoke,0,0,0,2,0.0,0.084118,2,smoky,0.4415,[],[],,4,"alert,suppress",HIGH,4,"alert,suppress",True
"[""heat_grid"", ""smoke""]","{""smoke"": 1828.4462, ""heat_grid"": [[22.98, 23.85, 23.21, 22.44, 22.98, 22.91, 22.6, 23.45], [22.52, 22.97, 22.86, 22.91, 23.11, 23.35, 22.27, 22.56], [23.53, 23.8, 22.07, 22.13, 23.85, 22.28, 23.94, 23.64], [22.22, 22.19, 23.93, 22.49, 23.06, 22.45, 23.18, 23.66], [23.29, 22.07, 23.17, 23.3, 22.38, 23.5, 23.23, 22.0], [23.88, 22.87, 22.44, 22.15, 22.73, 22.6, 22.58, 23.57], [23.27, 22.25, 23.4, 23.43, 23.01, 32.62, 22.55, 22.1], [22.04, 22.62, 22.98, 22.14, 23.11, 23.78, 23.57, 23.33]]}","{""smoke"": 0.182845, ""heat_grid"": 0.407811}",fire,1,0,1,2,0.061834,0.043171,2,fire,0.484,[],[],,4,"alert,suppress",HIGH,4,"alert,suppress",True
"[""heat_grid"", ""smoke""]","{""smoke"": 1374.339, ""heat_grid"": [[23.57, 22.9, 23.84, 24.21, 23.36, 23.05, 34.1, 24.49], [24.0, 24.34, 24.7, 23.9, 23.25, 24.04, 24.59, 24.14], [22.82, 24.6, 24.27, 23.57, 24.74, 24.21, 24.42, 24.65], [22.84, 24.31, 23.54, 24.5, 24.52, 24.42, 24.32, 24.35], [23.36, 23.58, 22.99, 24.43, 24.06, 23.99, 23.26, 23.99], [23.67, 24.75, 24.49, 23.82, 24.38, 23.09, 22.97, 24.03], [24.22, 22.87, 23.17, 23.84, 22.89, 23.61, 23.73, 24.61], [23.4, 23.1, 22.78, 23.01, 24.27, 23.65, 23.16, 24.63]]}","{""smoke"": 0.137434, ""heat_grid"": 0.426262}",fire_smoke,0,1,0,0,0.0,0.0,0,hazy,0.4614,[],[],,4,"alert,suppress",HIGH,4,"alert,suppress",True
[],"{""smoke"": 23.4946, ""heat_grid"": [[23.21, 23.4, 24.01, 23.79, 24.02, 23.69, 24.65, 24.5], [24.57, 24.07, 24.09, 24.03, 23.69, 23.46, 24.0, 22.87], [22.83, 24.52, 22.91, 23.87, 24.05, 23.21, 24.61, 23.2], [24.58, 24.34, 23.3, 23.12, 23.45, 23.61, 23.31, 24.81], [23.27, 24.48, 23.13, 24.78, 23.27, 23.66, 23.93, 23.06], [24.45, 23.36, 23.91, 23.91, 24.02, 22.93, 23.15, 23.14], [23.42, 23.11, 24.66, 23.84, 24.06, 23.53, 23.37, 23.82], [23.4, 23.5, 23.72, 23.83, 24.78, 23.26, 23.79, 23.11]]}","{""smoke"": 0.002349, ""heat_grid"": 0.300142}",none,0,0,0,0,0.0,0.0,0,clear,0.3935,[],[],,1,monitor,MINIMAL,1,monitor,True
"[""heat_grid""]","{""smoke"": 247.9517, ""heat_grid"": [[24.45, 23.66, 23.57, 23.18, 23.79, 23.89, 23.55, 23.0], [23.25, 22.73, 23.34, 23.87, 24.62, 23.06, 22.82, 23.3], [23.02, 24.1, 22.72, 24.67, 29.69, 23.69, 24.55, 23.96], [24.69, 23.26, 24.7, 23.07, 23.41, 24.58, 23.45, 23.12], [22.82, 23.0, 23.42, 23.55, 23.79, 24.33, 22.73, 24.39], [23.86, 24.22, 24.22, 24.51, 22.89, 23.85, 24.52, 24.14], [22.9, 23.93, 24.3, 23.25, 23.97, 24.39, 23.75, 23.09], [23.8, 23.88, 23.51, 24.06, 23.57, 24.46, 24.29, 24.31]]}","{""smoke"": 0.024795, ""heat_grid"": 0.371082}",fire,0,0,0,0,0.0,0.0,0,clear,0.7347,[],[],,3,alert,MODERATE,3,alert,True
"[""heat_grid"", ""smoke""]","{""smoke"": 787.7014, ""heat_grid"": [[22.82, 23.24, 23.54, 22.88, 21.74, 23.06, 21.89, 23.05], [22.88, 22.98, 22.08, 22.69, 22.94, 22.3, 22.07, 22.15], [23.42, 22.63, 23.03, 22.73, 23.37, 22.72, 21.89, 22.1], [21.73, 23.37, 23.03, 23.22, 23.13, 23.35, 23.68, 23.01], [22.21, 21.91, 22.88, 23.24, 22.83, 22.31, 23.14, 22.6], [22.28, 23.39, 22.86, 22.27, 22.36, 22.85, 22.55, 22.02], [22.92, 23.08, 21.7, 22.78, 22.86, 22.37, 22.38, 28.04], [22.59, 23.33, 22.64, 23.69, 22.46, 23.1, 22.8, 23.23]]}","{""smoke"": 0.07877, ""heat_grid"": 0.350457}",fire,1,0,2,1,0.047031,0.07099,2,fire,0.8602,[],[],,3,alert,MODERATE,3,alert,True
"[""heat_grid""]","{""smoke"": 0, ""heat_grid"": [[24.0, 24.0, 24.0, 24.0, 24.0, 24.0, 24.0, 24.0], [24.0, 24.0, 24.0, 24.0, 24.0, 24.0, 24.0, 24.0], [24.0, 24.0, 24.0, 24.0, 24.0, 24.0, 24.0, 24.0], [24.0, 24.0, 24.0, 24.0, 24.0, 24.0, 24.0, 24.0], [24.0, 24.0, 24.0, 24.0, 24.0, 24.0, 24.0, 24.0], [24.0, 24.0, 24.0, 24.0, 24.0, 24.0, 24.0, 24.0], [24.0, 24.0, 24.0, 24.0, 24.0, 24.0, 24.0, 24.0], [24.0, 24.0, 24.0, 24.0, 24.0, 24.0, 24.0, 24.0]]}","{""smoke"": -1, ""heat_grid"": -1}",fire,1,0,2,1,0.024989,0.056595,2,fire,0.4638,[],[],,3,alert,MODERATE,3,alert,True
[],"{""smoke"": 77.2105, ""heat_grid"": [[23.54, 24.05, 22.78, 23.18, 23.81, 23.09, 23.1, 24.44], [24.74, 23.88, 24.44, 24.74, 23.05, 26.38, 23.55, 22.92], [24.27, 23.63, 23.7, 23.06, 23.13, 24.58, 22.85, 23.23], [23.35, 23.74, 23.94, 23.75, 22.93, 23.25, 24.45, 24.04], [24.06, 24.1, 24.29, 22.88, 23.5, 23.84, 23.44, 24.45], [23.73, 24.3, 24.47, 23.77, 24.58, 23.94, 24.46, 23.44], [23.76, 23.83, 22.97, 23.56, 24.6, 24.03, 23.12, 23.44], [23.15, 22.81, 24.62, 23.66, 23.38, 23.96, 22.78, 23.32]]}","{""smoke"": 0.007721, ""heat_grid"": 0.329773}",none,0,0,0,0,0.0,0.0,0,clear,0.3768,[],[],,1,monitor,MINIMAL,1,monitor,True
"[""heat_grid"", ""smoke""]","{""smoke"": 744.8894, ""heat_grid"": [[21.76, 22.18, 23.19, 21.49, 22.4, 21.95, 22.56, 22.57], [21.75, 22.84, 21.45, 22.91, 21.69, 22.45, 21.96, 22.49], [21.8, 22.41, 21.29, 22.02, 22.92, 22.19, 22.27, 22.51], [22.14, 23.0, 22.08, 23.15, 23.02, 22.11, 22.0, 22.62], [22.78, 21.64, 21.75, 21.56, 28.84, 22.7, 21.65, 22.34], [22.8, 23.16, 21.63, 21.88, 21.97, 22.52, 21.54, 21.66], [22.83, 22.35, 21.59, 22.05, 21.54, 21.99, 22.07, 21.49], [21.39, 23.03, 23.04, 21.27, 22.55, 21.46, 22.89, 23.03]]}","{""smoke"": 0.074489, ""heat_grid"": 0.360471}",smoke,0,0,0,1,0.0,0.031004,1,smoky,0.4497,[],[],,3,alert,MODERATE,3,alert,True
"[""heat_grid"", ""smoke""]","{""smoke"": 967.6819, ""heat_grid"": [[22.37, 23.61, 23.39, 22.34, 22.5, 23.39, 21.88, 34.87], [22.77, 23.36, 22.84, 22.69, 23.63, 21.94, 23.27, 21.96], [23.17, 22.79, 22.24, 22.79, 23.47, 22.65, 21.72, 21.82], [22.97, 23.06, 22.51, 22.19, 23.14, 22.32, 21.86, 22.53], [22.79, 23.64, 22.89, 22.12, 23.37, 22.29, 23.63, 22.36], [23.53, 23.46, 23.44, 21.79, 23.41, 23.15, 22.38, 22.69], [22.99, 23.59, 23.27, 22.56, 23.0, 22.08, 22.55, 23.29], [22.92, 23.27, 22.73, 22.47, 23.19, 21.89, 23.66, 23.6]]}","{""smoke"": 0.096768, ""heat_grid"": 0.435874}",fire_smoke,0,1,0,2,0.0,0.05355,2,smoky,0.5988,[],[],,4,"alert,suppress",HIGH,4,"alert,suppress",True
"[""heat_grid""]","{""smoke"": 0, ""heat_grid"": [[24.0, 24.0, 24.0, 24.0, 24.0, 24.0, 24.0, 24.0], [24.0, 24.0, 24.0, 24.0, 24.0, 24.0, 24.0, 24.0], [24.0, 24.0, 24.0, 24.0, 24.0, 24.0, 24.0, 24.0], [24.0, 24.0, 24.0, 24.0, 24.0, 24.0, 24.0, 24.0], [24.0, 24.0, 24.0, 24.0, 24.0, 24.0, 24.0, 24.0], [24.0, 24.0, 24.0, 24.0, 24.0, 24.0, 24.0, 24.0], [24.0, 24.0, 24.0, 24.0, 24.0, 24.0, 24.0, 24.0], [24.0, 24.0, 24.0, 24.0, 24.0, 24.0, 24.0, 24.0]]}","{""smoke"": -1, ""heat_grid"": -1}",smoke,1,0,2,1,0.07107,0.029225,2,fire,0.5146,[],[],,3,alert,MODERATE,3,alert,True
"[""heat_grid""]","{""smoke"": 73.5851, ""heat_grid"": [[23.33, 22.3, 22.11, 21.46, 23.09, 22.66, 22.24, 21.9], [22.9, 23.3, 22.17, 21.68, 21.62, 27.76, 22.89, 23.37], [23.39, 22.97, 21.73, 23.36, 22.06, 22.07, 22.78, 21.5], [23.06, 23.4, 22.96, 22.97, 22.19, 21.54, 22.99, 22.6], [23.22, 21.64, 22.02, 22.13, 22.77, 22.98, 23.33, 22.0], [22.39, 21.46, 21.91, 22.15, 22.59, 22.35, 22.14, 22.65], [23.06, 21.89, 22.09, 22.82, 22.96, 23.06, 21.82, 22.48], [23.21, 22.19, 22.27, 23.38, 21.63, 22.82, 23.11, 21.71]]}","{""smoke"": 0.007359, ""heat_grid"": 0.346962}",smoke,0,0,0,0,0.0,0.0,0,clear,0.8117,[],[],,2,monitor,LOW,2,monitor,True
"[""heat_grid"", ""smoke""]","{""smoke"": 1783.0694, ""heat_grid"": [[23.12, 22.01, 21.87, 22.47, 22.16, 35.81, 22.45, 21.87], [21.24, 22.82, 22.2, 22.54, 22.32, 22.4, 21.61, 23.04], [22.06, 23.01, 22.78, 22.61, 22.09, 21.21, 21.8, 22.5], [21.83, 21.37, 22.2, 21.48, 21.78, 22.17, 21.4, 21.39], [21.59, 22.35, 23.03, 21.65, 22.61, 21.55, 22.44, 21.44], [22.86, 22.65, 22.53, 21.2, 22.84, 21.47, 22.23, 22.72], [22.43, 22.81, 22.59, 22.68, 21.77, 21.93, 22.17, 22.34], [22.55, 22.28, 22.59, 21.47, 21.96, 22.99, 21.6, 21.45]]}","{""smoke"": 0.178307, ""heat_grid"": 0.447565}",fire_smoke,1,0,2,0,0.071353,0.0,2,fire,0.7271,[],[],,5,"alert,suppress,evacuate",CRITICAL,5,"alert,suppress,evacuate",True
"[""heat_grid"", ""smoke""]","{""smoke"": 5083.2954, ""heat_grid"": [[23.5, 24.3, 24.15, 23.53, 23.75, 23.96, 23.97, 23.21], [23.18, 24.37, 24.46, 23.39, 24.42, 23.53, 22.93, 24.06], [22.68, 22.82, 24.47, 23.63, 23.12, 23.55, 23.75, 23.87], [23.29, 23.37, 23.69, 23.84, 38.51, 23.38, 24.34, 24.58], [23.27, 22.65, 23.8, 24.4, 22.7, 22.98, 23.94, 24.21], [22.76, 23.32, 23.07, 24.52, 23.96, 23.54, 24.32, 23.67], [24.41, 23.07, 22.65, 23.45, 23.0, 24.26, 23.66, 23.17], [24.14, 23.64, 23.6, 22.95, 24.58, 23.91, 24.3, 24.11]]}","{""smoke"": 0.50833, ""heat_grid"": 0.481414}",fire_smoke,1,1,1,0,0.101667,0.0,1,fire,0.3604,[],[],,5,"alert,suppress,evacuate",CRITICAL,5,"alert,suppress,evacuate",True
"[""heat_grid"", ""smoke""]","{""smoke"": 2541.5173, ""heat_grid"": [[24.17, 23.91, 23.76, 22.61, 22.94, 23.9, 24.22, 24.01], [24.15, 23.54, 23.22, 23.28, 23.17, 22.56, 22.87, 22.44], [22.43, 22.88, 23.59, 23.48, 23.37, 23.75, 23.1, 23.14], [23.29, 22.39, 23.42, 23.76, 22.78, 23.96, 22.79, 23.28], [24.0, 23.73, 23.41, 23.5, 22.47, 23.65, 23.48, 22.42], [22.5, 24.2, 22.61, 24.05, 22.81, 23.05, 23.37, 23.51], [23.25, 22.95, 23.25, 37.06, 23.05, 23.35, 23.01, 22.91], [22.85, 22.7, 23.78, 24.22, 22.31, 22.65, 24.18, 22.94]]}","{""smoke"": 0.254152, ""heat_grid"": 0.463262}",fire_smoke,1,0,2,2,0.056139,0.064124,2,fire,0.8404,[],[],,5,"alert,suppress,evacuate",CRITICAL,5,"alert,suppress,evacuate",True
"[""heat_grid"", ""smoke""]","{""smoke"": 5287.6602, ""heat_grid"": [[22.28, 22.12, 23.67, 23.29, 22.64, 21.99, 22.05, 23.19], [22.18, 22.47, 23.69, 22.94, 23.39, 21.98, 22.43, 23.57], [23.4, 23.22, 22.95, 22.31, 22.95, 21.88, 22.18, 22.81], [21.78, 22.24, 42.18, 22.47, 23.49, 23.67, 22.1, 22.24], [23.47, 22.12, 23.26, 21.95, 23.07, 22.31, 23.27, 22.81], [22.13, 22.58, 22.8, 23.77, 22.73, 22.08, 22.88, 22.21], [23.53, 23.44, 22.03, 22.95, 23.17, 22.28, 23.03, 22.7], [22.74, 22.88, 22.91, 23.19, 22.68, 23.22, 22.75, 23.1]]}","{""smoke"": 0.528766, ""heat_grid"": 0.527289}",fire_smoke,1,0,2,2,0.072859,0.041264,2,fire,0.3374,[],[],,5,"alert,suppress,evacuate",CRITICAL,5,"alert,suppress,evacuate",True
"[""heat_grid""]","{""smoke"": 204.1759, ""heat_grid"": [[23.86, 25.04, 25.13, 24.28, 24.72, 24.34, 24.0, 24.33], [23.67, 24.89, 25.14, 24.09, 24.61, 23.94, 23.73, 24.81], [23.75, 25.04, 24.02, 25.12, 24.22, 24.22, 24.98, 24.5], [23.88, 25.18, 24.16, 23.69, 24.31, 24.63, 24.7, 25.15], [24.56, 23.93, 24.0, 23.68, 24.95, 23.69, 24.69, 24.67], [25.05, 23.63, 23.89, 25.3, 24.62, 24.4, 24.98, 25.28], [24.01, 25.28, 23.7, 25.44, 23.81, 24.01, 23.67, 29.11], [25.45, 24.07, 24.13, 24.04, 23.79, 25.05, 23.6, 25.42]]}","{""smoke"": 0.020418, ""heat_grid"": 0.363882}",fire,1,0,2,0,0.05001,0.0,2,fire,0.8957,[],[],,3,alert,MODERATE,3,alert,True
"[""heat_grid"", ""smoke""]","{""smoke"": 3717.5529, ""heat_grid"": [[24.36, 23.5, 24.52, 24.05, 24.63, 24.84, 25.24, 24.42], [24.0, 24.14, 24.07, 24.17, 23.33, 23.76, 25.24, 25.13], [23.37, 25.23, 24.85, 23.27, 25.1, 25.19, 24.53, 24.85], [23.93, 24.41, 24.73, 24.39, 23.88, 24.57, 24.95, 36.55], [23.53, 24.16, 23.35, 24.53, 23.75, 25.13, 24.51, 24.07], [24.73, 23.68, 23.45, 23.44, 24.43, 25.05, 23.71, 24.79], [23.34, 23.98, 24.58, 24.92, 25.16, 24.53, 24.19, 23.39], [23.82, 25.12, 24.44, 23.95, 23.77, 23.5, 24.77, 24.09]]}","{""smoke"": 0.371755, ""heat_grid"": 0.456906}",fire_smoke,0,0,0,1,0.0,0.103205,1,smoky,0.3781,[],[],,5,"alert,suppress,evacuate",CRITICAL,5,"alert,suppress,evacuate",True
"[""heat_grid""]","{""smoke"": 67.1886, ""heat_grid"": [[21.48, 21.39, 21.75, 22.78, 21.78, 22.7, 22.12, 21.02], [21.39, 22.87, 22.22, 22.87, 21.63, 22.44, 22.55, 22.96], [21.04, 22.91, 21.79, 22.68, 22.1, 22.14, 21.73, 22.66], [21.54, 21.99, 22.13, 22.49, 27.66, 22.37, 21.98, 22.33], [22.36, 22.43, 22.65, 22.09, 21.39, 22.37, 21.16, 21.45], [22.59, 21.88, 22.0, 22.98, 21.48, 21.05, 21.23, 21.5], [22.46, 22.56, 22.14, 21.52, 22.05, 21.04, 22.37, 22.24], [21.05, 22.64, 22.53, 21.62, 22.28, 22.21, 21.29, 21.39]]}","{""smoke"": 0.006719, ""heat_grid"": 0.34578}",fire,1,0,1,0,0.056345,0.0,1,fire,0.6458,[],[],,2,monitor,LOW,2,monitor,True
"[""heat_grid"", ""smoke""]","{""smoke"": 1252.8314, ""heat_grid"": [[22.37, 22.45, 23.59, 23.94, 23.27, 22.73, 23.17, 23.89], [22.57, 23.47, 23.76, 35.15, 23.56, 24.12, 22.78, 22.62], [22.48, 23.81, 24.15, 23.73, 24.31, 23.77, 22.93, 22.86], [23.69, 23.71, 23.4, 23.41, 23.19, 23.05, 23.62, 23.85], [23.98, 22.97, 24.07, 22.96, 22.96, 23.97, 24.29, 24.22], [22.58, 22.93, 23.87, 23.97, 23.36, 22.39, 23.36, 22.42], [22.92, 23.67, 22.62, 23.78, 23.6, 23.21, 23.1, 24.18], [23.46, 24.13, 23.18, 23.54, 24.26, 22.6, 22.88, 24.19]]}","{""smoke"": 0.125283, ""heat_grid"": 0.439321}",fire,1,1,1,0,0.119694,0.0,1,fire,0.3613,[],[],,4,"alert,suppress",HIGH,4,"alert,suppress",True
"[""heat_grid"", ""smoke""]","{""smoke"": 4608.4202, ""heat_grid"": [[21.73, 22.42, 22.66, 21.6, 22.2, 22.41, 35.37, 21.74], [23.13, 23.05, 21.93, 23.02, 22.55, 23.25, 23.22, 22.52], [22.22, 21.57, 22.35, 22.08, 22.58, 21.47, 22.96, 23.22], [21.71, 22.55, 22.89, 22.4, 23.16, 22.31, 21.83, 22.23], [22.26, 21.8, 22.86, 22.52, 22.03, 22.13, 22.03, 22.18], [22.34, 21.95, 22.92, 23.14, 22.33, 22.71, 23.15, 21.67], [21.67, 21.43, 22.17, 21.95, 22.41, 22.19, 21.67, 22.07], [21.35, 22.36, 21.83, 21.51, 21.42, 22.72, 21.78, 22.61]]}","{""smoke"": 0.460842, ""heat_grid"": 0.442173}",fire_smoke,1,1,1,1,0.024293,0.078746,1,fire,0.343,[],[],,5,"alert,suppress,evacuate",CRITICAL,5,"alert,suppress,evacuate",True
[],"{""smoke"": 21.0087, ""heat_grid"": [[24.26, 23.56, 24.56, 25.02, 24.62, 24.25, 23.29, 23.23], [24.57, 23.66, 24.85, 24.6, 24.47, 23.63, 24.49, 24.97], [23.26, 23.73, 23.54, 23.86, 24.56, 24.02, 24.21, 23.7], [23.36, 23.61, 24.79, 24.28, 23.83, 24.65, 23.2, 23.58], [23.53, 25.04, 24.49, 24.31, 23.08, 23.44, 24.34, 23.83], [24.92, 24.6, 23.97, 24.57, 25.02, 24.0, 24.36, 24.91], [23.57, 24.85, 23.27, 24.37, 24.64, 24.3, 24.06, 24.31], [23.38, 23.5, 23.61, 24.27, 23.96, 23.56, 24.84, 23.82]]}","{""smoke"": 0.002101, ""heat_grid"": 0.312756}",none,0,0,0,0,0.0,0.0,0,clear,0.3319,[],[],,1,monitor,MINIMAL,1,monitor,True
"[""heat_grid"", ""smoke""]","{""smoke"": 869.8751, ""heat_grid"": [[23.32, 23.85, 22.38, 22.6, 22.56, 30.86, 23.27, 22.92], [23.93, 24.04, 24.21, 22.75, 23.37, 22.46, 22.84, 23.59], [23.2, 23.74, 24.04, 22.48, 24.24, 22.44, 24.32, 23.64], [22.45, 23.15, 22.88, 23.96, 22.81, 24.01, 22.98, 24.34], [22.9, 23.73, 23.96, 22.79, 22.51, 23.46, 23.71, 23.99], [22.91, 24.1, 24.19, 23.92, 22.38, 22.53, 24.36, 23.83], [23.61, 24.16, 22.44, 23.87, 23.67, 24.06, 23.92, 23.33], [22.5, 24.18, 23.89, 23.07, 24.33, 22.98, 23.1, 24.31]]}","{""smoke"": 0.086988, ""heat_grid"": 0.38577}",fire,0,0,0,2,0.0,0.089337,2,smoky,0.6219,[],[],,4,"alert,suppress",HIGH,4,"alert,suppress",True
"[""heat_grid"", ""smoke""]","{""smoke"": 5036.3915, ""heat_grid"": [[21.95, 23.48, 23.35, 22.44, 22.45, 22.46, 23.26, 22.51], [22.54, 22.67, 23.88, 22.84, 22.67, 22.86, 23.36, 23.69], [23.9, 22.89, 22.84, 22.58, 23.48, 23.23, 22.65, 22.96], [22.33, 23.31, 22.42, 22.62, 22.05, 22.36, 22.31, 23.39], [23.31, 22.99, 22.69, 23.7, 23.69, 23.12, 23.23, 23.51], [23.36, 22.37, 22.93, 22.22, 23.54, 23.23, 23.88, 22.19], [22.94, 23.37, 23.65, 36.5, 22.32, 23.88, 23.88, 23.86], [23.15, 23.58, 22.07, 22.43, 22.1, 22.93, 23.85, 23.22]]}","{""smoke"": 0.503639, ""heat_grid"": 0.456291}",fire_smoke,1,0,2,3,0.084799,0.059918,3,fire,0.6776,[],[],,5,"alert,suppress,evacuate",CRITICAL,5,"alert,suppress,evacuate",True
"[""heat_grid""]","{""smoke"": 127.4327, ""heat_grid"": [[25.14, 25.1, 24.45, 24.97, 24.08, 28.77, 25.09, 24.77], [24.01, 23.94, 23.76, 23.91, 24.82, 24.58, 23.68, 24.6], [23.94, 24.3, 23.92, 24.22, 24.64, 24.64, 24.69, 23.96], [24.56, 23.66, 24.14, 24.35, 24.55, 25.0, 23.79, 24.87], [23.8, 24.28, 24.84, 24.63, 24.91, 24.81, 23.73, 25.17], [25.05, 24.04, 23.28, 23.79, 24.85, 25.08, 24.84, 23.97], [23.29, 24.22, 23.93, 23.43, 23.39, 23.49, 23.59, 24.69], [23.94, 24.05, 24.38, 25.1, 24.69, 24.47, 24.67, 24.62]]}","{""smoke"": 0.012743, ""heat_grid"": 0.35968}",fire,1,0,2,0,0.053182,0.0,2,fire,0.5769,[],[],,3,alert,MODERATE,3,alert,True
[],"{""smoke"": 56.1819, ""heat_grid"": [[24.11, 24.56, 23.95, 24.08, 24.15, 23.52, 23.45, 24.6], [24.58, 24.59, 23.31, 23.92, 23.66, 24.82, 24.99, 23.76], [24.6, 23.53, 23.82, 23.55, 23.83, 24.62, 24.01, 23.67], [24.35, 24.67, 25.17, 24.49, 23.78, 24.52, 23.91, 25.22], [24.07, 24.64, 23.31, 24.07, 25.02, 24.49, 24.16, 25.14], [24.98, 23.91, 24.36, 24.25, 24.53, 23.94, 23.76, 25.09], [25.12, 24.95, 25.22, 24.76, 24.8, 24.79, 24.23, 24.18], [23.75, 24.56, 23.85, 23.78, 24.44, 24.09, 23.71, 24.9]]}","{""smoke"": 0.005618, ""heat_grid"": 0.300157}",none,0,0,0,0,0.0,0.0,0,clear,0.2835,[],[],,1,monitor,MINIMAL,1,monitor,True
"[""heat_grid"", ""smoke""]","{""smoke"": 0, ""heat_grid"": [[24.0, 24.0, 24.0, 24.0, 24.0, 24.0, 24.0, 24.0], [24.0, 24.0, 24.0, 24.0, 24.0, 24.0, 24.0, 24.0], [24.0, 24.0, 24.0, 24.0, 24.0, 24.0, 24.0, 24.0], [24.0, 24.0, 24.0, 24.0, 24.0, 24.0, 24.0, 24.0], [24.0, 24.0, 24.0, 24.0, 24.0, 24.0, 24.0, 24.0], [24.0, 24.0, 24.0, 24.0, 24.0, 24.0, 24.0, 24.0], [24.0, 24.0, 24.0, 24.0, 24.0, 24.0, 24.0, 24.0], [24.0, 24.0, 24.0, 24.0, 24.0, 24.0, 24.0, 24.0]]}","{""smoke"": -1, ""heat_grid"": -1}",fire,1,0,2,1,0.052809,0.049517,2,fire,0.4894,[],[],,3,alert,MODERATE,3,alert,True
"[""heat_grid"", ""smoke""]","{""smoke"": 1773.7138, ""heat_grid"": [[22.13, 23.32, 22.43, 21.49, 23.26, 21.66, 21.48, 21.47], [23.03, 21.68, 21.73, 23.26, 22.6, 21.95, 22.55, 21.86], [22.36, 22.04, 22.62, 22.89, 22.07, 21.66, 22.09, 22.89], [22.95, 22.95, 23.32, 23.02, 23.31, 22.63, 21.83, 22.59], [21.77, 21.55, 21.98, 22.1, 22.79, 22.1, 21.38, 23.21], [22.55, 21.8, 21.88, 21.62, 23.19, 21.84, 23.26, 21.9], [22.97, 21.4, 22.34, 22.11, 22.04, 23.36, 22.82, 21.89], [22.88, 21.63, 30.53, 22.23, 21.76, 21.92, 21.69, 23.24]]}","{""smoke"": 0.177371, ""heat_grid"": 0.381611}",fire,1,0,1,0,0.098484,0.0,1,fire,0.428,[],[],,4,"alert,suppress",HIGH,4,"alert,suppress",True
"[""heat_grid""]","{""smoke"": 126.4388, ""heat_grid"": [[22.57, 22.62, 24.35, 23.77, 23.92, 23.76, 22.77, 23.31], [24.01, 24.15, 22.89, 23.6, 22.73, 24.33, 22.92, 23.87], [22.87, 23.64, 23.73, 23.07, 24.05, 24.18, 24.12, 23.07], [23.9, 23.53, 23.6, 23.37, 23.61, 22.68, 23.23, 22.77], [22.97, 22.67, 22.84, 23.98, 27.36, 22.46, 23.99, 24.23], [24.17, 24.06, 24.4, 23.59, 24.34, 24.31, 23.04, 24.14], [24.0, 23.96, 24.21, 23.18, 23.21, 23.69, 23.89, 24.17], [24.16, 23.86, 24.33, 22.77, 24.31, 22.54, 23.52, 22.59]]}","{""smoke"": 0.012644, ""heat_grid"": 0.341956}",smoke,1,0,1,0,0.009489,0.0,1,fire,0.6889,[],[],,2,monitor,LOW,2,monitor,True
"[""heat_grid"", ""smoke""]","{""smoke"": 0, ""heat_grid"": [[24.0, 24.0, 24.0, 24.0, 24.0, 24.0, 24.0, 24.0], [24.0, 24.0, 24.0, 24.0, 24.0, 24.0, 24.0, 24.0], [24.0, 24.0, 24.0, 24.0, 24.0, 24.0, 24.0, 24.0], [24.0, 24.0, 24.0, 24.0, 24.0, 24.0, 24.0, 24.0], [24.0, 24.0, 24.0, 24.0, 24.0, 24.0, 24.0, 24.0], [24.0, 24.0, 24.0, 24.0, 24.0, 24.0, 24.0, 24.0], [24.0, 24.0, 24.0, 24.0, 24.0, 24.0, 24.0, 24.0], [24.0, 24.0, 24.0, 24.0, 24.0, 24.0, 24.0, 24.0]]}","{""smoke"": -1, ""heat_grid"": -1}",smoke,1,0,2,1,0.023459,0.044503,2,fire,0.3894,[],[],,3,alert,MODERATE,3,alert,True
"[""heat_grid""]","{""smoke"": 59.8845, ""heat_grid"": [[22.74, 23.12, 23.26, 22.38, 21.72, 22.56, 22.46, 21.98], [23.38, 23.54, 21.69, 23.18, 22.88, 22.11, 22.86, 21.85], [21.73, 23.58, 22.86, 22.1, 22.49, 23.49, 22.47, 23.39], [23.33, 22.28, 22.98, 22.91, 23.13, 22.32, 21.69, 21.93], [22.82, 23.14, 23.1, 22.76, 21.76, 21.62, 23.15, 22.69], [23.15, 21.92, 22.4, 23.43, 21.93, 21.71, 22.9, 27.32], [23.49, 23.4, 23.09, 21.63, 22.55, 23.38, 22.46, 23.51], [22.89, 21.81, 22.61, 22.98, 21.72, 22.28, 23.02, 21.9]]}","{""smoke"": 0.005988, ""heat_grid"": 0.341517}",smoke,0,0,0,0,0.0,0.0,0,clear,0.7139,[],[],,2,monitor,LOW,2,monitor,True
"[""heat_grid"", ""smoke""]","{""smoke"": 0, ""heat_grid"": [[24.0, 24.0, 24.0, 24.0, 24.0, 24.0, 24.0, 24.0], [24.0, 24.0, 24.0, 24.0, 24.0, 24.0, 24.0, 24.0], [24.0, 24.0, 24.0, 24.0, 24.0, 24.0, 24.0, 24.0], [24.0, 24.0, 24.0, 24.0, 24.0, 24.0, 24.0, 24.0], [24.0, 24.0, 24.0, 24.0, 24.0, 24.0, 24.0, 24.0], [24.0, 24.0, 24.0, 24.0, 24.0, 24.0, 24.0, 24.0], [24.0, 24.0, 24.0, 24.0, 24.0, 24.0, 24.0, 24.0], [24.0, 24.0, 24.0, 24.0, 24.0, 24.0, 24.0, 24.0]]}","{""smoke"": -1, ""heat_grid"": -1}",fire,1,0,2,0,0.118422,0.0,2,fire,0.4073,[],[],,4,"alert,suppress",HIGH,4,"alert,suppress",True
"[""heat_grid"", ""smoke""]","{""smoke"": 0, ""heat_grid"": [[24.0, 24.0, 24.0, 24.0, 24.0, 24.0, 24.0, 24.0], [24.0, 24.0, 24.0, 24.0, 24.0, 24.0, 24.0, 24.0], [24.0, 24.0, 24.0, 24.0, 24.0, 24.0, 24.0, 24.0], [24.0, 24.0, 24.0, 24.0, 24.0, 24.0, 24.0, 24.0], [24.0, 24.0, 24.0, 24.0, 24.0, 24.0, 24.0, 24.0], [24.0, 24.0, 24.0, 24.0, 24.0, 24.0, 24.0, 24.0], [24.0, 24.0, 24.0, 24.0, 24.0, 24.0, 24.0, 24.0], [24.0, 24.0, 24.0, 24.0, 24.0, 24.0, 24.0, 24.0]]}","{""smoke"": -1, ""heat_grid"": -1}",fire_smoke,1,0,2,2,0.030954,0.038551,2,fire,0.3018,[],[],,4,"alert,suppress",HIGH,4,"alert,suppress",True
"[""heat_grid"", ""smoke""]","{""smoke"": 0, ""heat_grid"": [[24.0, 24.0, 24.0, 24.0, 24.0, 24.0, 24.0, 24.0], [24.0, 24.0, 24.0, 24.0, 24.0, 24.0, 24.0, 24.0], [24.0, 24.0, 24.0, 24.0, 24.0, 24.0, 24.0, 24.0], [24.0, 24.0, 24.0, 24.0, 24.0, 24.0, 24.0, 24.0], [24.0, 24.0, 24.0, 24.0, 24.0, 24.0, 24.0, 24.0], [24.0, 24.0, 24.0, 24.0, 24.0, 24.0, 24.0, 24.0], [24.0, 24.0, 24.0, 24.0, 24.0, 24.0, 24.0, 24.0], [24.0, 24.0, 24.0, 24.0, 24.0, 24.0, 24.0, 24.0]]}","{""smoke"": -1, ""heat_grid"": -1}",fire_smoke,1,0,2,2,0.148196,0.058433,2,fire,0.6439,[],[],,5,"alert,suppress,evacuate",CRITICAL,5,"alert,suppress,evacuate",True
"[""heat_grid""]","{""smoke"": 0, ""heat_grid"": [[24.0, 24.0, 24.0, 24.0, 24.0, 24.0, 24.0, 24.0], [24.0, 24.0, 24.0, 24.0, 24.0, 24.0, 24.0, 24.0], [24.0, 24.0, 24.0, 24.0, 24.0, 24.0, 24.0, 24.0], [24.0, 24.0, 24.0, 24.0, 24.0, 24.0, 24.0, 24.0], [24.0, 24.0, 24.0, 24.0, 24.0, 24.0, 24.0, 24.0], [24.0, 24.0, 24.0, 24.0, 24.0, 24.0, 24.0, 24.0], [24.0, 24.0, 24.0, 24.0, 24.0, 24.0, 24.0, 24.0], [24.0, 24.0, 24.0, 24.0, 24.0, 24.0, 24.0, 24.0]]}","{""smoke"": -1, ""heat_grid"": -1}",smoke,1,0,1,0,0.084157,0.0,1,fire,0.6622,[],[],,3,alert,MODERATE,3,alert,True
"[""heat_grid"", ""smoke""]","{""smoke"": 0, ""heat_grid"": [[24.0, 24.0, 24.0, 24.0, 24.0, 24.0, 24.0, 24.0], [24.0, 24.0, 24.0, 24.0, 24.0, 24.0, 24.0, 24.0], [24.0, 24.0, 24.0, 24.0, 24.0, 24.0, 24.0, 24.0], [24.0, 24.0, 24.0, 24.0, 24.0, 24.0, 24.0, 24.0], [24.0, 24.0, 24.0, 24.0, 24.0, 24.0, 24.0, 24.0], [24.0, 24.0, 24.0, 24.0, 24.0, 24.0, 24.0, 24.0], [24.0, 24.0, 24.0, 24.0, 24.0, 24.0, 24.0, 24.0], [24.0, 24.0, 24.0, 24.0, 24.0, 24.0, 24.0, 24.0]]}","{""smoke"": -1, ""heat_grid"": -1}",fire,1,0,2,0,0.051496,0.0,2,fire,0.8063,[],[],,3,alert,MODERATE,3,alert,True
"[""heat_grid""]","{""smoke"": 39.2012, ""heat_grid"": [[23.48, 23.42, 22.74, 24.7, 23.94, 23.54, 23.82, 22.81], [23.08, 23.98, 23.76, 24.31, 24.05, 23.93, 24.36, 22.87], [24.11, 24.16, 23.28, 23.12, 23.16, 23.13, 23.78, 23.0], [24.05, 22.94, 22.79, 23.37, 23.12, 24.71, 23.34, 23.18], [23.12, 23.48, 23.94, 24.3, 23.46, 23.98, 23.7, 24.42], [23.87, 23.31, 24.14, 24.37, 23.66, 24.71, 24.49, 23.13], [24.3, 23.93, 23.8, 23.76, 28.69, 23.95, 23.81, 22.83], [23.63, 24.55, 24.15, 22.83, 24.5, 24.38, 23.82, 22.78]]}","{""smoke"": 0.00392, ""heat_grid"": 0.35868}",fire,0,0,0,0,0.0,0.0,0,clear,0.4922,[],[],,2,monitor,LOW,2,monitor,True
[],"{""smoke"": 82.6649, ""heat_grid"": [[22.13, 23.26, 23.61, 22.46, 23.98, 23.17, 22.47, 23.41], [22.5, 22.24, 23.48, 22.34, 22.33, 23.59, 22.22, 23.73], [23.48, 22.4, 23.15, 22.31, 23.38, 22.24, 24.0, 22.53], [23.48, 22.37, 22.53, 23.02, 23.26, 24.11, 22.17, 22.11], [22.81, 22.85, 23.88, 23.94, 23.88, 22.4, 22.94, 23.61], [22.74, 23.44, 22.59, 22.76, 23.83, 22.62, 24.04, 22.73], [22.16, 22.62, 22.46, 23.13, 22.34, 23.37, 23.86, 22.84], [22.45, 22.91, 23.69, 23.3, 22.32, 23.19, 23.05, 22.77]]}","{""smoke"": 0.008266, ""heat_grid"": 0.293527}",none,0,0,0,0,0.0,0.0,0,clear,0.4462,[],[],,1,monitor,MINIMAL,1,monitor,True
"[""heat_grid"", ""smoke""]","{""smoke"": 1835.0845, ""heat_grid"": [[23.99, 23.79, 23.02, 22.31, 24.02, 23.83, 23.16, 23.35], [22.67, 23.09, 22.59, 22.68, 23.95, 22.99, 23.89, 23.21], [22.4, 22.98, 22.58, 23.65, 24.08, 23.79, 23.82, 23.99], [23.82, 23.4, 23.69, 23.09, 22.4, 23.67, 23.71, 22.71], [24.17, 22.37, 23.73, 24.2, 22.88, 24.09, 23.91, 23.75], [24.17, 23.57, 23.25, 23.61, 23.09, 22.91, 22.43, 23.02], [23.87, 24.15, 24.21, 22.67, 23.4, 23.41, 22.61, 33.91], [22.99, 24.15, 22.77, 23.93, 24.06, 23.73, 22.69, 22.78]]}","{""smoke"": 0.183508, ""heat_grid"": 0.423887}",fire,0,1,0,0,0.0,0.0,0,hazy,0.3703,[],[],,4,"alert,suppress",HIGH,4,"alert,suppress",True
[],"{""smoke"": 27.423, ""heat_grid"": [[21.83, 22.41, 23.14, 22.97, 22.33, 21.87, 21.55, 22.38], [23.08, 22.91, 22.27, 22.64, 22.33, 22.61, 22.49, 22.82], [22.47, 23.33, 22.31, 21.49, 21.93, 22.45, 22.53, 22.56], [22.88, 22.0, 22.78, 22.86, 22.28, 22.26, 21.81, 22.28], [23.03, 23.27, 22.64, 22.05, 22.82, 22.93, 22.12, 23.11], [21.6, 21.48, 21.7, 21.77, 23.21, 22.3, 22.0, 22.31], [22.24, 22.06, 21.73, 22.77, 22.47, 23.0, 21.86, 22.92], [23.06, 21.7, 21.63, 23.35, 22.38, 22.71, 21.5, 22.01]]}","{""smoke"": 0.002742, ""heat_grid"": 0.280841}",none,0,0,0,0,0.0,0.0,0,clear,0.4272,[],[],,1,monitor,MINIMAL,1,monitor,True
"[""heat_grid"", ""smoke""]","{""smoke"": 0, ""heat_grid"": [[24.0, 24.0, 24.0, 24.0, 24.0, 24.0, 24.0, 24.0], [24.0, 24.0, 24.0, 24.0, 24.0, 24.0, 24.0, 24.0], [24.0, 24.0, 24.0, 24.0, 24.0, 24.0, 24.0, 24.0], [24.0, 24.0, 24.0, 24.0, 24.0, 24.0, 24.0, 24.0], [24.0, 24.0, 24.0, 24.0, 24.0, 24.0, 24.0, 24.0], [24.0, 24.0, 24.0, 24.0, 24.0, 24.0, 24.0, 24.0], [24.0, 24.0, 24.0, 24.0, 24.0, 24.0, 24.0, 24.0], [24.0, 24.0, 24.0, 24.0, 24.0, 24.0, 24.0, 24.0]]}","{""smoke"": -1, ""heat_grid"": -1}",fire_smoke,1,1,2,0,0.083692,0.0,2,fire,0.3364,[],[],,4,"alert,suppress",HIGH,4,"alert,suppress",True
"[""heat_grid""]","{""smoke"": 115.2645, ""heat_grid"": [[21.89, 23.64, 23.08, 23.51, 30.22, 22.58, 23.19, 22.69], [22.99, 22.43, 22.54, 22.04, 23.44, 22.57, 23.83, 22.4], [22.83, 22.49, 23.26, 23.49, 22.85, 22.61, 23.37, 22.26], [23.07, 23.34, 22.41, 23.19, 23.35, 22.11, 22.52, 22.69], [23.43, 23.01, 22.77, 22.51, 21.88, 21.92, 22.36, 22.11], [22.11, 23.08, 23.09, 21.97, 23.06, 22.17, 22.63, 23.86], [22.92, 21.94, 22.57, 23.22, 22.32, 23.8, 22.73, 21.92], [22.96, 23.23, 22.79, 23.73, 23.68, 22.15, 22.04, 22.5]]}","{""smoke"": 0.011526, ""heat_grid"": 0.377698}",fire,1,0,1,1,0.02809,0.071577,1,fire,0.4844,[],[],,3,alert,MODERATE,3,alert,True
"[""heat_grid""]","{""smoke"": 54.291, ""heat_grid"": [[23.65, 25.08, 28.08, 25.06, 25.03, 24.13, 24.84, 24.57], [24.26, 25.4, 23.99, 24.24, 25.22, 23.99, 23.72, 24.03], [24.93, 25.13, 23.64, 24.65, 24.55, 24.75, 24.75, 25.33], [24.1, 24.01, 24.57, 24.27, 24.36, 23.55, 23.71, 25.28], [23.55, 24.59, 24.92, 23.43, 23.86, 24.17, 24.42, 24.09], [24.71, 23.86, 23.46, 23.41, 24.1, 24.13, 25.31, 23.5], [24.47, 24.57, 24.81, 24.69, 23.43, 24.67, 24.06, 24.96], [23.79, 24.84, 24.66, 24.72, 23.76, 24.75, 24.88, 24.39]]}","{""smoke"": 0.005429, ""heat_grid"": 0.351005}",fire,1,0,1,0,0.020948,0.0,1,fire,0.7583,[],[],,2,monitor,LOW,2,monitor,True
"[""heat_grid"", ""smoke""]","{""smoke"": 802.422, ""heat_grid"": [[24.01, 23.97, 23.69, 24.39, 24.0, 24.8, 23.69, 23.92], [23.55, 23.51, 25.05, 25.24, 24.95, 25.15, 23.6, 25.22], [24.36, 24.96, 24.66, 24.12, 23.95, 23.66, 24.25, 24.41], [25.39, 23.5, 24.6, 24.47, 23.47, 24.08, 24.27, 24.41], [23.89, 23.49, 24.01, 25.1, 25.04, 23.79, 24.72, 25.27], [23.77, 23.68, 23.47, 23.77, 25.05, 25.05, 24.51, 24.09], [25.04, 23.81, 32.71, 23.6, 25.13, 24.85, 24.67, 24.88], [23.71, 24.19, 25.05, 25.26, 24.45, 23.67, 25.38, 24.21]]}","{""smoke"": 0.080242, ""heat_grid"": 0.408834}",fire_smoke,1,1,2,0,0.006452,0.0,2,fire,0.6622,[],[],,4,"alert,suppress",HIGH,4,"alert,suppress",True
"[""heat_grid""]","{""smoke"": 33.4848, ""heat_grid"": [[23.73, 22.52, 22.56, 23.65, 22.58, 22.04, 22.89, 22.05], [23.85, 23.31, 23.2, 22.43, 23.43, 23.38, 22.15, 23.79], [23.19, 23.61, 22.56, 22.27, 23.43, 23.62, 22.8, 22.08], [23.67, 22.44, 22.71, 23.29, 22.23, 22.17, 22.08, 23.86], [22.65, 23.35, 24.01, 23.37, 23.08, 23.07, 22.78, 23.23], [23.95, 27.62, 22.88, 22.69, 23.8, 22.3, 23.73, 22.54], [23.46, 23.64, 22.98, 22.41, 23.72, 22.76, 22.67, 23.05], [22.9, 23.4, 22.3, 22.9, 23.81, 22.1, 22.94, 23.35]]}","{""smoke"": 0.003348, ""heat_grid"": 0.345285}",none,1,0,1,0,0.037658,0.0,1,fire,0.7947,[],[],,2,monitor,LOW,2,monitor,True
[],"{""smoke"": 52.9746, ""heat_grid"": [[21.58, 23.23, 22.29, 23.24, 21.66, 22.44, 21.74, 21.84], [21.39, 21.57, 23.16, 21.97, 22.55, 22.26, 22.13, 22.39], [21.7, 23.31, 22.97, 22.81, 22.27, 21.64, 23.17, 22.01], [21.43, 22.01, 22.92, 22.57, 22.83, 22.92, 21.75, 23.18], [22.21, 22.61, 21.33, 23.32, 21.89, 21.45, 22.25, 21.59], [21.63, 22.59, 24.36, 23.17, 21.97, 22.78, 22.25, 22.65], [22.53, 22.27, 23.23, 22.01, 21.68, 22.69, 23.02, 21.41], [22.23, 23.11, 22.83, 23.31, 22.39, 22.65, 21.93, 23.22]]}","{""smoke"": 0.005297, ""heat_grid"": 0.30453}",none,0,0,0,0,0.0,0.0,0,clear,0.3977,[],[],,1,monitor,MINIMAL,1,monitor,True
[],"{""smoke"": 34.9004, ""heat_grid"": [[21.86, 22.12, 22.94, 23.12, 23.11, 23.37, 22.64, 22.36], [21.84, 22.23, 22.44, 22.17, 21.85, 22.13, 23.14, 23.07], [23.68, 23.41, 22.95, 22.09, 22.94, 21.94, 22.67, 22.59], [22.67, 22.37, 23.18, 23.49, 23.35, 23.07, 22.91, 21.87], [23.26, 22.9, 22.35, 22.47, 23.68, 23.06, 22.76, 23.05], [22.64, 22.75, 22.39, 22.69, 23.18, 21.89, 23.4, 22.38], [23.18, 23.1, 23.12, 23.03, 23.73, 22.83, 23.28, 23.22], [22.28, 22.38, 22.66, 22.37, 22.55, 22.59, 23.02, 22.25]]}","{""smoke"": 0.00349, ""heat_grid"": 0.286394}",none,0,0,0,0,0.0,0.0,0,clear,0.3375,[],[],,1,monitor,MINIMAL,1,monitor,True
[],"{""smoke"": 17.6402, ""heat_grid"": [[22.23, 23.35, 23.7, 22.76, 21.86, 22.3, 22.09, 23.46], [21.95, 23.71, 22.96, 22.81, 23.47, 21.83, 23.33, 22.01], [23.46, 22.84, 21.9, 23.45, 21.83, 22.06, 23.37, 22.71], [23.54, 23.05, 24.83, 22.36, 22.05, 23.7, 21.99, 22.84], [22.32, 22.31, 22.97, 23.37, 23.33, 23.52, 22.36, 22.71], [21.8, 23.27, 22.38, 22.9, 22.12, 23.42, 23.41, 23.53], [21.87, 23.76, 22.27, 22.4, 22.28, 22.31, 22.88, 22.26], [22.57, 23.09, 23.45, 23.16, 22.97, 22.07, 23.41, 21.85]]}","{""smoke"": 0.001764, ""heat_grid"": 0.310369}",none,0,0,0,0,0.0,0.0,0,clear,0.2614,[],[],,1,monitor,MINIMAL,1,monitor,True
"[""heat_grid"", ""smoke""]","{""smoke"": 612.8824, ""heat_grid"": [[24.11, 22.69, 24.43, 24.29, 24.44, 24.13, 23.1, 23.67], [22.75, 24.02, 22.82, 24.24, 22.99, 22.83, 22.65, 23.93], [22.88, 22.9, 22.85, 23.12, 24.39, 23.48, 23.03, 22.85], [22.55, 23.24, 22.73, 22.56, 22.72, 23.15, 24.01, 22.64], [23.87, 23.75, 24.27, 22.88, 24.1, 24.24, 24.46, 24.13], [22.76, 24.4, 24.14, 22.93, 22.84, 29.99, 22.82, 24.06], [23.32, 23.96, 22.69, 23.96, 23.53, 24.31, 22.89, 22.73], [22.9, 22.67, 24.47, 22.76, 22.91, 24.13, 23.0, 22.95]]}","{""smoke"": 0.061288, ""heat_grid"": 0.374915}",fire,1,0,1,0,0.076016,0.0,1,fire,0.683,[],[],,3,alert,MODERATE,3,alert,True
"[""heat_grid"", ""smoke""]","{""smoke"": 0, ""heat_grid"": [[24.0, 24.0, 24.0, 24.0, 24.0, 24.0, 24.0, 24.0], [24.0, 24.0, 24.0, 24.0, 24.0, 24.0, 24.0, 24.0], [24.0, 24.0, 24.0, 24.0, 24.0, 24.0, 24.0, 24.0], [24.0, 24.0, 24.0, 24.0, 24.0, 24.0, 24.0, 24.0], [24.0, 24.0, 24.0, 24.0, 24.0, 24.0, 24.0, 24.0], [24.0, 24.0, 24.0, 24.0, 24.0, 24.0, 24.0, 24.0], [24.0, 24.0, 24.0, 24.0, 24.0, 24.0, 24.0, 24.0], [24.0, 24.0, 24.0, 24.0, 24.0, 24.0, 24.0, 24.0]]}","{""smoke"": -1, ""heat_grid"": -1}",fire_smoke,1,0,2,0,0.02874,0.0,2,fire,0.779,[],[],,4,"alert,suppress",HIGH,4,"alert,suppress",True
[],"{""smoke"": 0.9436, ""heat_grid"": [[24.12, 24.44, 24.24, 24.35, 23.42, 25.08, 25.11, 24.38], [24.4, 23.4, 24.48, 24.15, 24.71, 23.38, 24.71, 23.86], [24.59, 24.54, 23.74, 24.17, 24.96, 24.5, 23.43, 24.17], [23.91, 24.57, 24.52, 23.31, 24.5, 24.76, 24.83, 23.41], [24.74, 24.13, 23.65, 24.13, 23.43, 23.51, 24.63, 23.81], [24.71, 23.38, 24.41, 24.07, 24.88, 24.86, 24.04, 24.53], [23.74, 24.45, 23.45, 24.16, 23.65, 25.05, 24.18, 24.47], [24.01, 23.87, 23.69, 25.11, 24.89, 23.55, 24.78, 24.13]]}","{""smoke"": 9.4e-05, ""heat_grid"": 0.309231}",none,0,0,0,0,0.0,0.0,0,clear,0.3557,[],[],,1,monitor,MINIMAL,1,monitor,True
